ZIP_Code,county,lat,lon,risk_score_2026,pred_tier,confidence,fire_risk_mean,fire_risk_trend,loss_ratio_mean,prem_per_pol,tier_id,risk_tier
96010,Lassen County,40.72000000000002,-120.63000000000008,0.999836472427854,Extreme,0.9587552463749938,2.935,0.6699999999999999,5.395605908617061,1595.374068901725,4.0,Extreme
95923,Butte County,39.67,-121.59999999999992,0.9987497990769455,Extreme,0.9907676607186948,2.87,0.11000000000000032,4.826919164950288,1573.338036185628,4.0,Extreme
95934,Butte County,39.67,-121.59999999999992,0.9960349014873113,Extreme,0.9896427024692473,2.2375,0.06999999999999984,16.003389935822923,1526.5299278181628,4.0,Extreme
96001,Lassen County,40.72000000000002,-120.63000000000008,0.9952956827628707,Extreme,0.9923528949291348,0.9349999999999999,0.050000000000000044,7.834884114601321,1174.6719647302587,4.0,Extreme
96039,Lassen County,40.72000000000002,-120.63000000000008,0.9938354768273221,Extreme,0.9961650670902034,2.6925,-0.009999999999999787,10.8556277603192,1307.0208874786604,4.0,Extreme
95720,Sacramento County,38.45000000000002,-121.34000000000005,0.9869001598430874,Extreme,0.9893360571748608,2.63,0.020000000000000018,4.531463242825544,1355.7301826438143,4.0,Extreme
96136,Shasta County,40.76,-122.04,0.9866553757154473,Extreme,0.9281102251505758,1.4825,0.74,15.759678984037393,1734.831617647059,4.0,Extreme
95636,Sacramento County,38.45000000000002,-121.34000000000005,0.9826422942739748,Extreme,0.986586592260614,2.835,0.040000000000000036,33.98992052650276,1195.7216954193034,4.0,Extreme
96003,Lassen County,40.72000000000002,-120.63000000000008,0.9815380033496601,Extreme,0.9741465718611686,1.0875,0.04999999999999982,5.459887068665355,1176.243426660721,4.0,Extreme
93602,Fresno County,36.76,-119.65999999999995,0.9803152025846469,Extreme,0.9796136995222828,2.6574999999999998,0.040000000000000036,8.413416964844526,1473.7240269782465,4.0,Extreme
96047,Lassen County,40.72000000000002,-120.63000000000008,0.9786547820955184,Extreme,0.9816215189882678,2.2125,0.0,21.87520882385451,1640.747584733051,4.0,Extreme
95986,Butte County,39.67,-121.59999999999992,0.9768236022758832,Extreme,0.9521257295842446,3.14,0.8599999999999999,0.0,1315.5052822564433,3.0,High
95060,Santa Clara County,37.22000000000002,-121.69000000000004,0.9762817693486033,Extreme,0.9856055758810691,1.0925,0.06000000000000005,4.980015732716306,1297.0450535925875,4.0,Extreme
95631,Sacramento County,38.45000000000002,-121.34000000000005,0.9756246734699253,Extreme,0.9666317868033685,2.86,0.10000000000000009,0.1772830475480238,1177.7427635581987,3.0,High
96033,Lassen County,40.72000000000002,-120.63000000000008,0.9742906821725544,Extreme,0.9973885046207107,2.485,-0.2200000000000002,16.549336650082918,1623.2009409147076,4.0,Extreme
95251,Alameda County,37.64999999999999,-121.90999999999995,0.9736766788816771,Extreme,0.9899310248230772,2.8075,-0.009999999999999787,0.0,1468.6947807055142,3.0,High
95017,Santa Clara County,37.22000000000002,-121.69000000000004,0.973437189123897,Extreme,0.9619452472911172,1.185,0.09999999999999987,47.40041773477554,1623.5752057045572,4.0,Extreme
95954,Butte County,39.67,-121.59999999999992,0.9725695371336982,Extreme,0.9830466653909798,2.65,-0.050000000000000266,29.739912593525997,1232.800262349633,4.0,Extreme
95417,Sonoma County,38.52999999999998,-122.92999999999998,0.9708834694239664,Extreme,0.9497398995075511,2.005,0.1499999999999999,4.5878091280120765,1792.4175511723947,4.0,Extreme
95441,Sonoma County,38.52999999999998,-122.92999999999998,0.9683106629950003,Extreme,0.9716235369650859,1.5950000000000002,0.0,7.7692625719893185,2014.6464925004277,4.0,Extreme
95007,Santa Clara County,37.22000000000002,-121.69000000000004,0.9682319598933843,Extreme,0.9973541703246279,2.5475,-0.28000000000000025,5.509349631574304,1623.7433207017593,4.0,Extreme
95688,Sacramento County,38.45000000000002,-121.34000000000005,0.9678320507535835,Extreme,0.9492068418036474,0.5625,0.16000000000000003,5.586707088863886,1167.8782705989643,4.0,Extreme
95962,Butte County,39.67,-121.59999999999992,0.9676753929514889,Extreme,0.9725239647293678,2.6825,0.10999999999999988,3.1910451418312484,1638.5433512314653,4.0,Extreme
95633,Sacramento County,38.45000000000002,-121.34000000000005,0.9674716297797485,Extreme,0.9823829572126573,2.8475,-0.06999999999999984,0.012523151299389915,1372.7112407264942,3.0,High
95736,Sacramento County,38.45000000000002,-121.34000000000005,0.9658806179114159,Extreme,0.9929313239484555,2.7199999999999998,-0.16999999999999993,0.0,1699.5094673258905,3.0,High
96058,Lassen County,40.72000000000002,-120.63000000000008,0.9648499268694228,Extreme,0.9319121271948428,1.52,0.3899999999999999,2.7057792480312046,1086.7890474868968,3.0,High
95552,Humboldt County,40.710000000000015,-123.92999999999996,0.9639768691528551,Extreme,0.9940761324034875,2.6075,-0.28000000000000025,14.384958503940474,1330.504243598238,4.0,Extreme
95321,Santa Clara County,37.22000000000002,-121.69000000000004,0.963822272036445,Extreme,0.9724190480837136,2.8825,-0.020000000000000018,0.146330691210191,1395.8333229529903,3.0,High
95947,Butte County,39.67,-121.59999999999992,0.9633667363922463,Extreme,0.9834681528623397,2.05,-0.19999999999999996,25.68079266542947,1484.3812339437266,4.0,Extreme
94567,Contra Costa County,37.919999999999995,-121.94999999999996,0.9623993926333572,Extreme,0.9682624555898085,3.035,-0.06999999999999984,6.009838009029191,1853.2794082237228,4.0,Extreme
95634,Sacramento County,38.45000000000002,-121.34000000000005,0.962369965249444,Extreme,0.9595305655239236,2.8525,0.08999999999999986,0.029786564624002053,1411.4181719895728,3.0,High
95928,Butte County,39.67,-121.59999999999992,0.9622547168099057,Extreme,0.9804554638834739,0.7,0.040000000000000036,4.311699199733076,1113.5386148388038,4.0,Extreme
95925,Butte County,39.67,-121.59999999999992,0.9619049935964752,Extreme,0.9593311396136175,2.875,0.18999999999999995,0.0,1446.1517319203745,3.0,High
95485,Sonoma County,38.52999999999998,-122.92999999999998,0.9608708349725834,Extreme,0.9545801683663586,1.2825,0.06999999999999984,6.414967847839059,1339.2923677382578,4.0,Extreme
95916,Butte County,39.67,-121.59999999999992,0.9607132371364717,Extreme,0.9969863857488231,2.7875,-0.3500000000000001,33.153688929964865,1519.9387062505211,4.0,Extreme
95935,Butte County,39.67,-121.59999999999992,0.9607061479140032,Extreme,0.9828941040373836,2.6774999999999998,-0.16999999999999993,0.0,1367.7977504214637,3.0,High
95942,Butte County,39.67,-121.59999999999992,0.9590948515496351,Extreme,0.9676275257502118,2.8225000000000002,0.1200000000000001,0.22036452345697324,1631.785112499363,3.0,High
95563,Humboldt County,40.710000000000015,-123.92999999999996,0.957512616578436,Extreme,0.9902634968932922,2.8,-0.29000000000000004,0.0,1668.5904426634456,3.0,High
95656,Sacramento County,38.45000000000002,-121.34000000000005,0.9570413657292601,Extreme,0.9665954956480869,2.8049999999999997,-0.020000000000000018,0.20946144636518305,1949.9618911580683,3.0,High
95975,Butte County,39.67,-121.59999999999992,0.9570131629329508,Extreme,0.957299252657196,2.885,0.03000000000000025,0.0,1450.469882046255,3.0,High
95493,Sonoma County,38.52999999999998,-122.92999999999998,0.9564668703137125,Extreme,0.9685073262310844,1.44,-0.1200000000000001,10.298028962188255,1649.537088610743,4.0,Extreme
94576,Contra Costa County,37.919999999999995,-121.94999999999996,0.9558017009064699,Extreme,0.963174633488828,2.7725,-0.11000000000000032,22.643566568149012,2827.672488567232,4.0,Extreme
95559,Humboldt County,40.710000000000015,-123.92999999999996,0.954504384179158,Extreme,0.9879055298569328,2.8,-0.2999999999999998,0.0,1881.925,3.0,High
96107,Shasta County,40.76,-122.04,0.9536952321819323,Extreme,0.9683467528356969,1.81,-0.20999999999999996,21.433767699513037,1248.500824350729,4.0,Extreme
96087,Lassen County,40.72000000000002,-120.63000000000008,0.9526832782353398,Extreme,0.9918507286781731,2.1775,-0.38000000000000034,34.837504430083136,1427.2481551644246,4.0,Extreme
93605,Fresno County,36.76,-119.65999999999995,0.9526765663551645,Extreme,0.9745926058983156,3.0100000000000002,-0.22999999999999998,20.583466642114832,1537.5589891041418,4.0,Extreme
96124,Shasta County,40.76,-122.04,0.9523106122119619,Extreme,0.9735345665229992,2.4125,-0.06000000000000005,0.0,1470.8893634551127,3.0,High
95717,Sacramento County,38.45000000000002,-121.34000000000005,0.9520977088039168,Extreme,0.9712904908407144,2.9225000000000003,-0.06000000000000005,0.0,1636.8799233560514,3.0,High
95635,Sacramento County,38.45000000000002,-121.34000000000005,0.9516181728614044,Extreme,0.9653604899752971,2.895,0.020000000000000018,0.2062750921882276,1398.7479131064833,3.0,High
96109,Shasta County,40.76,-122.04,0.9503977314394556,Extreme,0.9678970635465246,1.8875,-0.04999999999999982,3.027830463387376,1535.1385162855559,3.0,High
96120,Shasta County,40.76,-122.04,0.9503926813688339,Extreme,0.9830254396414054,2.5375,-0.26000000000000023,0.517648885018251,1848.3782126290942,3.0,High
95429,Sonoma County,38.52999999999998,-122.92999999999998,0.9487717235124181,Extreme,0.985204486280264,2.805,-0.2999999999999998,0.0,1416.582140899429,3.0,High
95556,Humboldt County,40.710000000000015,-123.92999999999996,0.9485751052912959,Extreme,0.9889773690653018,2.8274999999999997,-0.41999999999999993,4.471324383995459,1441.1970145819269,4.0,Extreme
95936,Butte County,39.67,-121.59999999999992,0.9480006906811712,Extreme,0.9774561268420138,2.825,-0.08999999999999986,0.0,1602.9065645891296,3.0,High
95922,Butte County,39.67,-121.59999999999992,0.9471532518523506,Extreme,0.9765048864596511,2.9475000000000002,-0.020000000000000018,0.0,1949.5439590299445,3.0,High
95651,Sacramento County,38.45000000000002,-121.34000000000005,0.9468039537005657,Extreme,0.9653892269825538,2.5100000000000002,-0.06999999999999984,0.0,1651.3239881333993,3.0,High
95432,Sonoma County,38.52999999999998,-122.92999999999998,0.9464766842409216,Extreme,0.9786075543830488,2.16,-0.14000000000000012,1.3761614696124345,1784.7184925223496,3.0,High
95228,Alameda County,37.64999999999999,-121.90999999999995,0.9461282124174406,Extreme,0.9720513217236022,1.88,-0.17999999999999994,0.1738681615479873,1404.8571303543204,3.0,High
96013,Lassen County,40.72000000000002,-120.63000000000008,0.9459638329125558,Extreme,0.9567331188971399,1.8775,0.04999999999999982,0.165104410932772,1140.1627434981665,3.0,High
96076,Lassen County,40.72000000000002,-120.63000000000008,0.9458754661654374,Extreme,0.9589038271120767,2.835,0.3500000000000001,0.0,1591.904504953376,3.0,High
95735,Sacramento County,38.45000000000002,-121.34000000000005,0.9456529051175115,Extreme,0.9910343662233508,2.5949999999999998,-0.4700000000000002,18.93533850157118,1432.8139674358101,4.0,Extreme
95454,Sonoma County,38.52999999999998,-122.92999999999998,0.9452842200974565,Extreme,0.9554898152664073,2.41,0.050000000000000266,0.42868217832166455,1555.536847823541,3.0,High
95426,Sonoma County,38.52999999999998,-122.92999999999998,0.9450056242222035,Extreme,0.974217036297109,2.44,-0.020000000000000018,0.13045718100916537,1371.9267390036814,3.0,High
95956,Butte County,39.67,-121.59999999999992,0.9443920399228363,Extreme,0.9559235056750451,2.5325,0.08999999999999986,1.0665801823800984,1731.409153891609,3.0,High
96091,Lassen County,40.72000000000002,-120.63000000000008,0.9439347021221255,Extreme,0.9603176296658023,2.92,-0.11000000000000032,4.576197966344396,1458.583786187566,4.0,Extreme
95247,Alameda County,37.64999999999999,-121.90999999999995,0.9434848322748689,Extreme,0.9654053302667183,2.5300000000000002,0.06000000000000005,0.009049732463175118,1548.504394989451,3.0,High
96105,Shasta County,40.76,-122.04,0.9429313360422978,Extreme,0.9767749794858741,2.335,-0.3400000000000003,2.883882788814989,1725.756289549125,3.0,High
95006,Santa Clara County,37.22000000000002,-121.69000000000004,0.9426763754642457,Extreme,0.9802833509115206,2.4050000000000002,-0.3999999999999999,12.46258854048025,1393.3065927530565,4.0,Extreme
96044,Lassen County,40.72000000000002,-120.63000000000008,0.9416329401036488,Extreme,0.9461785117173626,1.605,0.19999999999999996,3.278702640642939,1313.7115509617968,3.0,High
95310,Santa Clara County,37.22000000000002,-121.69000000000004,0.9414675890220792,Extreme,0.9754436696566217,2.79,-0.31000000000000005,0.0015037663809046213,1436.4157711733717,3.0,High
96025,Lassen County,40.72000000000002,-120.63000000000008,0.9414320485260169,Extreme,0.9563412544383487,2.585,0.0,0.21460324922394158,1187.0795701041582,3.0,High
94938,Marin County,38.049999999999976,-122.75,0.9413108977157294,Extreme,0.9834487741060807,2.3975,-0.31000000000000005,0.20418002073409539,1736.480260755426,3.0,High
96046,Lassen County,40.72000000000002,-120.63000000000008,0.9408655814749974,Extreme,0.9816912386192816,2.68,-0.2599999999999998,0.0,2033.051993353102,3.0,High
95709,Sacramento County,38.45000000000002,-121.34000000000005,0.9408276508268721,Extreme,0.9721141564481734,2.59,-0.2400000000000002,0.49422442824209056,1470.8159169793425,3.0,High
95684,Sacramento County,38.45000000000002,-121.34000000000005,0.9405008159769332,Extreme,0.9758637262702399,2.7975000000000003,-0.20999999999999996,0.8024170724498719,1704.0663319316295,3.0,High
95410,Sonoma County,38.52999999999998,-122.92999999999998,0.9403987057955249,Extreme,0.9733985841464551,2.3275,-0.2400000000000002,0.5800188379020876,1491.6204029063983,3.0,High
94515,Contra Costa County,37.919999999999995,-121.94999999999996,0.9401756887059078,Extreme,0.9215994066115579,1.3199999999999998,0.19999999999999996,5.4456225863457925,1959.123151512389,4.0,Extreme
95450,Sonoma County,38.52999999999998,-122.92999999999998,0.9400428323594022,Extreme,0.9780500147479962,2.4325,-0.26000000000000023,0.33459213987499176,1732.3111647389164,3.0,High
95715,Sacramento County,38.45000000000002,-121.34000000000005,0.9396910640413983,Extreme,0.9604424708239049,2.91,-0.06000000000000005,0.0,1464.9288742648762,3.0,High
95960,Butte County,39.67,-121.59999999999992,0.9383176880664061,Extreme,0.9546134090012134,2.8025,0.11000000000000032,0.2275842601313996,1736.0794918894621,3.0,High
95314,Santa Clara County,37.22000000000002,-121.69000000000004,0.9378617823484235,Extreme,0.93992314602567,3.0,0.0,40.428139269406394,1830.156435807091,4.0,Extreme
95409,Sonoma County,38.52999999999998,-122.92999999999998,0.9372111238131471,Extreme,0.9522559814628972,0.9125,0.019999999999999907,6.418134059408534,1208.9493479441708,4.0,Extreme
95372,Santa Clara County,37.22000000000002,-121.69000000000004,0.9364935226345833,Extreme,0.9570065332566399,2.7675,-0.18000000000000016,0.017953426631591163,1176.9472909853698,3.0,High
95712,Sacramento County,38.45000000000002,-121.34000000000005,0.9362955282099107,Extreme,0.9691184778400348,2.3925,-0.3700000000000001,6.550723666577325,1546.711115168894,4.0,Extreme
95041,Santa Clara County,37.22000000000002,-121.69000000000004,0.9358590440076967,Extreme,0.985069449530348,2.5925,-0.6000000000000001,4.145882733860138,1397.3508584333395,4.0,Extreme
95939,Butte County,39.67,-121.59999999999992,0.935655696981381,Extreme,0.9463299817898321,1.5274999999999999,-0.15000000000000013,8.92885710883071,1352.6000690870917,4.0,Extreme
94021,San Francisco County,37.73000000000001,-123.03000000000009,0.9354269989120007,Extreme,0.9787909013827639,2.635,-0.31999999999999984,0.3598162815482246,1880.3437412112946,3.0,High
95553,Humboldt County,40.710000000000015,-123.92999999999996,0.9352003019522207,Extreme,0.9807167916123702,2.6025,-0.46999999999999975,0.0,1501.7333653511776,3.0,High
96155,Shasta County,40.76,-122.04,0.935187381476732,Extreme,0.9671386900953804,2.0325,-0.3600000000000001,8.098721347930208,1435.7192403247254,4.0,Extreme
95248,Alameda County,37.64999999999999,-121.90999999999995,0.9346399892789173,Extreme,0.9573872635126637,2.8225000000000002,0.040000000000000036,0.0,1875.620419508943,3.0,High
96114,Shasta County,40.76,-122.04,0.934125698308077,Extreme,0.9831428481231326,1.98,-0.07999999999999985,1.7995075652102237,1675.193153457288,3.0,High
95255,Alameda County,37.64999999999999,-121.90999999999995,0.93403023724937,Extreme,0.9671340168322217,2.8025,0.20999999999999996,0.1513590523347239,1264.7448972365564,3.0,High
95542,Humboldt County,40.710000000000015,-123.92999999999996,0.9326601532398113,Extreme,0.9857537066727433,2.7824999999999998,-0.1200000000000001,0.0,2121.7921810206212,3.0,High
95721,Sacramento County,38.45000000000002,-121.34000000000005,0.9321833872599727,Extreme,0.9553126426801887,2.545,-0.31000000000000005,26.075854402383946,1325.9476135306252,4.0,Extreme
93208,Kern County,35.35000000000001,-118.73000000000002,0.9319956546684744,Extreme,0.9660243862120471,2.7625,-0.41000000000000014,8.301260354502539,1041.1032137058285,4.0,Extreme
95595,Humboldt County,40.710000000000015,-123.92999999999996,0.9319853952190671,Extreme,0.9411550544431219,2.6375,0.010000000000000231,3.198042761979801,2586.085248325162,3.0,High
96041,Lassen County,40.72000000000002,-120.63000000000008,0.9319723890552731,Extreme,0.9604935605854841,2.15,-0.03000000000000025,0.548174475924434,1260.1810277385478,3.0,High
95461,Sonoma County,38.52999999999998,-122.92999999999998,0.9311761608020324,Extreme,0.9511346154767039,1.9249999999999998,0.030000000000000027,0.7630892279864527,1358.5694359188647,3.0,High
95554,Humboldt County,40.710000000000015,-123.92999999999996,0.9310311715849371,Extreme,0.9871029580356302,2.6775,-0.16999999999999993,0.0,1905.7518661041872,3.0,High
95463,Sonoma County,38.52999999999998,-122.92999999999998,0.9305706069984785,Extreme,0.9387916614135051,2.1725000000000003,0.10999999999999988,0.0,1528.4781982172656,3.0,High
95918,Butte County,39.67,-121.59999999999992,0.9304419846340112,Extreme,0.9551612100946465,2.0975,-0.020000000000000018,0.6256178087365383,1748.508977043694,3.0,High
96142,Shasta County,40.76,-122.04,0.9303917149496794,Extreme,0.9523177401434121,2.1925,0.09999999999999964,0.5511839069749946,1889.4185791572686,3.0,High
94574,Contra Costa County,37.919999999999995,-121.94999999999996,0.9296771384038465,Extreme,0.9598024427822389,1.2875,0.09000000000000008,11.936763001799326,2785.7285474827845,4.0,Extreme
96143,Shasta County,40.76,-122.04,0.9294945374218704,Extreme,0.962100759977487,2.525,-0.18000000000000016,0.04141091757635694,1761.2106812826012,3.0,High
96050,Lassen County,40.72000000000002,-120.63000000000008,0.9293212079567056,Extreme,0.9536119765253923,2.59,-0.15000000000000036,0.0,1809.6101376782105,3.0,High
95545,Humboldt County,40.710000000000015,-123.92999999999996,0.9292230458602969,Extreme,0.9820873068468021,2.5525,-0.46999999999999975,0.0,2132.556975002469,3.0,High
96148,Shasta County,40.76,-122.04,0.9281873069712693,Extreme,0.9501372371623515,2.2225,-0.03999999999999959,0.5285444238440646,2012.3618970117152,3.0,High
95949,Butte County,39.67,-121.59999999999992,0.9278639932056701,Extreme,0.9610859012954348,2.6325,-0.17999999999999972,0.3991893836716568,1420.6557323204142,3.0,High
95379,Santa Clara County,37.22000000000002,-121.69000000000004,0.9275792369834018,Extreme,0.9429647062920012,2.4475,0.040000000000000036,0.01173194319862381,1147.4057166198343,3.0,High
95456,Sonoma County,38.52999999999998,-122.92999999999998,0.9271385804984986,Extreme,0.951120051273772,2.43,-0.050000000000000266,0.0,1901.856188974834,3.0,High
95614,Sacramento County,38.45000000000002,-121.34000000000005,0.9265874273693748,Extreme,0.9515008697182514,2.4475,-0.18000000000000016,0.0067024959811082885,1388.999778223566,3.0,High
95436,Sonoma County,38.52999999999998,-122.92999999999998,0.9257122605711373,Extreme,0.9642729825445044,1.9125,-0.16999999999999993,0.16760255413404673,1120.1892436187054,3.0,High
95526,Humboldt County,40.710000000000015,-123.92999999999996,0.92568501903705,Extreme,0.9704186833602516,2.565,-0.45999999999999996,6.771763427668379,1270.0685734369827,4.0,Extreme
95233,Alameda County,37.64999999999999,-121.90999999999995,0.9255525461874314,Extreme,0.9528772028230087,3.0275,0.2400000000000002,2.1102826190259276,1354.43160277382,3.0,High
95977,Butte County,39.67,-121.59999999999992,0.924523509895466,Extreme,0.9755787447718727,2.2175,-0.28000000000000025,0.08908513086518968,1437.3224109055418,3.0,High
95232,Alameda County,37.64999999999999,-121.90999999999995,0.9244943048479303,Extreme,0.9586121246997047,2.5025,0.08000000000000007,0.0,1464.066728145542,3.0,High
96088,Lassen County,40.72000000000002,-120.63000000000008,0.9242366258652815,Extreme,0.9499043393892227,2.3449999999999998,0.020000000000000018,0.17769330180413767,1460.5954019391543,3.0,High
95665,Sacramento County,38.45000000000002,-121.34000000000005,0.9242308424388093,Extreme,0.9624378050639607,2.8575,-0.04999999999999982,0.0,1343.6200277338169,3.0,High
95666,Sacramento County,38.45000000000002,-121.34000000000005,0.9241134689013019,Extreme,0.9635114757018334,2.9450000000000003,0.06000000000000005,0.1298490556512949,1274.9085190980763,3.0,High
95713,Sacramento County,38.45000000000002,-121.34000000000005,0.9236675166098225,Extreme,0.9643454973218634,2.6925,-0.04999999999999982,0.9947752140587615,1416.8113214427942,3.0,High
95550,Humboldt County,40.710000000000015,-123.92999999999996,0.9230544026719179,Extreme,0.9549037879902452,2.9074999999999998,-0.25,0.0,1305.075892857143,3.0,High
96085,Lassen County,40.72000000000002,-120.63000000000008,0.9230006501649507,Extreme,0.9331989166977305,2.9074999999999998,0.3400000000000003,0.0472781217750258,1317.1913847231767,3.0,High
95467,Sonoma County,38.52999999999998,-122.92999999999998,0.9229501279154009,Extreme,0.9519853122135131,1.8175000000000001,0.020000000000000018,0.6836127606274676,1271.339348725804,3.0,High
95629,Sacramento County,38.45000000000002,-121.34000000000005,0.9228995536965423,Extreme,0.9556429891358684,2.565,-0.10999999999999988,0.0,1818.9292234791842,3.0,High
96020,Lassen County,40.72000000000002,-120.63000000000008,0.922398288900683,Extreme,0.9521129849827618,1.9975,-0.05999999999999983,2.7535179760540966,1476.8333001852943,3.0,High
95714,Sacramento County,38.45000000000002,-121.34000000000005,0.9218681058955756,Extreme,0.9705155378465325,2.7975000000000003,-0.27,0.0,1495.4785790288613,3.0,High
95972,Butte County,39.67,-121.59999999999992,0.9209324866578386,Extreme,0.9756582239847927,2.7199999999999998,-0.43000000000000016,0.10798735221336266,1245.4655383242937,3.0,High
95944,Butte County,39.67,-121.59999999999992,0.9205356882849685,Extreme,0.9606729168477429,2.8,0.1499999999999999,0.0,1245.158941178453,3.0,High
95527,Humboldt County,40.710000000000015,-123.92999999999996,0.9198758963363676,Extreme,0.9567611669894962,3.0324999999999998,0.22999999999999998,2.0498448161842067,1719.244793896918,3.0,High
95543,Humboldt County,40.710000000000015,-123.92999999999996,0.919222694902437,Extreme,0.9581008858771546,2.3125,-0.07000000000000028,1.3718788320389557,1241.1113187154647,3.0,High
95329,Santa Clara County,37.22000000000002,-121.69000000000004,0.9190027757957451,Extreme,0.9616912817614145,2.0475,-0.050000000000000266,0.4911524813430131,1214.1250220701825,3.0,High
96069,Lassen County,40.72000000000002,-120.63000000000008,0.9185556032932076,Extreme,0.9663368752974957,2.205,0.06999999999999984,1.1186525422540805,1884.1955742568211,3.0,High
95941,Butte County,39.67,-121.59999999999992,0.91735480226217,Extreme,0.945528766619033,2.565,-0.2799999999999998,0.04402869470662253,1465.7081706595125,3.0,High
94937,Marin County,38.049999999999976,-122.75,0.9166078975894301,Extreme,0.9708668962990024,2.705,-0.20999999999999996,0.2306095780022012,2151.0563416340487,3.0,High
95644,Sacramento County,38.45000000000002,-121.34000000000005,0.916500130459814,Extreme,0.8644432335925507,2.0,1.0,0.0,579.9494949494949,3.0,High
93634,Fresno County,36.76,-119.65999999999995,0.9162781349439747,Extreme,0.9601782294688584,2.5100000000000002,-0.7399999999999998,13.134279404211608,1371.442982237971,4.0,Extreme
95427,Sonoma County,38.52999999999998,-122.92999999999998,0.9162652057755653,Extreme,0.92172767541943,2.0825,0.24,0.9405416950232404,1839.9458198254279,3.0,High
94930,Marin County,38.049999999999976,-122.75,0.9160124106659407,Extreme,0.9582427743429294,2.0425,-0.32000000000000006,0.10935061496145937,1506.9063845937003,3.0,High
95571,Humboldt County,40.710000000000015,-123.92999999999996,0.9148470395311454,Extreme,0.96095955034868,2.5275,-0.25,0.0,1120.8740505424676,3.0,High
96014,Lassen County,40.72000000000002,-120.63000000000008,0.9147921145190536,Extreme,0.9406547289945736,2.0875,0.13000000000000034,0.0,1502.6215924509215,3.0,High
95965,Butte County,39.67,-121.59999999999992,0.9137894677756808,Extreme,0.9414408745505741,0.7675000000000001,-0.039999999999999925,4.303249010600583,1129.0550823865524,4.0,Extreme
95940,Butte County,39.67,-121.59999999999992,0.9137283910901799,Extreme,0.9384037028885149,3.15,-0.33000000000000007,7.9681410588032415,2067.2379032258063,4.0,Extreme
95389,Santa Clara County,37.22000000000002,-121.69000000000004,0.9137255574827023,Extreme,0.9211058966262297,2.3,1.5699999999999998,0.0,1563.4073365676786,3.0,High
95664,Sacramento County,38.45000000000002,-121.34000000000005,0.9133581059970017,Extreme,0.9561727694850117,2.705,0.020000000000000018,0.06429337925583696,1898.8511075999736,3.0,High
96016,Lassen County,40.72000000000002,-120.63000000000008,0.9127288511248063,Extreme,0.9255100305158689,2.3075,0.0900000000000003,0.0,1442.6709368697457,3.0,High
96059,Lassen County,40.72000000000002,-120.63000000000008,0.9125564976822584,Extreme,0.9554419521336895,2.3024999999999998,-0.040000000000000036,0.0010942897108220495,1551.1047111349885,3.0,High
95412,Sonoma County,38.52999999999998,-122.92999999999998,0.9123715997262949,Extreme,0.9628110151717948,2.0975,0.010000000000000231,0.0,1498.2710826586622,3.0,High
95311,Santa Clara County,37.22000000000002,-121.69000000000004,0.912341874537742,Extreme,0.950017301950879,2.72,0.020000000000000018,0.09422205636218613,1322.2367575162207,3.0,High
96071,Lassen County,40.72000000000002,-120.63000000000008,0.9117769835685476,Extreme,0.9644482876408526,2.6875,0.029999999999999805,0.0,1259.117156997789,3.0,High
96011,Lassen County,40.72000000000002,-120.63000000000008,0.9116234909743338,Extreme,0.9562916432932005,2.55,-0.6399999999999997,0.0,1933.5724013871807,3.0,High
93643,Fresno County,36.76,-119.65999999999995,0.9110277391316165,Extreme,0.9562451966836152,2.89,-0.0900000000000003,1.0395509545286206,1623.5057519574116,3.0,High
95969,Butte County,39.67,-121.59999999999992,0.9107394269082348,Extreme,0.9463462712214795,2.315,-0.4500000000000002,67.7681905312678,1136.8336731108639,4.0,Extreme
95726,Sacramento County,38.45000000000002,-121.34000000000005,0.9105588528930113,Extreme,0.9310200635671363,2.9475000000000002,0.04999999999999982,0.4781014110393472,1283.2515563364043,3.0,High
95971,Butte County,39.67,-121.59999999999992,0.9104032916330927,Extreme,0.9427161775865858,1.74,-0.010000000000000009,0.49581731726824757,1359.869411216816,3.0,High
95910,Butte County,39.67,-121.59999999999992,0.9103788039934256,Extreme,0.9699151043434618,2.8375,-0.08000000000000007,0.0,1330.3613915740716,3.0,High
95457,Sonoma County,38.52999999999998,-122.92999999999998,0.9102979177973936,Extreme,0.9502211723825699,2.085,-0.009999999999999787,0.5131389406668924,1385.3984381902753,3.0,High
95983,Butte County,39.67,-121.59999999999992,0.9089000085584857,Extreme,0.9571255148518046,2.025,-0.17000000000000015,0.1823969523999435,1595.885030827575,3.0,High
95435,Sonoma County,38.52999999999998,-122.92999999999998,0.9083656044140598,Extreme,0.9707775580145198,1.7025,-0.27,0.0,1186.2313848852168,3.0,High
96051,Lassen County,40.72000000000002,-120.63000000000008,0.9082065232995973,Extreme,0.9538217133182414,2.5175,-0.31000000000000005,2.2910960390558,1804.1553474503035,3.0,High
96032,Lassen County,40.72000000000002,-120.63000000000008,0.9081734912810234,Extreme,0.9577730854088183,1.685,0.1200000000000001,0.2129685700983384,1308.4390469113368,3.0,High
95703,Sacramento County,38.45000000000002,-121.34000000000005,0.906691354577937,Extreme,0.9339349195877492,2.6475,-0.2999999999999998,0.0,1450.8475373512856,3.0,High
95914,Butte County,39.67,-121.59999999999992,0.9056452602410264,Extreme,0.9727872168632008,2.2125,-0.5899999999999999,1.3819186665296954,1626.6404199728013,3.0,High
95018,Santa Clara County,37.22000000000002,-121.69000000000004,0.9042886922252114,Extreme,0.9527723947030263,2.4025,-0.2999999999999998,0.24817923767857417,1274.674958456956,3.0,High
95667,Sacramento County,38.45000000000002,-121.34000000000005,0.903824449467099,Extreme,0.9223755584879957,2.5774999999999997,-0.1499999999999999,0.14900262569254263,1414.2008981540766,3.0,High
95722,Sacramento County,38.45000000000002,-121.34000000000005,0.9031056117793963,Extreme,0.938276497386632,2.7575000000000003,-0.04999999999999982,0.03053053712760613,1651.724969944495,3.0,High
96121,Shasta County,40.76,-122.04,0.9030867121463103,Extreme,0.9553365319704269,2.2075,-0.6099999999999999,0.38056571657705873,1869.0134574006165,3.0,High
95613,Sacramento County,38.45000000000002,-121.34000000000005,0.9026727486799035,Extreme,0.9025370163521085,2.0374999999999996,-0.04999999999999982,0.0,1634.6069435085667,3.0,High
95919,Butte County,39.67,-121.59999999999992,0.9004532528001437,Extreme,0.9536128638403638,2.735,0.009999999999999787,0.35231160916792614,1286.3156877546978,3.0,High
95257,Alameda County,37.64999999999999,-121.90999999999995,0.9000655589142429,Extreme,0.9399073843441671,2.9425,0.18000000000000016,0.0,1100.9340363012902,3.0,High
96146,Shasta County,40.76,-122.04,0.8991615812563873,Extreme,0.9168786058682492,2.88,-0.009999999999999787,0.012935365167053934,2929.9400134792586,3.0,High
96027,Lassen County,40.72000000000002,-120.63000000000008,0.899131931400056,Extreme,0.9317803634900063,1.535,0.19999999999999996,0.5679992575141073,1181.0342837729002,3.0,High
95689,Sacramento County,38.45000000000002,-121.34000000000005,0.8983951383048515,Extreme,0.9418792489126773,2.6925,0.020000000000000018,0.0,1506.4601490132427,3.0,High
96140,Shasta County,40.76,-122.04,0.8982251446238165,Extreme,0.9449762716547255,2.2525,-0.27,0.814789151860414,2228.745962125226,3.0,High
95245,Alameda County,37.64999999999999,-121.90999999999995,0.8981405401898066,Extreme,0.9435804521250095,2.23,-0.04999999999999982,0.17183065031873607,1493.4306753200553,3.0,High
96035,Lassen County,40.72000000000002,-120.63000000000008,0.897841378111561,Extreme,0.9307154544100386,0.27249999999999996,0.26,1.1201829391419178,936.6049830180207,3.0,High
96061,Lassen County,40.72000000000002,-120.63000000000008,0.8972786115064167,Extreme,0.9646321768727885,2.65,0.009999999999999787,1.5818035796236807,1290.8840467325776,3.0,High
95229,Alameda County,37.64999999999999,-121.90999999999995,0.8967314408870346,Extreme,0.9593759568713451,2.5925000000000002,-0.75,0.0,1193.6139339096344,3.0,High
95573,Humboldt County,40.710000000000015,-123.92999999999996,0.8958576150302011,Extreme,0.9619275078884183,2.4875,-0.5699999999999998,0.29594298086701265,1378.100874842997,3.0,High
96052,Lassen County,40.72000000000002,-120.63000000000008,0.8950922306502566,Extreme,0.9645992737874918,2.5325,-0.08999999999999986,0.1375478667275256,1417.5902320714151,3.0,High
95945,Butte County,39.67,-121.59999999999992,0.8947856997720717,Extreme,0.9459325381490824,2.4175,-0.20000000000000018,0.511425513790364,1336.433574677303,3.0,High
95468,Sonoma County,38.52999999999998,-122.92999999999998,0.8945806468775438,Extreme,0.9522601157894677,2.0175,-0.17000000000000015,0.0,1599.8400909300233,3.0,High
96111,Shasta County,40.76,-122.04,0.8943229830339989,Extreme,0.9355566320476565,2.865,-0.04999999999999982,0.0,2468.8197335793866,3.0,High
95488,Sonoma County,38.52999999999998,-122.92999999999998,0.8937964536558541,Extreme,0.9544311220080094,2.0475,-0.20000000000000018,0.0,1585.1640223083684,3.0,High
95224,Alameda County,37.64999999999999,-121.90999999999995,0.8937142389238398,Extreme,0.9265785170422836,3.08,0.48,0.0,1467.8342933590823,3.0,High
96065,Lassen County,40.72000000000002,-120.63000000000008,0.8929566288936301,Extreme,0.9326139087153532,2.5075,0.14000000000000012,0.00370563044723906,1577.2183939010756,3.0,High
95466,Sonoma County,38.52999999999998,-122.92999999999998,0.8929276052630306,Extreme,0.9519850592185001,1.8975,-0.11999999999999988,0.0,1688.6191826514967,3.0,High
95978,Butte County,39.67,-121.59999999999992,0.8920947543860068,Extreme,0.940904411816718,2.3899999999999997,0.0,0.7771575441739405,1173.0423716930359,3.0,High
96063,Lassen County,40.72000000000002,-120.63000000000008,0.8918696975424908,Extreme,0.9157080293409285,2.565,0.23999999999999977,0.0,1134.927633059452,3.0,High
95560,Humboldt County,40.710000000000015,-123.92999999999996,0.8906404314681294,Extreme,0.9520614712432149,2.365,-0.14000000000000012,0.06825423624806093,1447.2101200761401,3.0,High
96008,Lassen County,40.72000000000002,-120.63000000000008,0.8905284993215862,Extreme,0.9456963772518813,2.09,-0.16000000000000014,0.5599820620219763,1738.7829516452273,3.0,High
96006,Lassen County,40.72000000000002,-120.63000000000008,0.8904235729933447,Extreme,0.956235842138097,1.5225,-0.29000000000000004,1.3392379890149204,1233.6129785380986,3.0,High
96090,Lassen County,40.72000000000002,-120.63000000000008,0.8901981677027084,Extreme,0.8699951542909345,0.2475,0.28,2.9422691512933503,838.8807033245132,3.0,High
95984,Butte County,39.67,-121.59999999999992,0.8895408959220352,Extreme,0.9217320007633694,3.0475,-0.1499999999999999,0.24803280673082742,2027.517061178043,3.0,High
95246,Alameda County,37.64999999999999,-121.90999999999995,0.8891771527238842,Extreme,0.9633923427866736,2.4,-0.050000000000000266,0.0,1499.2962432111299,3.0,High
96126,Shasta County,40.76,-122.04,0.8886494774572614,Extreme,0.9192489343750799,2.0775,-0.06999999999999984,0.0,2223.270526817162,3.0,High
95445,Sonoma County,38.52999999999998,-122.92999999999998,0.8883829230695877,Extreme,0.9359014754815481,2.4125,-0.10000000000000009,0.03669316078081618,1607.485610890756,3.0,High
96160,Shasta County,40.76,-122.04,0.8879321026400108,Extreme,0.8917897174681171,2.3475,1.1500000000000004,0.0,1851.520835209914,3.0,High
95959,Butte County,39.67,-121.59999999999992,0.8878081114768193,Extreme,0.9189261285652448,2.79,0.06999999999999984,0.06820142509150237,1703.4044882794874,3.0,High
95587,Humboldt County,40.710000000000015,-123.92999999999996,0.8877543370121119,Extreme,0.9326470911190374,2.575,-0.17999999999999972,0.0,2189.5623735024847,3.0,High
96034,Lassen County,40.72000000000002,-120.63000000000008,0.887323176300655,Extreme,0.9639351382804163,1.9125,-0.41999999999999993,0.0,1468.990389090939,3.0,High
95420,Sonoma County,38.52999999999998,-122.92999999999998,0.8857102422448364,Extreme,0.9428996503286659,2.0475,-0.26,0.019890994295028525,1810.4101119712163,3.0,High
95430,Sonoma County,38.52999999999998,-122.92999999999998,0.8850603072015268,Extreme,0.9503483508324052,2.2800000000000002,-0.2999999999999998,0.0,1385.9161135501515,3.0,High
96017,Lassen County,40.72000000000002,-120.63000000000008,0.884601543380145,Extreme,0.9493488092495259,2.37,-0.03000000000000025,0.09317988813728074,1398.8003597886727,3.0,High
95335,Santa Clara County,37.22000000000002,-121.69000000000004,0.8844352115264884,Extreme,0.9480066300075936,2.8825,-0.14000000000000012,0.2699534392233266,1062.0860652118033,3.0,High
95140,Santa Clara County,37.22000000000002,-121.69000000000004,0.8843617681823261,Extreme,0.9490659032441037,1.96,-0.34999999999999987,4.622958583316184,2450.7610418201666,4.0,Extreme
96040,Lassen County,40.72000000000002,-120.63000000000008,0.8841695231425376,Extreme,0.9287474609848063,1.96,0.0,0.053954747631019144,1487.078403877182,3.0,High
96022,Lassen County,40.72000000000002,-120.63000000000008,0.884044963439083,Extreme,0.9170437839886926,1.4425,0.13000000000000012,0.3116559732763725,1179.2417477119975,3.0,High
95306,Santa Clara County,37.22000000000002,-121.69000000000004,0.8831811626698919,Extreme,0.9373487532379333,1.8599999999999999,-0.07000000000000006,0.0,1775.5417805826805,3.0,High
96137,Shasta County,40.76,-122.04,0.8828719984553988,Extreme,0.9412805015569471,2.3375,0.04999999999999982,0.5746425665039179,1569.9837502430569,3.0,High
95370,Santa Clara County,37.22000000000002,-121.69000000000004,0.8822767094014375,Extreme,0.947189742869812,2.5725,-0.29000000000000004,0.3725084657313092,1292.7327000985872,3.0,High
95602,Sacramento County,38.45000000000002,-121.34000000000005,0.8822144100187475,Extreme,0.9339032253212476,2.22,-0.13999999999999968,0.0866753306500974,1458.9900557703675,3.0,High
93750,Fresno County,36.76,-119.65999999999995,0.8812232027731772,Extreme,0.8859914063896959,0.0,0.0,141.8480701754386,1085.3333333333333,4.0,Extreme
95223,Alameda County,37.64999999999999,-121.90999999999995,0.8811295856330214,Extreme,0.9336552132619885,2.94,0.04999999999999982,0.029540152885407282,1323.2092854485113,3.0,High
96122,Shasta County,40.76,-122.04,0.8807215478046548,Extreme,0.9640287974815245,2.305,-0.1200000000000001,0.3226711438958861,1356.3676328141569,3.0,High
96125,Shasta County,40.76,-122.04,0.8806468971745192,Extreme,0.9534658592543771,2.8025,-0.2400000000000002,0.022489402469913513,1491.0603611793122,3.0,High
95446,Sonoma County,38.52999999999998,-122.92999999999998,0.8773510740298732,Extreme,0.9382607909824688,2.06,-0.0900000000000003,1.5723014821183452,1052.8673906347392,3.0,High
95327,Santa Clara County,37.22000000000002,-121.69000000000004,0.877055029876432,Extreme,0.9525423346022655,2.1925,-0.3500000000000001,0.2758349281061959,1262.1078217396375,3.0,High
95459,Sonoma County,38.52999999999998,-122.92999999999998,0.8769881718696801,Extreme,0.9191613185384876,1.8825,-0.11999999999999988,0.0,1282.937490066775,3.0,High
96015,Lassen County,40.72000000000002,-120.63000000000008,0.8760324143224533,Extreme,0.9241610682797756,1.56,0.3699999999999999,0.0,1080.074226422095,3.0,High
95005,Santa Clara County,37.22000000000002,-121.69000000000004,0.8754913090490435,Extreme,0.9209182094207151,2.4625,-0.3900000000000001,2.544991583802707,1417.045075265313,3.0,High
95065,Santa Clara County,37.22000000000002,-121.69000000000004,0.8753506006351587,Extreme,0.9308876288296418,1.5125,0.040000000000000036,0.21394212047990593,1391.8306486307224,3.0,High
95701,Sacramento County,38.45000000000002,-121.34000000000005,0.8753121998957544,Extreme,0.9456773947383857,2.965,0.18000000000000016,0.0,1661.3621822037867,3.0,High
95464,Sonoma County,38.52999999999998,-122.92999999999998,0.875159181472519,Extreme,0.9321865580608807,1.8925,-0.1499999999999999,0.19667719006296103,1070.9289028405026,3.0,High
94963,Marin County,38.049999999999976,-122.75,0.8748204287788666,Extreme,0.924844194555846,2.2375,-0.020000000000000018,0.0,1981.428509929187,3.0,High
96057,Lassen County,40.72000000000002,-120.63000000000008,0.8742857831953893,Extreme,0.9250661854182829,1.8175,0.09999999999999987,0.16374684644575888,1392.042396386407,3.0,High
94596,Contra Costa County,37.919999999999995,-121.94999999999996,0.8739243040962341,Extreme,0.954979338020574,1.8025,-0.47,0.1313350890619599,1535.0221526750895,3.0,High
96106,Shasta County,40.76,-122.04,0.8728367501098135,Extreme,0.8920746050627387,2.5475000000000003,-0.08999999999999986,0.0,2597.992515821673,3.0,High
95462,Sonoma County,38.52999999999998,-122.92999999999998,0.8716099598010759,Extreme,0.9509842344132798,2.0100000000000002,-0.30000000000000004,0.38354047328948265,1082.4332981740229,3.0,High
95675,Sacramento County,38.45000000000002,-121.34000000000005,0.8713578921314235,Extreme,0.9452200838489103,2.96,0.020000000000000018,0.0,1042.7958426231771,3.0,High
95222,Alameda County,37.64999999999999,-121.90999999999995,0.8708696202637827,Extreme,0.9386948128547741,1.9775,-0.20999999999999996,0.00981355348499053,1437.185730238223,3.0,High
94956,Marin County,38.049999999999976,-122.75,0.8702243204023339,Extreme,0.9722136636972268,1.9100000000000001,-0.4800000000000002,0.0,1594.3721633206223,3.0,High
96024,Lassen County,40.72000000000002,-120.63000000000008,0.8686170093091214,Extreme,0.9280444557839298,2.9924999999999997,0.27,0.0,1617.3382150023413,3.0,High
95669,Sacramento County,38.45000000000002,-121.34000000000005,0.8682839588548947,Extreme,0.9482274733046981,1.5175,0.18000000000000016,0.0033798725359419,1432.3812004709282,3.0,High
94933,Marin County,38.049999999999976,-122.75,0.8661860856344846,Extreme,0.9602398020375698,2.3825000000000003,-0.1299999999999999,0.0,1498.1212674217486,3.0,High
96151,Shasta County,40.76,-122.04,0.8661407052061856,Extreme,0.9395455363001841,1.91,-0.030000000000000027,0.0,1462.5843433532132,3.0,High
94972,Marin County,38.049999999999976,-122.75,0.865428779941435,Extreme,0.9256498605188319,1.4425000000000001,-0.26,0.0,1504.618289085307,3.0,High
95448,Sonoma County,38.52999999999998,-122.92999999999998,0.8642402580364451,Extreme,0.931585942465101,1.2625,0.040000000000000036,3.9102862490391277,1605.578903688257,4.0,Extreme
95589,Humboldt County,40.710000000000015,-123.92999999999996,0.863755625587127,Extreme,0.9433779380934261,2.2025,-0.26000000000000023,0.08200509826593058,1399.221956843837,3.0,High
95979,Butte County,39.67,-121.59999999999992,0.863387402524824,Extreme,0.9130001312615625,1.6375,0.18999999999999995,0.05582946087876384,1203.4969438001167,3.0,High
95490,Sonoma County,38.52999999999998,-122.92999999999998,0.8621641702059868,Extreme,0.9101721591552122,1.9575,-0.020000000000000018,0.1378352245385958,1228.8373523870941,3.0,High
96074,Lassen County,40.72000000000002,-120.63000000000008,0.8612594998133275,Extreme,0.9103652615917769,1.83,-0.21999999999999997,0.0,1243.9681616832781,3.0,High
94929,Marin County,38.049999999999976,-122.75,0.86043013542621,Extreme,0.9645413171664761,1.8375,-0.5099999999999998,0.0,1385.0432965333198,3.0,High
95465,Sonoma County,38.52999999999998,-122.92999999999998,0.8601978317301504,Extreme,0.9235505911722207,2.06,-0.18999999999999995,0.08373666928726613,1820.4838342525836,3.0,High
96113,Shasta County,40.76,-122.04,0.8591062913870052,Extreme,0.8983988328508271,1.4075,-0.16999999999999993,0.22884552675227937,1152.1414597210214,3.0,High
96075,Lassen County,40.72000000000002,-120.63000000000008,0.8561172737687803,Extreme,0.9325519585162693,2.6774999999999998,0.29000000000000004,0.0,1611.8755048242174,3.0,High
95642,Sacramento County,38.45000000000002,-121.34000000000005,0.855750687541898,Extreme,0.8731351519491926,1.7475,0.0,0.2071064792392569,1325.0258939497783,3.0,High
96161,Shasta County,40.76,-122.04,0.8556382281804028,Extreme,0.8970601613853064,2.4625,-0.08999999999999986,0.05556723117994792,2226.6166056975435,3.0,High
95511,Humboldt County,40.710000000000015,-123.92999999999996,0.8551273795831131,Extreme,0.9113626076390762,2.5175,0.3500000000000001,0.0,3162.5277019987757,3.0,High
95451,Sonoma County,38.52999999999998,-122.92999999999998,0.8540056842359085,Extreme,0.9473040312097132,2.1875,-0.13999999999999968,0.07535137556619009,1401.3414692921378,3.0,High
96117,Shasta County,40.76,-122.04,0.8538621613392048,Extreme,0.9711326404185512,1.8175,-0.1499999999999999,0.0,1309.3359347680707,3.0,High
95460,Sonoma County,38.52999999999998,-122.92999999999998,0.8525250368849154,Extreme,0.9288950110906888,1.8225,-0.29000000000000004,0.014759894921633687,1672.9882036150716,3.0,High
95546,Humboldt County,40.710000000000015,-123.92999999999996,0.8515488333853158,Extreme,0.9238336325974079,2.1525,-0.3799999999999999,0.0,1178.1503942409497,3.0,High
95452,Sonoma County,38.52999999999998,-122.92999999999998,0.8503541410347489,Extreme,0.9032354853877544,1.43,0.030000000000000027,0.3775555601909799,1963.7810222789503,3.0,High
96084,Lassen County,40.72000000000002,-120.63000000000008,0.8495911465438863,Extreme,0.8897467474637029,2.0875,0.30000000000000027,0.0,1630.757876983519,3.0,High
95443,Sonoma County,38.52999999999998,-122.92999999999998,0.8493021762062817,Extreme,0.9516327710939907,2.3425000000000002,-0.46999999999999975,0.004286082584969707,1569.578809777895,3.0,High
95981,Butte County,39.67,-121.59999999999992,0.8491928461919467,Extreme,0.9454303531906929,2.6975,-0.25,0.006809080279931994,1386.5798578413921,3.0,High
96062,Lassen County,40.72000000000002,-120.63000000000008,0.847710163511648,Extreme,0.9162426108101314,1.8275000000000001,0.0,0.01486759196899574,1718.485877579942,3.0,High
95946,Butte County,39.67,-121.59999999999992,0.847363436402642,Extreme,0.9403132930463964,2.255,-0.33000000000000007,0.1429812809799644,1574.2058798479277,3.0,High
95449,Sonoma County,38.52999999999998,-122.92999999999998,0.8466853840221585,Extreme,0.9548189797702528,1.7225,-0.21999999999999997,0.0,1430.9925864908614,3.0,High
96096,Lassen County,40.72000000000002,-120.63000000000008,0.8458285186860499,Extreme,0.911198505922355,2.38,0.08999999999999986,0.05331071301210379,1769.1534205060389,3.0,High
96073,Lassen County,40.72000000000002,-120.63000000000008,0.8452881774059303,Extreme,0.9208306182510628,1.395,0.05999999999999983,0.35067249546773194,1498.4040598652005,3.0,High
95682,Sacramento County,38.45000000000002,-121.34000000000005,0.8447766446248655,Extreme,0.9081617046335829,1.875,-0.06999999999999984,0.093960818116182,1441.6051599557622,3.0,High
96019,Lassen County,40.72000000000002,-120.63000000000008,0.8408262977964925,Extreme,0.8890703915356037,1.3625,0.07999999999999985,0.4888299546535564,950.8219215396548,3.0,High
95469,Sonoma County,38.52999999999998,-122.92999999999998,0.8386551395674317,Extreme,0.9120491954196873,1.6575,0.1399999999999999,0.12752414475215296,1416.45428527915,3.0,High
96086,Lassen County,40.72000000000002,-120.63000000000008,0.838510801860885,Extreme,0.9506357545287498,2.5375,-0.41999999999999993,0.0,1681.8710055143504,3.0,High
95442,Sonoma County,38.52999999999998,-122.92999999999998,0.8382597768670798,Extreme,0.9051910527489863,1.8275000000000001,-0.08999999999999986,0.069402809815736,2042.8272391036978,3.0,High
93908,Monterey County,36.24,-121.32000000000002,0.8365245211874747,Extreme,0.9175824114276159,1.5025,0.06000000000000005,0.4841314062877757,1637.3900611141369,3.0,High
96029,Lassen County,40.72000000000002,-120.63000000000008,0.8364896529826608,Extreme,0.8866965843911448,1.0625,0.6900000000000001,0.0,1264.7808605368307,3.0,High
96141,Shasta County,40.76,-122.04,0.8354730977885085,Extreme,0.9200297998090418,2.175,0.25,0.01573598788958372,2142.24404268109,3.0,High
96067,Lassen County,40.72000000000002,-120.63000000000008,0.8344957099741094,Extreme,0.9003378603461453,1.91,0.06000000000000005,0.044861078762511025,1405.5230080559195,3.0,High
95004,Santa Clara County,37.22000000000002,-121.69000000000004,0.8325016073892905,Extreme,0.9186120540232313,1.8475,-0.30000000000000004,0.0,1545.784779062116,3.0,High
95514,Humboldt County,40.710000000000015,-123.92999999999996,0.8309732089128642,Extreme,0.9037580825212423,2.6225,-0.9299999999999997,0.0,1948.8363970588234,3.0,High
95480,Sonoma County,38.52999999999998,-122.92999999999998,0.8307019554169189,Extreme,0.9093153682320475,2.9074999999999998,0.0,0.0,1960.1632653061224,3.0,High
96048,Lassen County,40.72000000000002,-120.63000000000008,0.8306530247217825,Extreme,0.9220522622880545,2.315,-0.7199999999999998,0.6619012928635492,2080.6624048214685,3.0,High
96103,Shasta County,40.76,-122.04,0.8287785256776191,Extreme,0.9504178336046958,2.5925,-0.14000000000000012,0.0,1648.2967146698404,3.0,High
96133,Shasta County,40.76,-122.04,0.8277381916772087,Extreme,0.9212709997702473,1.5,-0.32999999999999985,0.0,1116.6877198414663,3.0,High
95948,Butte County,39.67,-121.59999999999992,0.8256702858581738,Extreme,0.8852129029370995,0.325,0.21,0.6446451844890181,949.7155682745616,3.0,High
94020,San Francisco County,37.73000000000001,-123.03000000000009,0.8250854138259645,Extreme,0.9249906660763498,2.3600000000000003,-0.3799999999999999,0.009900452995388045,1861.3370213749808,3.0,High
95915,Butte County,39.67,-121.59999999999992,0.8242609691908195,Extreme,0.9183143496041393,2.5700000000000003,-0.5499999999999998,0.0,1964.0539499036609,3.0,High
96130,Shasta County,40.76,-122.04,0.8232979885463256,Extreme,0.9359572439228478,1.4125,-0.09999999999999987,0.25047235940602747,1186.3136204509465,3.0,High
96009,Lassen County,40.72000000000002,-120.63000000000008,0.823107068280622,Extreme,0.9383921345398736,1.65,-0.43000000000000016,0.0,1037.3091632876938,3.0,High
95973,Butte County,39.67,-121.59999999999992,0.8225169424745279,Extreme,0.8845745922065172,0.5625,0.19000000000000006,0.240728387128957,1027.8778691368323,3.0,High
95066,Santa Clara County,37.22000000000002,-121.69000000000004,0.8224602308375388,Extreme,0.8962874969032883,1.9825,-0.1499999999999999,0.10327252503880546,1652.0609087673804,3.0,High
95346,Santa Clara County,37.22000000000002,-121.69000000000004,0.8171251786417616,Extreme,0.8773050824003232,3.045,0.33999999999999986,0.0,1073.978741126486,3.0,High
95249,Alameda County,37.64999999999999,-121.90999999999995,0.8153032611324411,Extreme,0.9320978914204292,1.8975,-0.08999999999999986,0.02365402742960378,1241.7725389453335,3.0,High
96135,Shasta County,40.76,-122.04,0.8138596749339397,Extreme,0.9170751354480221,1.7850000000000001,-0.3999999999999999,0.0,2013.475,3.0,High
96056,Lassen County,40.72000000000002,-120.63000000000008,0.8102684158316149,Extreme,0.8595913336747294,1.38,0.18999999999999995,0.0285900660653576,1353.9329476142811,3.0,High
93669,Fresno County,36.76,-119.65999999999995,0.8100727861424957,Extreme,0.9076402340685847,3.035,0.08999999999999986,0.0,1641.6233524391344,3.0,High
95926,Butte County,39.67,-121.59999999999992,0.8088575459861852,Extreme,0.8914394389723779,0.3425,0.2,0.37015207073521283,1007.9039029793685,3.0,High
95338,Santa Clara County,37.22000000000002,-121.69000000000004,0.80758397879576,Extreme,0.9318409899711179,2.4575,-0.30000000000000027,0.09711825617962974,1522.2448970884266,3.0,High
96145,Shasta County,40.76,-122.04,0.8072943803850118,Extreme,0.8995717180599107,2.5325,-0.18999999999999995,0.0012906713184465087,2618.4690365950273,3.0,High
96028,Lassen County,40.72000000000002,-120.63000000000008,0.806856263744714,Extreme,0.909882836111443,1.51,0.14000000000000012,0.0,1485.80468111452,3.0,High
95497,Sonoma County,38.52999999999998,-122.92999999999998,0.8061752362271098,Extreme,0.9250112482696197,2.1125,-0.4099999999999999,0.02899931011270007,1703.1763610383755,3.0,High
96104,Shasta County,40.76,-122.04,0.8051193482083628,Extreme,0.8996958095557784,0.835,0.10000000000000009,0.5005582013198988,1092.3123807536101,3.0,High
94556,Contra Costa County,37.919999999999995,-121.94999999999996,0.8045071111798519,Extreme,0.8971157336099608,1.77,-0.54,0.1055853147683416,1753.658759282331,3.0,High
96129,Shasta County,40.76,-122.04,0.804450486941339,Extreme,0.9116175727031073,1.58,-0.07000000000000006,0.0,1480.193857133328,3.0,High
96064,Lassen County,40.72000000000002,-120.63000000000008,0.8007940001352756,Extreme,0.8708516534852629,0.9275,0.16000000000000003,0.3083014826884568,1175.2158200994531,3.0,High
96118,Shasta County,40.76,-122.04,0.7996283148160938,Extreme,0.881707220238681,1.3475000000000001,0.1399999999999999,0.03083894872586592,1168.6323341800387,3.0,High
95073,Santa Clara County,37.22000000000002,-121.69000000000004,0.7972746947555308,Extreme,0.9097887231829969,1.7275,-0.22999999999999998,0.0010662582369583722,1550.5116756727316,3.0,High
96021,Lassen County,40.72000000000002,-120.63000000000008,0.7969490064693179,Extreme,0.8802618752606333,0.49250000000000005,0.10000000000000003,0.20302852458740953,987.5703758543202,3.0,High
94939,Marin County,38.049999999999976,-122.75,0.7925259908444129,Extreme,0.9009023220713048,1.455,-0.16999999999999993,0.2811048238214129,1925.4522495507874,3.0,High
94595,Contra Costa County,37.919999999999995,-121.94999999999996,0.789231582399185,Extreme,0.895576744465692,1.91,-0.6699999999999999,0.03095806844812306,1559.235847736523,3.0,High
95679,Sacramento County,38.45000000000002,-121.34000000000005,0.784686484734474,Extreme,0.8968817864872796,1.045,-0.6099999999999999,0.0,1127.1555484537275,3.0,High
95003,Santa Clara County,37.22000000000002,-121.69000000000004,0.7843617242282361,Extreme,0.9023172129383787,1.345,-0.18999999999999995,0.11313822736578937,1420.9984420257106,3.0,High
96094,Lassen County,40.72000000000002,-120.63000000000008,0.7839529623796395,Extreme,0.8718592094493294,1.6925,-0.06000000000000005,0.207025372993605,1261.148930540008,3.0,High
96055,Lassen County,40.72000000000002,-120.63000000000008,0.7806480013195517,Extreme,0.8809995246730593,0.3175,0.27,0.10432316645566657,1007.2168014944499,3.0,High
95912,Butte County,39.67,-121.59999999999992,0.7798060231426011,Extreme,0.8801551356350924,0.2275,0.08000000000000002,0.30101706852955123,944.7064070800365,3.0,High
95383,Santa Clara County,37.22000000000002,-121.69000000000004,0.7747851884515572,Extreme,0.9004399548077342,2.9975,0.020000000000000018,0.05731371604769674,1201.539414301658,3.0,High
95419,Sonoma County,38.52999999999998,-122.92999999999998,0.7719334039735007,Extreme,0.9072831217674978,2.02,0.009999999999999787,0.0,1050.6520948244217,3.0,High
96023,Lassen County,40.72000000000002,-120.63000000000008,0.77100535680051,Extreme,0.8481065228130067,0.915,0.27,1.339478235816691,982.402451404664,3.0,High
96132,Shasta County,40.76,-122.04,0.7691325280815302,Extreme,0.8958419581789394,1.5675,-0.5,0.0,1022.2291666666666,3.0,High
95955,Butte County,39.67,-121.59999999999992,0.7679769292071957,Extreme,0.8822516757502921,0.1625,-0.04000000000000001,0.0,1005.1027733085664,3.0,High
93907,Monterey County,36.24,-121.32000000000002,0.767715452078593,Extreme,0.8759851450675481,1.4324999999999999,-0.040000000000000036,0.10110019096577576,1185.70122933341,3.0,High
96097,Lassen County,40.72000000000002,-120.63000000000008,0.7621780605480557,Extreme,0.874419319997611,0.9025000000000001,0.26,0.17428030562350935,1061.8850458907443,3.0,High
96116,Shasta County,40.76,-122.04,0.7619332453799645,Extreme,0.9138008552159824,1.6975,-0.07000000000000006,0.0,1085.3219961293826,3.0,High
94971,Marin County,38.049999999999976,-122.75,0.7597842871003007,Extreme,0.9004159058571088,1.385,-0.24,0.0,1120.2971809966846,3.0,High
95938,Butte County,39.67,-121.59999999999992,0.7582708589758373,Extreme,0.8516982705410213,0.39,0.19,0.4962682228828637,1321.4412443641718,3.0,High
95913,Butte County,39.67,-121.59999999999992,0.7575275797377513,Extreme,0.8511253412929642,0.125,0.29,0.22385177009932933,981.6620582636111,3.0,High
96037,Lassen County,40.72000000000002,-120.63000000000008,0.7482690214179563,High,0.883758871306254,1.1625,0.15999999999999992,0.00975905520113882,1338.6446771647443,3.0,High
95991,Butte County,39.67,-121.59999999999992,0.7462062243607649,High,0.8709899808773597,0.295,0.14,0.26745742644609816,878.4513280370167,3.0,High
95963,Butte County,39.67,-121.59999999999992,0.7413986912232237,High,0.8441479653873234,0.325,0.27999999999999997,0.5120471380701813,898.7734142544073,3.0,High
95937,Butte County,39.67,-121.59999999999992,0.7401799946371469,High,0.9075199748360832,0.27749999999999997,0.2,0.036713927743592834,862.6674971505707,3.0,High
96128,Shasta County,40.76,-122.04,0.7366302617280822,High,0.8699258230048419,1.07,-0.030000000000000027,0.12233310571541536,1351.403163265847,3.0,High
93940,Monterey County,36.24,-121.32000000000002,0.7339496486237596,High,0.8464195701143745,1.365,-0.11999999999999988,0.12406119533172644,1422.9528771828564,3.0,High
94707,Alameda County,37.64999999999999,-121.90999999999995,0.7311682539664005,High,0.8999973648645624,1.5775000000000001,-0.48,0.008711068078018863,1921.0967501890968,3.0,High
95901,Butte County,39.67,-121.59999999999992,0.7311070277095963,High,0.835784654500308,0.455,0.15000000000000002,0.24209964198911646,990.5170334997995,3.0,High
95932,Butte County,39.67,-121.59999999999992,0.727206704413416,High,0.8264593221569583,0.31,-0.08000000000000002,0.0020148586559554566,989.6599506539211,3.0,High
95951,Butte County,39.67,-121.59999999999992,0.7269852757711073,High,0.8710696575433093,0.2025,0.27999999999999997,0.3802437768882487,828.2370211244622,3.0,High
96002,Lassen County,40.72000000000002,-120.63000000000008,0.7192733463641607,High,0.8479504310784276,0.515,0.24000000000000005,0.28901224749035426,1032.6213398975556,3.0,High
95993,Butte County,39.67,-121.59999999999992,0.718828243927769,High,0.872893359983062,0.29500000000000004,0.09999999999999998,0.18555457862791006,966.9127089980208,3.0,High
95953,Butte County,39.67,-121.59999999999992,0.7183869990075795,High,0.8229308080085771,0.29000000000000004,0.16,0.17659076641832405,882.087691089053,3.0,High
95961,Butte County,39.67,-121.59999999999992,0.7169403013976496,High,0.8828564681278972,0.20500000000000002,0.15999999999999998,0.1662207322066912,877.325070626819,3.0,High
95968,Butte County,39.67,-121.59999999999992,0.7115058968591966,High,0.8103964220709925,0.2525,0.17999999999999997,0.0,1006.3986000012392,3.0,High
96007,Lassen County,40.72000000000002,-120.63000000000008,0.694695038090645,High,0.7789121957716207,0.91,0.12,0.1855739682042026,1033.7998079486697,3.0,High
95471,Sonoma County,38.52999999999998,-122.92999999999998,0.6925227413663203,High,0.8798498648342117,2.045,-0.1100000000000001,0.0,958.7403303051298,3.0,High
96078,Lassen County,40.72000000000002,-120.63000000000008,0.6914792672880569,High,0.8527404645778028,0.5075000000000001,0.24,0.0,732.1199928443248,3.0,High
95917,Butte County,39.67,-121.59999999999992,0.6882598530357547,High,0.7923081433366448,0.255,0.16999999999999998,0.45039667866720795,948.260101726808,3.0,High
96134,Shasta County,40.76,-122.04,0.6787157710484913,High,0.8432357853836725,0.73,-0.039999999999999925,0.007831648890453357,1053.4281045998473,3.0,High
95982,Butte County,39.67,-121.59999999999992,0.6709792556320714,High,0.8271442273947143,0.355,0.12,0.01475906221057729,903.0740119867789,3.0,High
95950,Butte County,39.67,-121.59999999999992,0.6661988113305635,High,0.7956960184715383,0.2225,0.30000000000000004,0.0,970.6814428558469,3.0,High
96038,Lassen County,40.72000000000002,-120.63000000000008,0.6614354730996495,High,0.7049970062198905,0.4,0.2899999999999999,0.0,995.0776720333178,3.0,High
95970,Butte County,39.67,-121.59999999999992,0.6594239383723917,High,0.7013568990124457,0.16749999999999998,0.21999999999999997,0.012144583211002959,998.6308662575251,3.0,High
95988,Butte County,39.67,-121.59999999999992,0.6549024394950927,High,0.792136579098444,0.3175,0.13999999999999996,0.1509709151643968,893.023823176195,3.0,High
95957,Butte County,39.67,-121.59999999999992,0.6519007763126554,High,0.8022319553491917,0.335,0.11000000000000004,0.0,1166.2345899230504,3.0,High
96080,Lassen County,40.72000000000002,-120.63000000000008,0.6299504176492708,High,0.7402820345681069,0.8525,0.1399999999999999,0.22140252856089537,1092.6663558281455,3.0,High
96101,Shasta County,40.76,-122.04,0.6142964674607562,High,0.7747178737993077,0.94,-0.010000000000000009,0.06820139236121486,984.8962177209291,3.0,High
95943,Butte County,39.67,-121.59999999999992,0.6075420106499708,High,0.749325010685589,0.4,0.2,0.0,1369.259390365293,3.0,High
95987,Butte County,39.67,-121.59999999999992,0.577292677615311,High,0.6958257272694741,0.2175,0.06,0.004021934962730759,880.9877257624331,3.0,High
93243,Kern County,35.35000000000001,-118.73000000000002,0.2957769533722317,Low,0.8780904001192892,2.275,-0.1200000000000001,0.0,1433.0725665110606,2.0,Moderate
93531,Santa Barbara County,34.539999999999985,-120.03999999999998,0.2730970832309557,Low,0.896019272164297,2.8025,0.3200000000000003,0.0,1508.7316161242577,2.0,Moderate
95685,Sacramento County,38.45000000000002,-121.34000000000005,0.26208988085532703,Low,0.8470949849042346,2.0275,0.08999999999999986,0.023443868066705526,1404.5947585681056,-1.0,Outlier
94586,Contra Costa County,37.919999999999995,-121.94999999999996,0.2557881361594879,Low,0.8653518492126429,2.195,-0.41000000000000014,0.0,1932.037247679544,-1.0,Outlier
92036,San Diego County,33.01999999999999,-116.78000000000009,0.25494868635837337,Low,0.8508620699764622,2.645,-0.1499999999999999,0.0044486259748637786,1719.0144987019912,2.0,Moderate
95930,Butte County,39.67,-121.59999999999992,0.24821980878113736,Low,0.9139756920812728,2.7199999999999998,0.010000000000000231,2.2248707230694786,1197.6358653893624,-1.0,Outlier
92086,San Diego County,33.01999999999999,-116.78000000000009,0.24163132554482772,Low,0.9064536052759868,2.3175,0.28000000000000025,0.0,1611.3472243984997,2.0,Moderate
93287,Kern County,35.35000000000001,-118.73000000000002,0.2327984448283764,Low,0.9173006673471059,1.8025,-0.08000000000000007,0.0,1337.768456193277,2.0,Moderate
92358,San Bernardino County,34.86,-116.17999999999998,0.2268878290539272,Low,0.9048430629772924,2.8375,-0.040000000000000036,1.3488389132158742,1475.3013365855907,2.0,Moderate
93553,Santa Barbara County,34.539999999999985,-120.03999999999998,0.2244348184553932,Low,0.9073001473620307,1.35,0.1399999999999999,4.462882222261269,1274.2399011499074,2.0,Moderate
93518,Santa Barbara County,34.539999999999985,-120.03999999999998,0.22380686105701159,Low,0.8786322060573053,1.95,0.2699999999999998,0.018293695107596656,1617.5044369407324,2.0,Moderate
94569,Contra Costa County,37.919999999999995,-121.94999999999996,0.22339447196602544,Low,0.8712555101475579,1.73,-0.27,0.0,1348.7818292231968,1.0,Low
95458,Sonoma County,38.52999999999998,-122.92999999999998,0.22114957805628832,Low,0.8494077806419207,1.52,-0.09000000000000008,0.2659862292317318,1080.0365292060533,1.0,Low
92121,San Diego County,33.01999999999999,-116.78000000000009,0.22077585271250016,Low,0.8846268784650254,1.8399999999999999,-0.24,0.0,1480.02977629794,2.0,Moderate
91916,San Diego County,33.01999999999999,-116.78000000000009,0.21987227087016,Low,0.9002829315811138,2.7925,-0.03000000000000025,0.0,1568.6171737904847,2.0,Moderate
95924,Butte County,39.67,-121.59999999999992,0.2168593750933633,Low,0.8322242094223458,2.025,0.10000000000000009,0.0,1140.3468497939339,-1.0,Outlier
95470,Sonoma County,38.52999999999998,-122.92999999999998,0.21660926160067806,Low,0.8918429867690103,1.525,-0.040000000000000036,0.5995398841807189,1265.5986422587896,1.0,Low
92561,Riverside County,33.73000000000001,-116.0,0.2161845737425105,Low,0.898124444182633,1.9275,0.13999999999999968,0.1530021728978533,1775.5224931076882,2.0,Moderate
93644,Fresno County,36.76,-119.65999999999995,0.21166649010017763,Low,0.8851381153899575,2.3325,-0.2999999999999998,0.14447259765300352,1593.9856405199644,2.0,Moderate
93675,Fresno County,36.76,-119.65999999999995,0.21118837716017927,Low,0.8995037656156826,1.98,-0.050000000000000044,0.00231099372730274,1408.9176933437604,2.0,Moderate
93271,Kern County,35.35000000000001,-118.73000000000002,0.2095162739512419,Low,0.8625541499882547,2.0975,-0.029999999999999805,0.32037458182494266,1349.5781495127808,2.0,Moderate
92060,San Diego County,33.01999999999999,-116.78000000000009,0.20874811455801595,Low,0.9365794328743193,2.9425,0.5999999999999996,0.0,1677.0712077069488,2.0,Moderate
93614,Fresno County,36.76,-119.65999999999995,0.2069730588003742,Low,0.8772041777760222,2.265,-0.1299999999999999,0.2545755345314004,1421.1690427111046,2.0,Moderate
93601,Fresno County,36.76,-119.65999999999995,0.20583593999904964,Low,0.8505281066405401,2.4225,-0.31999999999999984,0.07280167864431834,1588.2054497974184,2.0,Moderate
93645,Fresno County,36.76,-119.65999999999995,0.20388167848286556,Low,0.9136395211024055,2.5275,0.28000000000000025,0.0,1941.674850538389,2.0,Moderate
93532,Santa Barbara County,34.539999999999985,-120.03999999999998,0.19967196288237946,Low,0.9014818366732342,2.4,-0.1299999999999999,0.433774296870745,1344.4424259274524,2.0,Moderate
93653,Fresno County,36.76,-119.65999999999995,0.1969096595217658,Low,0.9056403806484283,1.9175,0.07999999999999985,0.7520502639294353,1607.2425332072119,2.0,Moderate
93205,Kern County,35.35000000000001,-118.73000000000002,0.19658218263598234,Low,0.8618805710944614,2.0575,-0.15000000000000013,0.0,1042.020050883084,2.0,Moderate
92341,San Bernardino County,34.86,-116.17999999999998,0.19656544914723278,Low,0.888245589863478,2.9625,0.04999999999999982,0.3414410275280088,1326.8422908413668,2.0,Moderate
95569,Humboldt County,40.710000000000015,-123.92999999999996,0.19649544104673777,Low,0.9221151147450617,1.3875,0.5699999999999998,0.0,1210.5616199950166,-1.0,Outlier
93226,Kern County,35.35000000000001,-118.73000000000002,0.1922112141583152,Low,0.8934031135712789,2.0549999999999997,-0.16999999999999993,0.0,1071.4629230222604,2.0,Moderate
93603,Fresno County,36.76,-119.65999999999995,0.19073010094496073,Low,0.9155609664553784,2.4375,0.22999999999999998,0.0,1280.7341192483507,2.0,Moderate
92333,San Bernardino County,34.86,-116.17999999999998,0.18650588375420626,Low,0.9245771910391782,2.92,0.06000000000000005,0.0,1487.4636126764021,2.0,Moderate
91917,San Diego County,33.01999999999999,-116.78000000000009,0.1833774259625936,Low,0.9097927597130253,2.385,0.11000000000000032,0.5093862584321314,1560.793265985517,2.0,Moderate
93529,Santa Barbara County,34.539999999999985,-120.03999999999998,0.18297218750622002,Low,0.9410225711542604,2.8325,0.1499999999999999,0.0,1985.4067105996082,2.0,Moderate
92268,Riverside County,33.73000000000001,-116.0,0.1822959826713647,Low,0.9138311985461983,1.47,0.43999999999999995,0.22378974505872243,1624.77862273691,2.0,Moderate
93285,Kern County,35.35000000000001,-118.73000000000002,0.1821918098248274,Low,0.8794383736666661,2.3449999999999998,-0.050000000000000266,0.18066804305139703,1315.387959816434,2.0,Moderate
92372,San Bernardino County,34.86,-116.17999999999998,0.18147074911806355,Low,0.9097723923836409,1.3599999999999999,0.05999999999999983,0.2170418876624661,1226.4960253567253,2.0,Moderate
92378,San Bernardino County,34.86,-116.17999999999998,0.18026334131768346,Low,0.9265853199523338,3.0075,0.23999999999999977,0.0,1352.572464550398,2.0,Moderate
95309,Santa Clara County,37.22000000000002,-121.69000000000004,0.17711496165920093,Low,0.9209214000162308,2.105,0.029999999999999805,0.0,1378.5541370172837,-1.0,Outlier
95528,Humboldt County,40.710000000000015,-123.92999999999996,0.1766881648993227,Low,0.9135169199627138,1.775,0.030000000000000027,0.010701509799350894,997.6014265509364,-1.0,Outlier
93262,0,0.0,0.0,0.17455166841803268,Low,0.8976469175674717,2.675,-0.0900000000000003,0.0,1096.1875,0.0,0
91948,San Diego County,33.01999999999999,-116.78000000000009,0.17448831184789818,Low,0.9302274309705988,3.0225,0.20999999999999996,0.0,1061.1205361514722,2.0,Moderate
92536,Riverside County,33.73000000000001,-116.0,0.17322425584176246,Low,0.8958095722514453,2.05,0.10999999999999988,0.5754958008050642,1690.0329794905313,2.0,Moderate
91931,San Diego County,33.01999999999999,-116.78000000000009,0.17290304041563287,Low,0.9098803855241506,2.4699999999999998,-0.1299999999999999,0.0,1521.1160250832245,2.0,Moderate
93641,Fresno County,36.76,-119.65999999999995,0.17261642321845996,Low,0.9353106127463614,2.465,-0.44999999999999973,0.0021395215858191173,1711.2890142015885,2.0,Moderate
95548,Humboldt County,40.710000000000015,-123.92999999999996,0.17214389705246924,Low,0.9055136481457787,1.645,-0.050000000000000044,0.0,1016.6419079488237,-1.0,Outlier
91935,San Diego County,33.01999999999999,-116.78000000000009,0.1708047120161433,Low,0.9099138345054255,2.34,0.06999999999999984,0.4809660555970576,1864.9830714807622,2.0,Moderate
91963,San Diego County,33.01999999999999,-116.78000000000009,0.16907652690681316,Low,0.9397866254513739,2.135,-0.020000000000000018,0.13167720416189577,1327.0292103084762,2.0,Moderate
93517,Santa Barbara County,34.539999999999985,-120.03999999999998,0.16850316279576938,Low,0.9067456175324403,1.7,-0.07000000000000006,0.004944749289342467,1258.744295404285,2.0,Moderate
91980,San Diego County,33.01999999999999,-116.78000000000009,0.16645050490322444,Low,0.9267767755873375,2.6025,0.16999999999999993,0.0,1144.6677170868347,2.0,Moderate
92066,San Diego County,33.01999999999999,-116.78000000000009,0.1653750927187931,Low,0.9228450131152987,1.84,0.1499999999999999,0.701592322467126,1392.048291917871,2.0,Moderate
91962,San Diego County,33.01999999999999,-116.78000000000009,0.163004893883777,Low,0.9122224882531588,2.65,-0.1200000000000001,0.0,1561.179631389119,2.0,Moderate
92326,San Bernardino County,34.86,-116.17999999999998,0.16197301812652284,Low,0.9430420918491028,2.7175,0.20000000000000018,0.0,1908.5908830573778,2.0,Moderate
95421,Sonoma County,38.52999999999998,-122.92999999999998,0.16067771940475972,Low,0.9193495282228609,2.2725,-0.06999999999999984,0.00843987555778098,1292.291781316651,-1.0,Outlier
92315,San Bernardino County,34.86,-116.17999999999998,0.1605852254239999,Low,0.9128803095067872,2.575,-0.029999999999999805,0.058103834155157054,1255.5413694030399,2.0,Moderate
95415,Sonoma County,38.52999999999998,-122.92999999999998,0.15922422095637792,Low,0.924361647466198,1.6675,-0.010000000000000009,0.0,1474.7423245054224,1.0,Low
92549,Riverside County,33.73000000000001,-116.0,0.15615798947618162,Low,0.912675205587004,2.92,-0.08000000000000007,0.29242041817387143,1393.1812525040352,2.0,Moderate
95686,Sacramento County,38.45000000000002,-121.34000000000005,0.15263588617735357,Low,0.9666216140282768,0.205,0.3,0.3445739236845033,948.8313845972513,1.0,Low
95375,Santa Clara County,37.22000000000002,-121.69000000000004,0.1516101458290871,Low,0.9139325643122316,2.9074999999999998,-0.03000000000000025,0.06280628514266523,1436.9848564822762,-1.0,Outlier
93510,Santa Barbara County,34.539999999999985,-120.03999999999998,0.1492723956761397,Negligible,0.9096679064944694,1.79,0.07000000000000006,0.00692682151987945,1836.324439166204,-1.0,Outlier
95254,Alameda County,37.64999999999999,-121.90999999999995,0.14772818633725734,Negligible,0.9182474701526981,1.6925,-0.020000000000000018,0.0,1697.9659581126214,1.0,Low
95728,Sacramento County,38.45000000000002,-121.34000000000005,0.14767342658488225,Negligible,0.9514571286401485,2.58,0.020000000000000018,0.043089772899274056,1712.223245895835,-1.0,Outlier
91901,San Diego County,33.01999999999999,-116.78000000000009,0.14750467477635212,Negligible,0.9258549785128579,2.37,0.06000000000000005,1.029061019144272,1663.0609570978718,2.0,Moderate
93623,Fresno County,36.76,-119.65999999999995,0.14720925503017535,Negligible,0.9031552153495617,2.65,-0.11000000000000032,0.027875456244992432,1579.2868624913763,2.0,Moderate
95585,Humboldt County,40.710000000000015,-123.92999999999996,0.14489277894445107,Negligible,0.9252607068520269,2.3025,0.2999999999999998,0.0,1829.282858917225,-1.0,Outlier
93265,Kern County,35.35000000000001,-118.73000000000002,0.14400740041570556,Negligible,0.8985706038275313,1.7675,0.07000000000000006,2.549436643484885,1249.3074737400275,-1.0,Outlier
93022,Ventura County,34.36000000000001,-119.13000000000008,0.14362605292285271,Negligible,0.9058993957504371,1.4275,-0.08000000000000007,0.3866562922858351,1038.8924605478471,2.0,Moderate
94923,Marin County,38.049999999999976,-122.75,0.14253394454003576,Negligible,0.9116187513544025,1.42,-0.21999999999999997,0.0042700993211125,1372.7387501452445,1.0,Low
95252,Alameda County,37.64999999999999,-121.90999999999995,0.14016131460725842,Negligible,0.9348667975006324,1.7525,0.1100000000000001,0.1811867653475754,1252.3559117988839,-1.0,Outlier
93238,Kern County,35.35000000000001,-118.73000000000002,0.13831520929138613,Negligible,0.8944510107498199,2.0875,-0.20999999999999996,0.0625439757842408,1253.829982955766,2.0,Moderate
95558,Humboldt County,40.710000000000015,-123.92999999999996,0.13805448013487107,Negligible,0.9318464994674035,1.9075,-0.16000000000000014,2.526052186159325,1416.7317900185285,-1.0,Outlier
93667,Fresno County,36.76,-119.65999999999995,0.13706461756202437,Negligible,0.9232819331288186,2.3475,-0.020000000000000018,0.05004485012173605,1474.1484920579594,2.0,Moderate
92325,San Bernardino County,34.86,-116.17999999999998,0.13673658293533192,Negligible,0.9215556532211211,2.97,0.04999999999999982,0.10233312321002769,1249.9327019119269,2.0,Moderate
93628,Fresno County,36.76,-119.65999999999995,0.13653275683385716,Negligible,0.9102152489396856,2.91,-0.14000000000000012,0.0,1496.0877738582572,2.0,Moderate
92059,San Diego County,33.01999999999999,-116.78000000000009,0.13590611216480306,Negligible,0.9122458900742567,2.8475,-0.15000000000000036,0.0,2497.085896731226,2.0,Moderate
92678,Orange County,33.67999999999998,-117.78000000000009,0.13494782736221944,Negligible,0.9486514908773902,2.7875,0.28000000000000025,0.0,2315.606383427066,2.0,Moderate
95570,Humboldt County,40.710000000000015,-123.92999999999996,0.13457030417843166,Negligible,0.9243386845012053,1.56,-0.04999999999999982,0.0,1282.9192322616886,-1.0,Outlier
95663,Sacramento County,38.45000000000002,-121.34000000000005,0.13367724287201513,Negligible,0.9394397336407456,1.5725,0.09999999999999987,0.06244671384382342,1489.750952674353,1.0,Low
92082,San Diego County,33.01999999999999,-116.78000000000009,0.13194631807360305,Negligible,0.9193874823883592,1.9275,-0.11999999999999988,0.0640707986016234,1652.7456452199272,2.0,Moderate
93651,Fresno County,36.76,-119.65999999999995,0.13163305163814498,Negligible,0.9273995217348298,2.0300000000000002,0.09000000000000008,0.05226855414165107,1679.2088970404766,2.0,Moderate
92029,San Diego County,33.01999999999999,-116.78000000000009,0.13088585932733937,Negligible,0.9307214939055104,1.6625,-0.27,0.4627725581749127,1523.4562620350905,2.0,Moderate
93023,Ventura County,34.36000000000001,-119.13000000000008,0.1304404467504979,Negligible,0.9396135746750873,1.5325,-0.07000000000000006,0.1030837435852892,1433.4533060093668,2.0,Moderate
94922,Marin County,38.049999999999976,-122.75,0.1302690014993375,Negligible,0.9257695748528781,1.7425,0.07000000000000006,0.002151081867645198,1753.6620669468823,1.0,Low
93664,Fresno County,36.76,-119.65999999999995,0.12962559528854908,Negligible,0.9156924420928553,2.96,-0.16000000000000014,3.2592089195146023,1749.505569779082,-1.0,Outlier
95226,Alameda County,37.64999999999999,-121.90999999999995,0.1295216826053534,Negligible,0.9653620708958264,2.385,0.6000000000000001,0.0,1894.0672567016318,-1.0,Outlier
95814,Sacramento County,38.45000000000002,-121.34000000000005,0.1289975466708188,Negligible,0.9167705993148416,0.28,0.19000000000000003,0.285607999684867,990.7742765643137,1.0,Low
95658,Sacramento County,38.45000000000002,-121.34000000000005,0.1280449432964464,Negligible,0.923386790612558,1.825,-0.06999999999999984,0.35807265588452475,1541.0141856836417,-1.0,Outlier
95692,Sacramento County,38.45000000000002,-121.34000000000005,0.1279710720886833,Negligible,0.9371973641367468,0.4625,0.17000000000000004,0.5822805140979219,981.9472609665718,1.0,Low
95555,Humboldt County,40.710000000000015,-123.92999999999996,0.12692275170709852,Negligible,0.9266226435491752,1.715,0.08999999999999986,0.0,1221.9747247029227,-1.0,Outlier
91301,Los Angeles County,34.20000000000002,-118.26000000000008,0.1267465325953359,Negligible,0.9063564261421093,0.8225,-0.06000000000000005,3.7005313256550525,1959.2929842814626,2.0,Moderate
95345,Santa Clara County,37.22000000000002,-121.69000000000004,0.1262758303206149,Negligible,0.9354486652238523,3.0524999999999998,0.03000000000000025,0.0,1538.7396385778652,-1.0,Outlier
95318,Santa Clara County,37.22000000000002,-121.69000000000004,0.12565371971129086,Negligible,0.9555154472302029,3.1574999999999998,0.31999999999999984,0.6871262252733642,1655.8625182823255,-1.0,Outlier
92382,San Bernardino County,34.86,-116.17999999999998,0.1248049747769876,Negligible,0.9472437774675698,3.015,0.17999999999999972,0.06839032683266749,1269.6054487066951,2.0,Moderate
91905,San Diego County,33.01999999999999,-116.78000000000009,0.12322551613673133,Negligible,0.9322224816912512,2.045,0.2300000000000002,0.01919847838767393,1497.6123154894358,2.0,Moderate
92317,San Bernardino County,34.86,-116.17999999999998,0.12128287713505158,Negligible,0.9634773374900731,2.9875,0.4400000000000004,0.0,1812.7306044366785,2.0,Moderate
95422,Sonoma County,38.52999999999998,-122.92999999999998,0.12038563891566642,Negligible,0.9398389438774387,1.4224999999999999,-0.09000000000000008,0.5381813166310081,955.9761737210788,1.0,Low
95374,Santa Clara County,37.22000000000002,-121.69000000000004,0.11930289502046314,Negligible,0.9895873385913391,0.2175,0.19,0.04216046775376447,888.257565780423,1.0,Low
93426,San Luis Obispo County,35.38999999999999,-120.44999999999992,0.11908870905090532,Negligible,0.9229607110133258,2.7624999999999997,-0.10999999999999988,0.0,1411.9509197348116,2.0,Moderate
95033,Santa Clara County,37.22000000000002,-121.69000000000004,0.11884772531939702,Negligible,0.92291008827467,2.5,-0.31000000000000005,0.06902223402421608,2153.3078451544898,-1.0,Outlier
92257,Riverside County,33.73000000000001,-116.0,0.11833765683411249,Negligible,0.9401316340472892,0.3275,0.28,5.830941782827691,814.5088033307312,2.0,Moderate
93541,Santa Barbara County,34.539999999999985,-120.03999999999998,0.11765680451961896,Negligible,0.9315768927219593,1.5975000000000001,-0.15999999999999992,0.0,1529.6061014967177,2.0,Moderate
95694,Sacramento County,38.45000000000002,-121.34000000000005,0.11687661982581111,Negligible,0.9477273680349507,0.4375,0.23999999999999994,3.0306015599869514,1001.2309583899932,-1.0,Outlier
93432,San Luis Obispo County,35.38999999999999,-120.44999999999992,0.11644004389280052,Negligible,0.9376919949015396,1.6875,0.24,0.06993544908090277,1516.0561147304502,2.0,Moderate
92322,San Bernardino County,34.86,-116.17999999999998,0.11552542429253185,Negligible,0.9574860272831283,3.0775,0.20999999999999996,0.0,1360.866602918751,2.0,Moderate
92539,Riverside County,33.73000000000001,-116.0,0.11504263576163021,Negligible,0.918119700355035,1.9274999999999998,0.22999999999999976,0.0005550868155779564,1734.996619293515,2.0,Moderate
92676,Orange County,33.67999999999998,-117.78000000000009,0.11371140716310685,Negligible,0.9138611947562136,3.1075,-0.33000000000000007,0.34903578927644907,1788.100660380226,2.0,Moderate
92321,San Bernardino County,34.86,-116.17999999999998,0.11271923525800401,Negligible,0.9491927463154485,3.05,0.3500000000000001,0.0,1586.8058852816066,2.0,Moderate
92003,San Diego County,33.01999999999999,-116.78000000000009,0.11271366304378976,Negligible,0.9384900842127509,1.4625,0.030000000000000027,0.04892801695218277,1911.042549811712,2.0,Moderate
94940,Marin County,38.049999999999976,-122.75,0.11158834700438741,Negligible,0.9480781958173905,1.4175,-0.09000000000000008,0.0,1604.4493984614298,1.0,Low
95112,Santa Clara County,37.22000000000002,-121.69000000000004,0.11090375240012433,Negligible,0.9851312256258242,0.275,0.29,0.4748750792696125,1010.0333771577407,1.0,Low
92391,San Bernardino County,34.86,-116.17999999999998,0.11010836859165171,Negligible,0.9381852969845224,2.9699999999999998,0.3700000000000001,0.2674039597706033,1341.5706361289263,2.0,Moderate
93924,Monterey County,36.24,-121.32000000000002,0.10970455454138839,Negligible,0.9482022337958071,2.64,-0.16000000000000014,2.300227270134422,2028.9867699417143,-1.0,Outlier
92397,San Bernardino County,34.86,-116.17999999999998,0.10787886520496494,Negligible,0.9266420026022573,2.615,-0.2999999999999998,0.0008936090510443788,1261.5205598418997,2.0,Moderate
95655,Sacramento County,38.45000000000002,-121.34000000000005,0.1062187650292632,Negligible,0.9758276621176236,0.33,0.09000000000000002,0.0036964376465405484,992.5586779632691,1.0,Low
95672,Sacramento County,38.45000000000002,-121.34000000000005,0.10507448523300923,Negligible,0.9413753322570909,2.105,-0.029999999999999805,0.4250534227253509,1584.0278701770674,-1.0,Outlier
92339,San Bernardino County,34.86,-116.17999999999998,0.10481820944707511,Negligible,0.9400523032948354,3.0025,0.04999999999999982,0.12004281578067345,1285.1079016971676,2.0,Moderate
92028,San Diego County,33.01999999999999,-116.78000000000009,0.10401114626997665,Negligible,0.9558992448876475,1.425,0.050000000000000044,0.19269249292059148,1422.0616446919566,2.0,Moderate
95811,Sacramento County,38.45000000000002,-121.34000000000005,0.10389684084781875,Negligible,0.9549089597659786,0.3225,0.19,0.09347309384317078,986.5028494601377,1.0,Low
93260,Kern County,35.35000000000001,-118.73000000000002,0.10122689843770152,Negligible,0.931035299918289,2.675,-0.08999999999999986,0.5028653838855365,984.0506813625758,2.0,Moderate
93221,Kern County,35.35000000000001,-118.73000000000002,0.10037346134746007,Negligible,0.9623149798576784,0.585,0.07000000000000006,0.5463272304470875,942.5656571721512,0.0,Negligible
91906,San Diego County,33.01999999999999,-116.78000000000009,0.1002967590232084,Negligible,0.9443474371965314,2.135,0.040000000000000036,0.03676331534910331,1126.166132515254,2.0,Moderate
95607,Sacramento County,38.45000000000002,-121.34000000000005,0.09889520451272432,Negligible,0.9494084755851274,0.86,0.20999999999999996,0.3598061877667141,1305.4118107113889,1.0,Low
93225,Kern County,35.35000000000001,-118.73000000000002,0.09883265446367794,Negligible,0.9425126800627205,2.1125,-0.009999999999999787,0.12671168389139392,1157.7488407194294,2.0,Moderate
92040,San Diego County,33.01999999999999,-116.78000000000009,0.09842800697548765,Negligible,0.9424088525315083,1.37,0.030000000000000027,0.1572662192218183,1212.2289879269847,2.0,Moderate
95225,Alameda County,37.64999999999999,-121.90999999999995,0.09756313903851231,Negligible,0.9558183230235217,1.3825,0.79,0.45154000035643,1500.3095779764828,1.0,Low
94060,San Francisco County,37.73000000000001,-123.03000000000009,0.09746073751481477,Negligible,0.9424420481655781,1.6175,0.17999999999999994,1.4246588969095724,2258.0071052856924,-1.0,Outlier
94973,Marin County,38.049999999999976,-122.75,0.09700344161812788,Negligible,0.9578132694452124,2.2475,-0.10999999999999988,0.03485390978608916,1556.9446129123207,-1.0,Outlier
95424,Sonoma County,38.52999999999998,-122.92999999999998,0.09623770402742318,Negligible,0.9810566523173253,1.2075,0.27,0.0,1201.6005727125385,1.0,Low
95524,Humboldt County,40.710000000000015,-123.92999999999996,0.0946368897443939,Negligible,0.9497543456996159,1.225,0.13000000000000012,1.5208662731987175,1162.7923616179387,-1.0,Outlier
92314,San Bernardino County,34.86,-116.17999999999998,0.09448642998523486,Negligible,0.9264598846606773,2.3475,-0.1200000000000001,0.05938870971270312,1070.4987449249502,2.0,Moderate
95423,Sonoma County,38.52999999999998,-122.92999999999998,0.0943927335254856,Negligible,0.9588275563717769,1.1175,0.020000000000000018,2.498177956660762,996.794963264425,-1.0,Outlier
93421,San Luis Obispo County,35.38999999999999,-120.44999999999992,0.09348251051164352,Negligible,0.9704941754792108,2.4,2.0,0.0,2699.1,-1.0,Outlier
95494,Sonoma County,38.52999999999998,-122.92999999999998,0.09306013781084031,Negligible,0.949774575692076,2.3675,-0.03000000000000025,0.0,2266.455949250253,-1.0,Outlier
95039,Santa Clara County,37.22000000000002,-121.69000000000004,0.09280937386838556,Negligible,0.9683498814197294,0.4275,0.17000000000000004,0.0,967.5644970389216,1.0,Low
95724,Sacramento County,38.45000000000002,-121.34000000000005,0.09273203294997029,Negligible,0.9666387677084382,2.5575,-0.1499999999999999,0.0,2722.2061317021385,-1.0,Outlier
95258,Alameda County,37.64999999999999,-121.90999999999995,0.09253043034692508,Negligible,0.9809835434247665,0.395,0.2,0.2090589887668885,1079.62590804963,-1.0,Outlier
93544,Santa Barbara County,34.539999999999985,-120.03999999999998,0.0913443144767225,Negligible,0.9543772996373768,1.055,0.1299999999999999,0.4897309274235146,1359.878522700481,2.0,Moderate
90088,0,0.0,0.0,0.09110114656002569,Negligible,0.9834709742239522,3.6666666666666665,1.0,0.0,2099.6153846153848,0.0,0
93429,San Luis Obispo County,35.38999999999999,-120.44999999999992,0.09093006298338299,Negligible,0.9623976647145026,1.8675,-0.27,0.0,826.3669769989046,2.0,Moderate
93701,Fresno County,36.76,-119.65999999999995,0.090628878773036,Negligible,0.9608918749280784,0.1625,0.17,0.2534723923428063,888.8641654052589,0.0,Negligible
95640,Sacramento County,38.45000000000002,-121.34000000000005,0.08932347049064769,Negligible,0.9502672039956714,0.97,0.13,0.27892673583699695,1046.3285393913302,1.0,Low
95674,Sacramento County,38.45000000000002,-121.34000000000005,0.08886029372865106,Negligible,0.9594500888739242,0.3025,0.13,0.43181672293927775,1305.0939315234864,1.0,Low
94572,Contra Costa County,37.919999999999995,-121.94999999999996,0.08753654044458115,Negligible,0.9618946885091849,0.2925,0.2,0.297924824235717,961.6451551680844,-1.0,Outlier
93255,Kern County,35.35000000000001,-118.73000000000002,0.0875253608465444,Negligible,0.9629509645152836,1.4925,0.020000000000000018,0.0,1508.0298727211105,2.0,Moderate
94508,Contra Costa County,37.919999999999995,-121.94999999999996,0.08575513799208007,Negligible,0.9073400932572153,2.6275,-0.18999999999999995,2.162502394202148,2419.766170358652,-1.0,Outlier
95619,Sacramento County,38.45000000000002,-121.34000000000005,0.08510876585073505,Negligible,0.9339445737155624,2.1125,-0.17000000000000037,0.03504381410314204,1221.4753014913806,-1.0,Outlier
91978,San Diego County,33.01999999999999,-116.78000000000009,0.08468345543880598,Negligible,0.9319180054084201,1.4,-0.28,0.14925019037745077,1343.1433858716423,2.0,Moderate
95231,Alameda County,37.64999999999999,-121.90999999999995,0.08465954380241741,Negligible,0.9548436411300413,0.23249999999999998,0.15,0.3992542875690518,971.6705686230399,-1.0,Outlier
95603,Sacramento County,38.45000000000002,-121.34000000000005,0.08416309610461929,Negligible,0.9494391122088908,1.7075,-0.1100000000000001,0.16742418993742056,1294.3928538898592,-1.0,Outlier
95623,Sacramento County,38.45000000000002,-121.34000000000005,0.0836795265112764,Negligible,0.9496533874600853,2.1025,0.020000000000000018,0.4012179546711414,1369.642601400246,-1.0,Outlier
93206,Kern County,35.35000000000001,-118.73000000000002,0.08307450468896001,Negligible,0.961171243591946,0.3025,0.14999999999999997,0.4264133775289453,937.8712656613716,0.0,Negligible
93207,Kern County,35.35000000000001,-118.73000000000002,0.08297742503899712,Negligible,0.9603200028405674,2.9375,-0.26000000000000023,0.0,997.5160557770323,2.0,Moderate
96089,Lassen County,40.72000000000002,-120.63000000000008,0.0820278189197241,Negligible,0.9331343735561644,1.6325,-0.08000000000000007,0.2402134887850828,1026.7186275312815,-1.0,Outlier
92256,Riverside County,33.73000000000001,-116.0,0.08149507193712739,Negligible,0.9428682502633341,1.43,-0.09000000000000008,0.058764281972145796,973.2586315990434,2.0,Moderate
92352,San Bernardino County,34.86,-116.17999999999998,0.08123842886618635,Negligible,0.9645555512157216,2.975,0.3600000000000003,0.0629139404196755,1862.8495578824652,2.0,Moderate
93301,Kern County,35.35000000000001,-118.73000000000002,0.081039319944622,Negligible,0.9629415279300547,0.3125,0.19999999999999998,0.660200918685317,931.5226542541136,0.0,Negligible
92258,Riverside County,33.73000000000001,-116.0,0.08082027783177503,Negligible,0.9890993095175473,0.2775,0.35000000000000003,0.0,986.8137443737193,2.0,Moderate
93222,Kern County,35.35000000000001,-118.73000000000002,0.08032213420653388,Negligible,0.9346581990254986,2.6875,-0.10000000000000009,0.0879055724100283,1212.390072497175,2.0,Moderate
92305,San Bernardino County,34.86,-116.17999999999998,0.07959236597387356,Negligible,0.9567910333014987,3.0575,0.08999999999999986,0.08141160341050123,1211.4259209979105,2.0,Moderate
91208,Los Angeles County,34.20000000000002,-118.26000000000008,0.07951464885910783,Negligible,0.956555001491334,1.3675,-0.24,0.1548734415656319,1644.3284403698015,2.0,Moderate
93652,Fresno County,36.76,-119.65999999999995,0.0785880681594236,Negligible,0.9699030794552839,0.2475,0.29,0.0,1159.9654751131222,0.0,Negligible
95428,Sonoma County,38.52999999999998,-122.92999999999998,0.07782974884256896,Negligible,0.9636755426613829,1.1800000000000002,0.16999999999999993,1.062409179231662,1359.317985265146,1.0,Low
93932,Monterey County,36.24,-121.32000000000002,0.07767470438143126,Negligible,0.982077010254313,1.1275,0.31000000000000005,0.0,1398.1081930041692,2.0,Moderate
96156,0,0.0,0.0,0.07740100170972067,Negligible,0.9806059977629124,3.25,0.5,0.0,1340.75,0.0,0
90057,Los Angeles County,34.20000000000002,-118.26000000000008,0.07694617209577194,Negligible,0.9757974671834713,0.1775,0.27,0.0,1160.3255150651976,2.0,Moderate
92404,San Bernardino County,34.86,-116.17999999999998,0.07483959688593238,Negligible,0.9719390927643642,0.345,0.12,0.32677687780665576,919.959866640246,2.0,Moderate
94037,San Francisco County,37.73000000000001,-123.03000000000009,0.07474122016633798,Negligible,0.9720967917295361,1.27,0.49,0.006795001602979187,1532.3687327051935,1.0,Low
90015,Los Angeles County,34.20000000000002,-118.26000000000008,0.07470724189853495,Negligible,0.9512232018531247,0.3625,0.17000000000000004,0.0,1333.4482671444239,2.0,Moderate
95203,Alameda County,37.64999999999999,-121.90999999999995,0.07364472280690836,Negligible,0.9782365107313147,0.29500000000000004,0.13,0.14683685890493983,898.6216784799815,-1.0,Outlier
95369,Santa Clara County,37.22000000000002,-121.69000000000004,0.07336561410254251,Negligible,0.9570531246649038,0.4375,0.19,0.0,945.7325210770734,1.0,Low
94931,Marin County,38.049999999999976,-122.75,0.07321806176599416,Negligible,0.9541811639876541,0.355,0.20999999999999996,0.2504247962273258,1061.19237385017,1.0,Low
95221,Alameda County,37.64999999999999,-121.90999999999995,0.07306995936808788,Negligible,0.9738861878150423,0.525,1.66,0.0,1668.2521440466278,1.0,Low
95482,Sonoma County,38.52999999999998,-122.92999999999998,0.07263214615729337,Negligible,0.977610712445022,0.915,0.14,0.49424067318640275,1057.7794920545932,1.0,Low
95141,Santa Clara County,37.22000000000002,-121.69000000000004,0.07247357464549835,Negligible,0.9600248677712436,2.4825,0.13999999999999968,0.0,2585.2454755023396,-1.0,Outlier
95237,Alameda County,37.64999999999999,-121.90999999999995,0.07236251674848493,Negligible,0.9753932479436994,0.3225,0.15999999999999998,0.10336876476238706,977.3480118862568,-1.0,Outlier
92083,San Diego County,33.01999999999999,-116.78000000000009,0.07234246078770627,Negligible,0.9624652863885023,0.415,0.14,0.2943663288130545,945.1214376356967,2.0,Moderate
93526,Santa Barbara County,34.539999999999985,-120.03999999999998,0.07223334040266621,Negligible,0.9564389560535089,0.6225,0.20999999999999996,0.0,969.4868078206641,2.0,Moderate
92061,San Diego County,33.01999999999999,-116.78000000000009,0.07115735993771795,Negligible,0.9634900366432454,1.3625,0.24,0.04147604986165767,1735.510100343724,2.0,Moderate
95638,Sacramento County,38.45000000000002,-121.34000000000005,0.07099454702369061,Negligible,0.9808589818803295,0.385,0.24,0.38926950200565935,1269.3850359182188,1.0,Low
92359,San Bernardino County,34.86,-116.17999999999998,0.0689469301565761,Negligible,0.989300785286088,0.9275,0.24,0.10255628875162624,1030.437867811882,2.0,Moderate
92254,Riverside County,33.73000000000001,-116.0,0.06867017157218488,Negligible,0.9561659538990233,0.295,0.24,0.0,880.4066242169141,2.0,Moderate
94607,Alameda County,37.64999999999999,-121.90999999999995,0.06783540463999423,Negligible,0.976506638308215,0.255,0.19999999999999998,0.6627566678956109,1368.5118645310743,1.0,Low
95002,Santa Clara County,37.22000000000002,-121.69000000000004,0.06759158621770467,Negligible,0.9809068432321915,0.2475,0.29000000000000004,0.0035206308970567525,898.7212179669564,1.0,Low
93428,San Luis Obispo County,35.38999999999999,-120.44999999999992,0.0675673067336911,Negligible,0.9307491451869395,1.925,-0.5700000000000001,0.013881882331680109,1165.481192630782,2.0,Moderate
93427,San Luis Obispo County,35.38999999999999,-120.44999999999992,0.06708549996130611,Negligible,0.993593271437986,0.5075000000000001,0.25,0.0,1054.6723503997491,2.0,Moderate
91390,Los Angeles County,34.20000000000002,-118.26000000000008,0.0670214316980967,Negligible,0.9514918691545904,1.54,0.010000000000000009,0.13491145983548844,1666.151277142592,2.0,Moderate
95220,Alameda County,37.64999999999999,-121.90999999999995,0.06659066744333189,Negligible,0.9608879724070585,0.34750000000000003,0.25,0.42319781976861026,1289.6247817961362,1.0,Low
95323,Santa Clara County,37.22000000000002,-121.69000000000004,0.06595926499651102,Negligible,0.9828252922419264,0.3,0.12,0.0,901.6316251419613,1.0,Low
95433,Sonoma County,38.52999999999998,-122.92999999999998,0.06584611764611718,Negligible,0.989456544438618,0.28500000000000003,0.62,0.0,969.4438743075107,1.0,Low
95668,Sacramento County,38.45000000000002,-121.34000000000005,0.06582029686775662,Negligible,0.9756041160599864,0.27,0.26,0.0,1414.8234544380628,1.0,Low
95841,Sacramento County,38.45000000000002,-121.34000000000005,0.06528742932585511,Negligible,0.9596792819252209,0.2275,0.16,0.34903088010448063,928.830097506513,1.0,Low
93626,Fresno County,36.76,-119.65999999999995,0.06486915748260956,Negligible,0.9509421750682532,1.7,-0.030000000000000027,0.02351054141225878,1516.2402122637957,2.0,Moderate
90755,Los Angeles County,34.20000000000002,-118.26000000000008,0.06478871603238137,Negligible,0.9896993339231844,0.3775,0.22999999999999998,0.005406798326344102,1034.0602098248946,2.0,Moderate
95439,Sonoma County,38.52999999999998,-122.92999999999998,0.06470621324064196,Negligible,0.9760757271430816,0.365,0.26,0.09713532475892613,1228.2995055127064,1.0,Low
95132,Santa Clara County,37.22000000000002,-121.69000000000004,0.0646247973080062,Negligible,0.9841667356113584,0.295,0.17,0.20700105334913488,938.8540655595532,1.0,Low
95127,Santa Clara County,37.22000000000002,-121.69000000000004,0.06450900132209376,Negligible,0.9756745488387815,0.48250000000000004,0.13000000000000006,0.22205815357692893,979.9594339827067,1.0,Low
90305,Los Angeles County,34.20000000000002,-118.26000000000008,0.06410535843636062,Negligible,0.9830257977915153,0.2375,0.27,0.1771380701419018,1032.7363796294064,2.0,Moderate
93528,Santa Barbara County,34.539999999999985,-120.03999999999998,0.06389145424746802,Negligible,0.988126161622802,0.3775,0.72,0.0,697.018471803027,2.0,Moderate
93447,0,0.0,0.0,0.06381996651251684,Negligible,0.9849690586773779,0.905,1.81,0.0,1060.5,0.0,0
92088,San Diego County,33.01999999999999,-116.78000000000009,0.06354785947066931,Negligible,0.9846724522652144,1.9375,0.5,0.0,1556.25,0.0,Negligible
95966,Butte County,39.67,-121.59999999999992,0.06347671522259445,Negligible,0.9398345000777514,1.7575,-0.050000000000000044,0.7552400192316173,1193.851743171841,-1.0,Outlier
94585,Contra Costa County,37.919999999999995,-121.94999999999996,0.06330996488115827,Negligible,0.9922185246380916,0.23249999999999998,0.18000000000000002,0.24966196554716932,980.5678251831537,-1.0,Outlier
93609,Fresno County,36.76,-119.65999999999995,0.06316641828515565,Negligible,0.9849484152204153,0.2875,0.14,0.022269093260807598,877.0450153215899,0.0,Negligible
92385,San Bernardino County,34.86,-116.17999999999998,0.06306376069025983,Negligible,0.9785640634947894,2.9675000000000002,0.3599999999999999,0.0,2303.152874690008,2.0,Moderate
96123,Shasta County,40.76,-122.04,0.06301016377474591,Negligible,0.9744083649571299,2.125,0.25,0.0,1914.2374240666163,-1.0,Outlier
95626,Sacramento County,38.45000000000002,-121.34000000000005,0.06283484052848154,Negligible,0.9764092847442266,0.2425,0.11000000000000001,0.2313088566553449,939.1726784115826,1.0,Low
91042,Los Angeles County,34.20000000000002,-118.26000000000008,0.06270389995208092,Negligible,0.9688614336040412,0.8775,0.14,0.5929468500480879,1031.1476990705,2.0,Moderate
94305,San Mateo County,37.40999999999998,-122.36999999999992,0.06263307812213592,Negligible,0.9533877841079785,1.4100000000000001,-0.19999999999999996,0.14390283458629027,1955.8325821650233,1.0,Low
90006,Los Angeles County,34.20000000000002,-118.26000000000008,0.0625232925366142,Negligible,0.9797463581792455,0.255,0.3,0.7490249893613705,1304.1430183599712,2.0,Moderate
95303,Santa Clara County,37.22000000000002,-121.69000000000004,0.06205825067168738,Negligible,0.9850311437427375,0.345,0.12,0.0,934.3425832408406,1.0,Low
93040,Ventura County,34.36000000000001,-119.13000000000008,0.061772085964961816,Negligible,0.9955055874960567,0.46249999999999997,0.38999999999999996,0.0,1046.6143366185138,2.0,Moderate
95230,Alameda County,37.64999999999999,-121.90999999999995,0.06172964821140389,Negligible,0.9771787421266256,0.4675,0.010000000000000009,0.0,1085.9577223157876,-1.0,Outlier
95013,Santa Clara County,37.22000000000002,-121.69000000000004,0.06135232072034926,Negligible,0.9867391802064636,0.835,1.67,0.0,2048.5,-1.0,Outlier
95547,Humboldt County,40.710000000000015,-123.92999999999996,0.0611667324063523,Negligible,0.9803382214585012,0.73,0.30000000000000004,0.018282594666701315,967.0235126853244,-1.0,Outlier
92065,San Diego County,33.01999999999999,-116.78000000000009,0.06090467238431799,Negligible,0.9730230090229983,1.59,0.05999999999999983,0.08932547515128547,1420.0145993737601,2.0,Moderate
91020,Los Angeles County,34.20000000000002,-118.26000000000008,0.06085528245313637,Negligible,0.9787614767666604,0.2925,0.35,0.2790244644228929,955.5861933024177,2.0,Moderate
95625,Sacramento County,38.45000000000002,-121.34000000000005,0.060205470884379775,Negligible,0.9874850026829042,0.215,0.43,0.0,952.3664042484122,1.0,Low
92363,San Bernardino County,34.86,-116.17999999999998,0.05989294051718427,Negligible,0.977225580915336,0.41000000000000003,0.08999999999999997,0.1682087047336887,1055.3590597709413,2.0,Moderate
92101,San Diego County,33.01999999999999,-116.78000000000009,0.059708799595668285,Negligible,0.9815423231219318,0.645,0.08999999999999997,0.012729513121582126,1099.960682992695,2.0,Moderate
93512,Santa Barbara County,34.539999999999985,-120.03999999999998,0.05951200601364404,Negligible,0.9888682284795222,1.0575,0.29000000000000015,0.0,1064.299019607843,2.0,Moderate
95816,Sacramento County,38.45000000000002,-121.34000000000005,0.05920941283466851,Negligible,0.9866281620109796,0.32,0.14999999999999997,0.37643677376838397,1057.0491454836067,1.0,Low
93638,Fresno County,36.76,-119.65999999999995,0.059112559343118695,Negligible,0.9893915589640695,0.315,0.13,0.19014529827871599,905.868226248273,0.0,Negligible
94558,Contra Costa County,37.919999999999995,-121.94999999999996,0.058791794989181204,Negligible,0.9545366097810797,0.8049999999999999,0.22999999999999998,1.627756198522978,1330.4563622452367,-1.0,Outlier
95698,Sacramento County,38.45000000000002,-121.34000000000005,0.05871420069126042,Negligible,0.978220705004259,0.55,0.27999999999999997,2.32110683567225,1218.7239514699615,-1.0,Outlier
91205,Los Angeles County,34.20000000000002,-118.26000000000008,0.0584482145765073,Negligible,0.9847421090971076,0.22499999999999998,0.39,0.5885436011973479,934.2399052627406,2.0,Moderate
92313,San Bernardino County,34.86,-116.17999999999998,0.058320768146378266,Negligible,0.9795206241734982,0.43500000000000005,0.22000000000000003,0.11254894302473915,1013.9711802568779,2.0,Moderate
92866,Orange County,33.67999999999998,-117.78000000000009,0.05825267406310896,Negligible,0.9875072015776588,0.28500000000000003,0.45,0.06366358063892305,911.6277417502142,-1.0,Outlier
93549,Santa Barbara County,34.539999999999985,-120.03999999999998,0.05823465556268921,Negligible,0.9940354629583928,0.5725,0.73,0.0,1092.3463397410533,2.0,Moderate
90245,Los Angeles County,34.20000000000002,-118.26000000000008,0.0576046855320617,Negligible,0.9911974619419613,0.3425,0.44999999999999996,0.5298187880819489,1171.9619925325837,2.0,Moderate
95639,Sacramento County,38.45000000000002,-121.34000000000005,0.057592854515707524,Negligible,0.9918822128780482,0.23249999999999998,0.44,0.0,835.5961896990458,1.0,Low
95064,Santa Clara County,37.22000000000002,-121.69000000000004,0.057471633893274705,Negligible,0.9194985333618402,1.6925000000000001,-0.25,0.032301629156629943,898.8534516249,1.0,Low
95676,Sacramento County,38.45000000000002,-121.34000000000005,0.057138296376064296,Negligible,0.9794412798079528,0.2225,0.26,0.0,918.5790937820759,1.0,Low
94038,San Francisco County,37.73000000000001,-123.03000000000009,0.05701745438655764,Negligible,0.9752321495004449,0.4475,0.29,0.9434885688324438,1427.776693543628,1.0,Low
91206,Los Angeles County,34.20000000000002,-118.26000000000008,0.05658371670673829,Negligible,0.9597476701819468,1.52,-0.28,0.10061257512711792,1598.6366558046818,2.0,Moderate
92131,San Diego County,33.01999999999999,-116.78000000000009,0.05654343161444438,Negligible,0.9614492005025804,1.6075,-0.3600000000000001,0.009422757922346625,1652.3360067937601,2.0,Moderate
92342,San Bernardino County,34.86,-116.17999999999998,0.05636152567113146,Negligible,0.9677605355218163,0.3175,0.19,0.17579055262474344,1116.4832666869893,2.0,Moderate
95612,Sacramento County,38.45000000000002,-121.34000000000005,0.05635010558615425,Negligible,0.9752137936378193,0.35,0.23,0.220221962938804,1352.7376431052746,1.0,Low
94806,Marin County,38.049999999999976,-122.75,0.05626994477703573,Negligible,0.9686724984478178,0.28,0.15,0.24068839190780106,963.115676965149,1.0,Low
93616,Fresno County,36.76,-119.65999999999995,0.056052967946137094,Negligible,0.9798428348286715,0.24,0.19999999999999998,0.0,883.1602605320871,0.0,Negligible
95606,Sacramento County,38.45000000000002,-121.34000000000005,0.05567123345294807,Negligible,0.9967011410178198,0.635,0.6799999999999999,0.0,1188.3452286159811,-1.0,Outlier
93604,Fresno County,36.76,-119.65999999999995,0.05512720346245879,Negligible,0.9396793250485647,2.4125,-0.5099999999999998,0.015453733419690623,1765.9702139452763,2.0,Moderate
91345,Los Angeles County,34.20000000000002,-118.26000000000008,0.05505983850811551,Negligible,0.9836187552974842,0.1925,0.24000000000000002,0.24626419355072565,998.6648369375993,2.0,Moderate
95227,Alameda County,37.64999999999999,-121.90999999999995,0.05502314555287223,Negligible,0.9960922899947178,0.5875,0.67,0.7620793394673177,1464.548212883512,-1.0,Outlier
96092,Lassen County,40.72000000000002,-120.63000000000008,0.05502293205264283,Negligible,0.9962278738325244,0.305,0.61,0.0,1394.243266627865,1.0,Low
95202,Alameda County,37.64999999999999,-121.90999999999995,0.05499197319516634,Negligible,0.9772263803639992,0.27,0.15999999999999998,0.03122833080530079,1179.8243327413843,-1.0,Outlier
90302,Los Angeles County,34.20000000000002,-118.26000000000008,0.05494267520483598,Negligible,0.9762420706110252,0.24,0.28,0.36956515214653557,933.4483723357641,2.0,Moderate
95615,Sacramento County,38.45000000000002,-121.34000000000005,0.054924362460458336,Negligible,0.9528179208429538,0.3125,0.06,0.0,1197.4738219473018,1.0,Low
95730,Sacramento County,38.45000000000002,-121.34000000000005,0.054911990618318425,Negligible,0.9698893699255872,1.715,0.1399999999999999,0.0,1186.93893129771,0.0,Negligible
93218,Kern County,35.35000000000001,-118.73000000000002,0.054699646378749675,Negligible,0.9934293323671181,0.325,0.67,0.0,941.048706090073,2.0,Moderate
91932,San Diego County,33.01999999999999,-116.78000000000009,0.05434250787398345,Negligible,0.9979582573956738,0.315,0.27999999999999997,0.0016426013909279615,877.8393234967268,2.0,Moderate
93624,Fresno County,36.76,-119.65999999999995,0.05405239862921633,Negligible,0.9930034049649217,0.1375,0.33,0.0,955.6431323544725,0.0,Negligible
95920,Butte County,39.67,-121.59999999999992,0.05364711373127981,Negligible,0.9954929937205889,0.2525,0.61,0.0,2390.5624531060357,-1.0,Outlier
92273,Riverside County,33.73000000000001,-116.0,0.05344318449398075,Negligible,0.9936622853752433,0.21500000000000002,0.25,0.0,851.5098244380798,2.0,Moderate
94018,San Francisco County,37.73000000000001,-123.03000000000009,0.05329675024776574,Negligible,0.9956114320000266,0.37,0.6399999999999999,0.0,1381.7975825508963,-1.0,Outlier
93629,Fresno County,36.76,-119.65999999999995,0.053172758605837145,Negligible,0.9983331016463604,0.865,0.54,0.0,1014.4896313364055,0.0,Negligible
91204,Los Angeles County,34.20000000000002,-118.26000000000008,0.05303355731711218,Negligible,0.9930991270748069,0.1975,0.36000000000000004,0.011119282596318086,857.9034805144322,2.0,Moderate
92398,San Bernardino County,34.86,-116.17999999999998,0.05299218580224335,Negligible,0.9761983285227668,0.6225,0.10999999999999999,0.06327878517479843,1143.2687781205195,2.0,Moderate
93954,Monterey County,36.24,-121.32000000000002,0.052710142269652975,Negligible,0.9980806446113816,0.5675,0.94,0.0,1038.675476624617,-1.0,Outlier
95974,Butte County,39.67,-121.59999999999992,0.052621140086320434,Negligible,0.9916000654527498,0.2325,0.41000000000000003,0.0,1106.9448189059317,1.0,Low
95650,Sacramento County,38.45000000000002,-121.34000000000005,0.0525682232025955,Negligible,0.9554258217321648,1.3875,0.08999999999999986,0.07401204011674274,1517.2661455044904,-1.0,Outlier
95567,Humboldt County,40.710000000000015,-123.92999999999996,0.05254556097546515,Negligible,0.98651692799909,1.065,0.25,0.06615467845886061,1081.009056464513,-1.0,Outlier
96150,Shasta County,40.76,-122.04,0.05236937994786236,Negligible,0.9542951799239485,2.125,-0.029999999999999805,0.19168588817249385,1512.575488433766,-1.0,Outlier
92225,Riverside County,33.73000000000001,-116.0,0.05233100408262589,Negligible,0.9967272543243395,0.4425,0.48,0.08604225295074919,896.0257065215559,2.0,Moderate
92267,Riverside County,33.73000000000001,-116.0,0.05219089854311863,Negligible,0.9979941589769467,0.5,1.0,0.0,321.0,0.0,Negligible
94564,Contra Costa County,37.919999999999995,-121.94999999999996,0.052116484994211905,Negligible,0.9723865434159109,0.76,0.06000000000000005,0.20015345549228367,1026.2637836680415,1.0,Low
90742,Los Angeles County,34.20000000000002,-118.26000000000008,0.052008276169847927,Negligible,0.9938398820900596,0.3375,0.44999999999999996,0.04000172891444755,1961.6618132608091,2.0,Moderate
90505,Los Angeles County,34.20000000000002,-118.26000000000008,0.051755384326331776,Negligible,0.99366166343474,0.265,0.43,0.38379961202048174,1053.6304703054006,2.0,Moderate
93242,Kern County,35.35000000000001,-118.73000000000002,0.05168606618691707,Negligible,0.9830314255031222,0.26749999999999996,0.18,0.0,916.0171798811845,0.0,Negligible
94511,Contra Costa County,37.919999999999995,-121.94999999999996,0.05155652004254723,Negligible,0.9906779104729809,0.275,0.39,2.0572755771466533,1361.84993656715,-1.0,Outlier
92071,San Diego County,33.01999999999999,-116.78000000000009,0.05145667081373501,Negligible,0.9784404032024066,0.6675,0.2699999999999999,0.1992748411528329,965.5779964675693,2.0,Moderate
93668,Fresno County,36.76,-119.65999999999995,0.051411453452821054,Negligible,0.9715758086424203,0.1375,0.08000000000000002,0.7145232459757312,936.3511383829318,0.0,Negligible
92283,Riverside County,33.73000000000001,-116.0,0.05140182379757581,Negligible,0.9932402068795735,0.5925,0.34,0.0,1082.9837212621132,2.0,Moderate
93249,Kern County,35.35000000000001,-118.73000000000002,0.05138634426754216,Negligible,0.9984606284440154,0.345,0.45999999999999996,0.0,778.4761887459497,0.0,Negligible
93224,Kern County,35.35000000000001,-118.73000000000002,0.0513099917638595,Negligible,0.9982411231339287,0.5025,0.58,0.0,852.3048483930108,2.0,Moderate
93240,Kern County,35.35000000000001,-118.73000000000002,0.05112221027562449,Negligible,0.9864504797885689,1.2475,0.19000000000000017,0.0019052303878514107,1038.6591674423037,2.0,Moderate
91720,Los Angeles County,34.20000000000002,-118.26000000000008,0.05110155684578098,Negligible,0.9787209034640717,0.4225,0.20999999999999996,0.0,1305.6931818181818,0.0,Negligible
95010,Santa Clara County,37.22000000000002,-121.69000000000004,0.05101299246042115,Negligible,0.9865362075674207,0.275,0.31,0.031689778423516626,1004.9546037248433,1.0,Low
93441,San Luis Obispo County,35.38999999999999,-120.44999999999992,0.05079170095202669,Negligible,0.9974705557785893,0.6825,0.48999999999999994,0.0,1837.2868828947865,-1.0,Outlier
95024,Santa Clara County,37.22000000000002,-121.69000000000004,0.050758896884046216,Negligible,0.9989416083459545,0.3333333333333333,1.0,0.0,1698.4761904761906,1.0,Low
93276,Kern County,35.35000000000001,-118.73000000000002,0.050519312500976875,Negligible,0.9993896180176692,0.4175,0.92,0.0,826.5416666666666,2.0,Moderate
92640,0,0.0,0.0,0.050497871159626,Negligible,0.9995300301354022,0.5,1.0,0.0,178.0,0.0,0
94129,0,0.0,0.0,0.050497871159626,Negligible,0.9995300301354022,0.5,1.0,0.0,619.0,0.0,0
93406,0,0.0,0.0,0.050497871159626,Negligible,0.9995300301354022,0.5,1.0,0.0,0.0,0.0,0
90224,0,0.0,0.0,0.050497871159626,Negligible,0.9995300301354022,0.5,1.0,0.0,115.0,0.0,0
94599,Contra Costa County,37.919999999999995,-121.94999999999996,0.05043221522377411,Negligible,0.9945431275878575,0.46499999999999997,0.44,0.0,1401.8140345594074,1.0,Low
93453,San Luis Obispo County,35.38999999999999,-120.44999999999992,0.05037361406626145,Negligible,0.9901149969415982,1.0875,0.3400000000000001,0.16495946093521718,1035.5833018065114,2.0,Moderate
93251,Kern County,35.35000000000001,-118.73000000000002,0.05036012529242554,Negligible,0.9996209289330771,0.75,1.0,0.0,745.24527234369,2.0,Moderate
95525,Humboldt County,40.710000000000015,-123.92999999999996,0.050323135382391734,Negligible,0.9926849425099196,0.7275,0.4099999999999999,0.0,936.45226333797,-1.0,Outlier
94559,Contra Costa County,37.919999999999995,-121.94999999999996,0.05030826432057525,Negligible,0.9907489795223128,0.4675,0.36999999999999994,0.1925841079929806,1068.3916140863785,-1.0,Outlier
92241,Riverside County,33.73000000000001,-116.0,0.05024109841951281,Negligible,0.9803324494145129,0.2925,0.25,0.6136517116810377,1115.4251631662441,2.0,Moderate
95234,Alameda County,37.64999999999999,-121.90999999999995,0.05022388965779627,Negligible,0.9997006594468134,0.6666666666666666,1.0,0.0,1967.681818181818,-1.0,Outlier
93558,0,0.0,0.0,0.050198560586666593,Negligible,0.9998176104746036,0.39999999999999997,1.2,0.0,690.1587301587301,0.0,0
90029,Los Angeles County,34.20000000000002,-118.26000000000008,0.05017757129780083,Negligible,0.9918449830835145,0.2575,0.39999999999999997,1.3083240641986464,1225.249656772069,2.0,Moderate
93106,Ventura County,34.36000000000001,-119.13000000000008,0.05017054491205085,Negligible,0.9998069666867982,0.6666666666666666,1.0,0.0,753.9629629629629,2.0,Moderate
92347,San Bernardino County,34.86,-116.17999999999998,0.050017261600175826,Negligible,0.9978599132589043,0.655,0.48000000000000004,0.0,854.5877741654637,2.0,Moderate
92334,San Bernardino County,34.86,-116.17999999999998,0.050003379849295336,Negligible,0.9956812786797323,0.21250000000000002,0.46,0.0,1941.875,0.0,Negligible
96115,Shasta County,40.76,-122.04,0.04997757410413983,Negligible,0.9529823261224356,1.585,-0.7,0.0,1238.6666144336725,-1.0,Outlier
90802,Los Angeles County,34.20000000000002,-118.26000000000008,0.04992805238270891,Negligible,0.9835909555782322,0.2175,0.32,1.1844799395529184,786.7330495589015,2.0,Moderate
93267,Kern County,35.35000000000001,-118.73000000000002,0.0497889306767706,Negligible,0.9854762381797014,0.36250000000000004,0.3500000000000001,0.9016074164590238,830.0812126782075,0.0,Negligible
92282,Riverside County,33.73000000000001,-116.0,0.049700473677874286,Negligible,0.9772583037705093,1.245,0.040000000000000036,0.07396054411295733,1127.4417825226155,2.0,Moderate
92602,Orange County,33.67999999999998,-117.78000000000009,0.049513583863535,Negligible,0.9992743173342594,0.375,0.49,0.07057613845000098,1251.2327401872512,2.0,Moderate
94562,Contra Costa County,37.919999999999995,-121.94999999999996,0.04950646399223369,Negligible,0.9979970947234778,0.3475,0.47,0.0,5730.4390931372545,-1.0,Outlier
91934,San Diego County,33.01999999999999,-116.78000000000009,0.04945756137845886,Negligible,0.9387003218020973,1.1275,-0.029999999999999805,0.0,945.9391096237083,2.0,Moderate
91108,Los Angeles County,34.20000000000002,-118.26000000000008,0.049370359146213426,Negligible,0.9994769020589934,0.34750000000000003,0.49,0.007674575627704038,1922.6434351910189,2.0,Moderate
94103,San Francisco County,37.73000000000001,-123.03000000000009,0.04922700468580901,Negligible,0.9830972120895878,0.365,0.24,0.8315135013156438,2082.340250153606,1.0,Low
93227,Kern County,35.35000000000001,-118.73000000000002,0.049069285541748886,Negligible,0.9857361049711837,0.16749999999999998,0.27999999999999997,0.3374738496169503,680.4755372769711,0.0,Negligible
93513,Santa Barbara County,34.539999999999985,-120.03999999999998,0.048945918212491404,Negligible,0.9935526211528559,0.5925,0.41999999999999993,0.0,1045.1297362709047,2.0,Moderate
95659,Sacramento County,38.45000000000002,-121.34000000000005,0.04891558115415394,Negligible,0.9877660519115035,0.285,0.33999999999999997,0.0,1350.164256571152,1.0,Low
91502,Los Angeles County,34.20000000000002,-118.26000000000008,0.048902058352401946,Negligible,0.9920679591427894,0.2325,0.37,0.0,934.3213553735848,2.0,Moderate
92115,San Diego County,33.01999999999999,-116.78000000000009,0.048771435330919766,Negligible,0.9884221956095891,0.6174999999999999,0.12,0.18476095675815857,883.2749579593118,2.0,Moderate
95680,Sacramento County,38.45000000000002,-121.34000000000005,0.048400754597887743,Negligible,0.9952212828670479,0.1775,0.33,0.0,1341.1606014638128,1.0,Low
90403,Los Angeles County,34.20000000000002,-118.26000000000008,0.04838904704094976,Negligible,0.9979545517900178,0.4175,0.4600000000000001,0.07187166362383272,2231.5721631446627,2.0,Moderate
92275,Riverside County,33.73000000000001,-116.0,0.04827909022693658,Negligible,0.990051056935857,0.10750000000000001,0.09,0.0,1132.5403872018248,0.0,Negligible
96110,Shasta County,40.76,-122.04,0.04819032860681627,Negligible,0.9802938541918871,1.0325000000000002,-0.050000000000000044,0.0,1129.5257727581522,-1.0,Outlier
92004,San Diego County,33.01999999999999,-116.78000000000009,0.04804916974560977,Negligible,0.9597446587874046,0.6699999999999999,-0.1399999999999999,0.3034559365246508,1392.3699077623082,0.0,Negligible
93445,San Luis Obispo County,35.38999999999999,-120.44999999999992,0.04792424079322846,Negligible,0.9940405388003856,0.3275,0.23,0.37482664408603245,670.1940428438274,2.0,Moderate
92038,San Diego County,33.01999999999999,-116.78000000000009,0.047823844628275915,Negligible,0.99090365284857,4.0,0.0,0.0,2603.75,2.0,Moderate
90037,Los Angeles County,34.20000000000002,-118.26000000000008,0.04774086986644635,Negligible,0.986924833371038,0.2225,0.32,0.366079833371832,984.2650961221261,2.0,Moderate
93625,Fresno County,36.76,-119.65999999999995,0.04766685691975517,Negligible,0.9851759332895533,0.2875,0.17,0.04989229589993427,890.7799572995593,0.0,Negligible
93460,San Luis Obispo County,35.38999999999999,-120.44999999999992,0.04716801018241467,Negligible,0.9983545924572537,0.725,0.45999999999999996,0.02976209053519711,1891.044142816908,-1.0,Outlier
93105,Ventura County,34.36000000000001,-119.13000000000008,0.04713043076087758,Negligible,0.9762844115853684,1.295,0.10000000000000009,0.34485408852670324,1588.5647165857858,2.0,Moderate
94573,Contra Costa County,37.919999999999995,-121.94999999999996,0.047128178555519706,Negligible,0.9780941424866649,1.2850000000000001,0.28,0.0,4041.7990895951407,-1.0,Outlier
95481,Sonoma County,38.52999999999998,-122.92999999999998,0.04704752615133739,Negligible,0.9957634802214835,0.185,0.44,0.0,1175.288773361411,1.0,Low
92285,Riverside County,33.73000000000001,-116.0,0.047031030025589136,Negligible,0.9555006970698897,1.05,-0.010000000000000009,0.0,1006.4056003883909,2.0,Moderate
91307,Los Angeles County,34.20000000000002,-118.26000000000008,0.04702341678489187,Negligible,0.978884850886641,0.45,0.19999999999999996,1.6679223873847056,1563.1066970287077,2.0,Moderate
94512,Contra Costa County,37.919999999999995,-121.94999999999996,0.046968797616042265,Negligible,0.994268407300376,0.665,0.4,0.0,1362.4755649717513,1.0,Low
92366,San Bernardino County,34.86,-116.17999999999998,0.046890264511898705,Negligible,0.9956678327837908,0.8925,0.43000000000000005,0.0,714.5714285714286,0.0,Negligible
92327,San Bernardino County,34.86,-116.17999999999998,0.04642112085437888,Negligible,0.9865351044208651,0.45999999999999996,0.36000000000000004,0.0,884.9802304455918,2.0,Moderate
93270,Kern County,35.35000000000001,-118.73000000000002,0.046238558234654746,Negligible,0.9924243544976257,0.3675,0.37,0.0,872.1497671577699,0.0,Negligible
92250,Riverside County,33.73000000000001,-116.0,0.046122496802662644,Negligible,0.9611591981057978,0.4825,-0.16999999999999998,0.3223325912888301,986.9409994791589,0.0,Negligible
95690,Sacramento County,38.45000000000002,-121.34000000000005,0.04610956654353087,Negligible,0.9711834483911972,0.39749999999999996,0.020000000000000018,0.8306794630580464,1311.5799115630518,1.0,Low
95616,Sacramento County,38.45000000000002,-121.34000000000005,0.04587311121098861,Negligible,0.9927137415469373,0.315,0.35,0.3305592922548188,960.9640845396259,1.0,Low
91104,Los Angeles County,34.20000000000002,-118.26000000000008,0.045850560436930296,Negligible,0.9973848479486771,0.27,0.44,0.07679180804447576,1002.4509001043327,2.0,Moderate
90404,Los Angeles County,34.20000000000002,-118.26000000000008,0.045740789734687544,Negligible,0.9952448481967328,0.2875,0.39,0.0,1265.751471632128,2.0,Moderate
90716,Los Angeles County,34.20000000000002,-118.26000000000008,0.045568767335566626,Negligible,0.9970592809331382,0.1875,0.29000000000000004,0.3391044733678744,673.7463992176645,2.0,Moderate
94804,Marin County,38.049999999999976,-122.75,0.04541451627784057,Negligible,0.9880423799709335,0.17,0.2,0.24009660626059298,971.1784480228387,1.0,Low
92368,San Bernardino County,34.86,-116.17999999999998,0.04536793719376485,Negligible,0.978768184128048,0.88,0.14,0.0,1090.1568008761597,2.0,Moderate
95830,Sacramento County,38.45000000000002,-121.34000000000005,0.04520251242794547,Negligible,0.9975895369146311,0.6174999999999999,0.12,0.01860396477937921,1437.8374901625873,1.0,Low
90717,Los Angeles County,34.20000000000002,-118.26000000000008,0.045197897477614116,Negligible,0.9968564809753551,0.2375,0.41000000000000003,0.013298999074146806,905.2326552499521,2.0,Moderate
91106,Los Angeles County,34.20000000000002,-118.26000000000008,0.04507711413153276,Negligible,0.9984789681515982,0.4475,0.43999999999999995,0.05409475170712297,2077.80947043209,2.0,Moderate
92694,Orange County,33.67999999999998,-117.78000000000009,0.0450431045505523,Negligible,0.997859544671498,0.8875,0.43000000000000005,0.005691996733617855,1618.2439788917898,2.0,Moderate
90814,Los Angeles County,34.20000000000002,-118.26000000000008,0.04500545079853072,Negligible,0.9943430776211755,0.2475,0.41,0.011614633561280835,1067.7243976460286,2.0,Moderate
95601,Sacramento County,38.45000000000002,-121.34000000000005,0.0449736494859439,Negligible,0.9935723454488605,1.84,-0.5800000000000001,0.0,1563.4534006054866,-1.0,Outlier
94612,Alameda County,37.64999999999999,-121.90999999999995,0.04491142672094703,Negligible,0.9903091601575603,0.22999999999999998,0.24,0.14293864554769808,1359.0881581746685,1.0,Low
90803,Los Angeles County,34.20000000000002,-118.26000000000008,0.044874235227114784,Negligible,0.9987642853027562,0.295,0.44000000000000006,0.07473022386006997,1345.7680133273193,2.0,Moderate
90061,Los Angeles County,34.20000000000002,-118.26000000000008,0.04485334517952308,Negligible,0.9862243106008163,0.1925,0.29,0.45267688162599357,770.2720383915994,2.0,Moderate
93252,Kern County,35.35000000000001,-118.73000000000002,0.044849042626225584,Negligible,0.9946887723725397,0.6174999999999999,0.41,0.0,865.9387648627263,2.0,Moderate
94548,Contra Costa County,37.919999999999995,-121.94999999999996,0.04461781003202088,Negligible,0.995334218551743,0.255,0.38,0.1436895703187529,1636.1130304966068,1.0,Low
95637,Sacramento County,38.45000000000002,-121.34000000000005,0.04457813186450182,Negligible,0.9937143725044733,0.5449999999999999,0.36,0.7751354899984462,1351.2324437516222,1.0,Low
95317,Santa Clara County,37.22000000000002,-121.69000000000004,0.04449366557237795,Negligible,0.9914154487427993,0.1525,0.16,0.0,1306.214937084902,1.0,Low
93254,Kern County,35.35000000000001,-118.73000000000002,0.04434913110526824,Negligible,0.9955790206034127,0.5800000000000001,0.39000000000000007,0.0,780.836760217863,2.0,Moderate
91101,Los Angeles County,34.20000000000002,-118.26000000000008,0.04407459842501877,Negligible,0.9935187963937211,0.2875,0.35,0.39065419941418933,1092.022417380937,2.0,Moderate
93514,Santa Barbara County,34.539999999999985,-120.03999999999998,0.04405078575457097,Negligible,0.9865457035367075,0.77,0.32999999999999996,0.16134951436850353,1195.8128904249784,2.0,Moderate
90746,Los Angeles County,34.20000000000002,-118.26000000000008,0.04396777931402321,Negligible,0.9830138619916625,0.16999999999999998,0.22999999999999998,0.24764288914411714,1099.0618785686195,2.0,Moderate
92614,Orange County,33.67999999999998,-117.78000000000009,0.043959220031358055,Negligible,0.9906599810541719,0.275,0.35,0.2186948057075063,1132.457541221912,-1.0,Outlier
90058,Los Angeles County,34.20000000000002,-118.26000000000008,0.043934400585316634,Negligible,0.9892309198576397,0.2,0.33999999999999997,0.24334495031884917,656.5496090278133,2.0,Moderate
90503,Los Angeles County,34.20000000000002,-118.26000000000008,0.0438138791697676,Negligible,0.9988493655706171,0.2675,0.43,0.032322216305801295,940.2838557391415,2.0,Moderate
94964,Marin County,38.049999999999976,-122.75,0.04372058292441813,Negligible,0.9909526646560463,0.315,0.31,0.0,1181.1357750896057,-1.0,Outlier
92504,Riverside County,33.73000000000001,-116.0,0.043713754887911974,Negligible,0.9893719684750251,0.345,0.22999999999999998,0.20046778607517743,1085.0714969914454,2.0,Moderate
90621,Los Angeles County,34.20000000000002,-118.26000000000008,0.04362047617263233,Negligible,0.9866997066135427,0.2275,0.25,0.040222102770594126,980.3171313349803,2.0,Moderate
93648,Fresno County,36.76,-119.65999999999995,0.043540474627620555,Negligible,0.9881256999696086,0.28,0.23999999999999996,0.40181927136730816,772.1872367758807,0.0,Negligible
93921,Monterey County,36.24,-121.32000000000002,0.0434059208479973,Negligible,0.9499590360369239,2.06,-0.9599999999999997,0.0003961882255394974,2039.4018686207994,-1.0,Outlier
92264,Riverside County,33.73000000000001,-116.0,0.04336749273835517,Negligible,0.995821020226878,0.54,0.39,0.181148939474439,1812.863878211663,2.0,Moderate
92266,Riverside County,33.73000000000001,-116.0,0.0433148565556174,Negligible,0.9838277744408508,0.5325,0.22000000000000003,0.0,1179.4225498618464,2.0,Moderate
95444,Sonoma County,38.52999999999998,-122.92999999999998,0.04326876502895186,Negligible,0.9799736114539155,0.3825,0.21999999999999997,0.0,924.766024046062,1.0,Low
93523,Santa Barbara County,34.539999999999985,-120.03999999999998,0.043199872803118274,Negligible,0.9863856464447248,0.8049999999999999,0.039999999999999925,0.0,1168.193530666988,2.0,Moderate
90270,Los Angeles County,34.20000000000002,-118.26000000000008,0.04316627416190132,Negligible,0.9914708268773892,0.21000000000000002,0.35000000000000003,0.012051739797676094,654.6673061734263,2.0,Moderate
90221,Los Angeles County,34.20000000000002,-118.26000000000008,0.04312529491015992,Negligible,0.9926483837064407,0.21000000000000002,0.27999999999999997,0.5049387333703451,791.0255623244417,2.0,Moderate
91342,Los Angeles County,34.20000000000002,-118.26000000000008,0.04307104218883112,Negligible,0.9840770448340171,0.4525,0.24,0.23947792476988586,1162.3035137096103,2.0,Moderate
92878,0,0.0,0.0,0.04292677941532484,Negligible,0.9898447247223654,0.8049999999999999,0.06999999999999995,0.5195212538433679,1034.5952589722674,0.0,0
93108,Ventura County,34.36000000000001,-119.13000000000008,0.04288144425672546,Negligible,0.9365993620850996,1.855,-0.22999999999999998,6.424499554974495,4784.226314851546,2.0,Moderate
91203,Los Angeles County,34.20000000000002,-118.26000000000008,0.04285112163382475,Negligible,0.9871581205811237,0.1975,0.27999999999999997,0.0516508677405622,868.441672481553,2.0,Moderate
92548,Riverside County,33.73000000000001,-116.0,0.04280892744534091,Negligible,0.9880755546833521,1.175,0.1100000000000001,0.025591321535645115,1187.4747241492014,2.0,Moderate
91007,Los Angeles County,34.20000000000002,-118.26000000000008,0.0427771949531088,Negligible,0.998902277055974,0.26,0.42,0.002801025310400266,1446.707335896026,2.0,Moderate
90277,Los Angeles County,34.20000000000002,-118.26000000000008,0.04264707289411716,Negligible,0.9990854778332909,0.3175,0.42000000000000004,0.02045908241471594,1317.9409485566339,2.0,Moderate
95305,Santa Clara County,37.22000000000002,-121.69000000000004,0.04262559789671732,Negligible,0.9873986218981339,2.675,0.25,1.4438928437617085,1010.8943688241023,-1.0,Outlier
92365,San Bernardino County,34.86,-116.17999999999998,0.042544753527269656,Negligible,0.9929454719471879,0.5775,0.35,0.0,1141.757268673614,2.0,Moderate
90405,Los Angeles County,34.20000000000002,-118.26000000000008,0.04252194767800693,Negligible,0.9964891806903373,0.315,0.38,0.3354246908423717,1601.5186749786044,2.0,Moderate
91601,Los Angeles County,34.20000000000002,-118.26000000000008,0.04242483101136442,Negligible,0.9938824318861145,0.215,0.35,0.15838619245389796,1104.0599199421279,2.0,Moderate
93962,Monterey County,36.24,-121.32000000000002,0.04235784069151831,Negligible,0.991889889143921,0.26,0.31,0.0,1059.520210722781,1.0,Low
93268,Kern County,35.35000000000001,-118.73000000000002,0.042285639260150026,Negligible,0.9958131328988054,0.51,0.38,0.37492893499659774,784.9837110907575,2.0,Moderate
92070,San Diego County,33.01999999999999,-116.78000000000009,0.04226751475682959,Negligible,0.9443282998319494,2.4,-0.30000000000000027,0.0,2643.963628636849,2.0,Moderate
92861,Orange County,33.67999999999998,-117.78000000000009,0.04226192089517065,Negligible,0.9982168464705284,0.41000000000000003,0.41000000000000003,0.03617665785564066,2123.56501828567,2.0,Moderate
91344,Los Angeles County,34.20000000000002,-118.26000000000008,0.042254482648767064,Negligible,0.9802375825816927,0.3125,0.25,0.36899676656312264,1436.766949778634,2.0,Moderate
95119,Santa Clara County,37.22000000000002,-121.69000000000004,0.04223914305134563,Negligible,0.9877980341289387,0.3225,0.31,0.2778391215327568,948.663940383483,1.0,Low
92280,Riverside County,33.73000000000001,-116.0,0.042219490825606776,Negligible,0.9866727382863523,0.135,0.31,0.0,993.6666666666667,2.0,Moderate
93440,San Luis Obispo County,35.38999999999999,-120.44999999999992,0.04206740050390911,Negligible,0.9918945501734695,0.5875,0.32,0.01151503177582403,1236.5489493960981,2.0,Moderate
91303,Los Angeles County,34.20000000000002,-118.26000000000008,0.0420636117784649,Negligible,0.9882325424894368,0.16,0.27,0.04516376643265202,1061.9886144135783,2.0,Moderate
90732,Los Angeles County,34.20000000000002,-118.26000000000008,0.04198360101411757,Negligible,0.997856982455341,0.2475,0.39,0.1491346801732817,1092.7071982008524,2.0,Moderate
90815,Los Angeles County,34.20000000000002,-118.26000000000008,0.04189976315834225,Negligible,0.9987283606581472,0.255,0.41,0.044673148914645425,922.274584867795,2.0,Moderate
94509,Contra Costa County,37.919999999999995,-121.94999999999996,0.04183208227405158,Negligible,0.9842428019590237,0.3075,0.17999999999999997,0.2815275623471634,1036.4412450896314,-1.0,Outlier
90012,Los Angeles County,34.20000000000002,-118.26000000000008,0.04182057347539419,Negligible,0.9764753107718582,1.0375,-0.020000000000000018,0.0,1056.3674432693304,2.0,Moderate
93545,Santa Barbara County,34.539999999999985,-120.03999999999998,0.04181624958144532,Negligible,0.9749456989001593,0.6699999999999999,0.17000000000000004,0.0,1060.152523208364,2.0,Moderate
90710,Los Angeles County,34.20000000000002,-118.26000000000008,0.041686775357987774,Negligible,0.9939111850555199,0.2125,0.34,0.15831065389923477,931.3376041543028,2.0,Moderate
94041,San Francisco County,37.73000000000001,-123.03000000000009,0.04167073450006362,Negligible,0.9934703243984541,0.2525,0.32999999999999996,0.0,1024.4655468994001,1.0,Low
93650,Fresno County,36.76,-119.65999999999995,0.04162178810517446,Negligible,0.9801710346945715,0.23,0.13999999999999999,0.9635385999925692,741.2848735106586,0.0,Negligible
93543,Santa Barbara County,34.539999999999985,-120.03999999999998,0.041608497333492665,Negligible,0.9767174793075453,1.0425,0.050000000000000044,2.241461534902754,957.936474536262,-1.0,Outlier
90401,Los Angeles County,34.20000000000002,-118.26000000000008,0.04160578880513021,Negligible,0.9911639988650858,0.39249999999999996,0.33999999999999997,0.22771826300469297,2865.1052091667557,2.0,Moderate
92308,San Bernardino County,34.86,-116.17999999999998,0.041411763056679034,Negligible,0.962956808968832,0.95,-0.010000000000000009,0.27633526930440044,957.532925383291,2.0,Moderate
95121,Santa Clara County,37.22000000000002,-121.69000000000004,0.041367066825641806,Negligible,0.986794116175236,0.24,0.19999999999999998,0.42791235183479026,933.4343814285496,1.0,Low
92603,Orange County,33.67999999999998,-117.78000000000009,0.04129686010540885,Negligible,0.9995808533975873,0.5475,0.41000000000000003,0.0337958442604515,2240.891140481079,2.0,Moderate
95697,Sacramento County,38.45000000000002,-121.34000000000005,0.04126719541417731,Negligible,0.9900238100151495,0.1875,0.27999999999999997,0.0,848.7459528849472,1.0,Low
95117,Santa Clara County,37.22000000000002,-121.69000000000004,0.04122176246774665,Negligible,0.9920689095512583,0.20750000000000002,0.29,0.1875296418658694,928.8740858023024,1.0,Low
90293,Los Angeles County,34.20000000000002,-118.26000000000008,0.04121206466335908,Negligible,0.9968741004266596,0.3625,0.38999999999999996,0.0,1941.2600960269533,2.0,Moderate
95958,Butte County,39.67,-121.59999999999992,0.041168722749106906,Negligible,0.9856495651049683,0.325,0.21000000000000002,0.0,1126.6617161716172,1.0,Low
91760,Los Angeles County,34.20000000000002,-118.26000000000008,0.04115522913364324,Negligible,0.9991742836497588,0.4675,0.4,0.0,1489.5039198606273,0.0,Negligible
93662,Fresno County,36.76,-119.65999999999995,0.04113941945749669,Negligible,0.9904365496244716,0.3275,0.29,0.43853465327729113,781.82077041407,0.0,Negligible
90007,Los Angeles County,34.20000000000002,-118.26000000000008,0.0411324319245153,Negligible,0.9936763408871444,0.20500000000000002,0.32,0.20133934369226517,1294.8595127763758,2.0,Moderate
90045,Los Angeles County,34.20000000000002,-118.26000000000008,0.0410722808565703,Negligible,0.9984840292012755,0.27749999999999997,0.4,0.037566784090041966,1158.1364985132507,2.0,Moderate
93013,Ventura County,34.36000000000001,-119.13000000000008,0.04104896641622334,Negligible,0.9892601712124054,0.67,0.2899999999999999,0.24725717810560963,1669.0477631934586,2.0,Moderate
90743,Los Angeles County,34.20000000000002,-118.26000000000008,0.04099489043664292,Negligible,0.9902003466051638,0.4475,0.27999999999999997,0.0,1780.6255911126545,2.0,Moderate
94561,Contra Costa County,37.919999999999995,-121.94999999999996,0.040954240106447784,Negligible,0.9813095256620096,0.2975,0.21999999999999997,0.22178816313280753,1015.8005687479451,-1.0,Outlier
91201,Los Angeles County,34.20000000000002,-118.26000000000008,0.04093777879304332,Negligible,0.9972618464989493,0.335,0.39,0.0337526491738554,1223.5686744280533,2.0,Moderate
90740,Los Angeles County,34.20000000000002,-118.26000000000008,0.04089965051609828,Negligible,0.9987287838644736,0.3325,0.4,0.05139748832454811,1141.325580145965,2.0,Moderate
91602,Los Angeles County,34.20000000000002,-118.26000000000008,0.04088424021393796,Negligible,0.9956241933030303,0.3725,0.37,0.268219286743347,2340.973171255946,2.0,Moderate
92612,Orange County,33.67999999999998,-117.78000000000009,0.04085687634071796,Negligible,0.9944448969640202,0.355,0.33000000000000007,0.019487596399734207,1347.3807726511052,2.0,Moderate
90062,Los Angeles County,34.20000000000002,-118.26000000000008,0.04081192867160091,Negligible,0.9920822466942637,0.22,0.31,0.04476325064527723,969.7119346458902,2.0,Moderate
92841,Orange County,33.67999999999998,-117.78000000000009,0.040789208507674785,Negligible,0.9894762859744325,0.2,0.22,0.5083346329972757,769.2116736258562,-1.0,Outlier
93283,Kern County,35.35000000000001,-118.73000000000002,0.04068025083803469,Negligible,0.9725661702424472,1.2875,0.06000000000000005,0.0,1216.244810647121,2.0,Moderate
90211,Los Angeles County,34.20000000000002,-118.26000000000008,0.04065279939384485,Negligible,0.9897988044920939,0.2975,0.29000000000000004,0.3129855489344819,2353.922133503114,2.0,Moderate
90013,Los Angeles County,34.20000000000002,-118.26000000000008,0.04051399442942556,Negligible,0.9982408573481494,0.44,0.38,0.0,760.8311143984221,0.0,Negligible
95110,Santa Clara County,37.22000000000002,-121.69000000000004,0.04045525917140995,Negligible,0.9929325095593593,0.19,0.19999999999999998,0.14314133635088472,872.8707529440771,1.0,Low
96054,Lassen County,40.72000000000002,-120.63000000000008,0.040452702971609286,Negligible,0.9947916745657253,1.58,-0.19999999999999996,0.025781769793745843,1140.1208862154062,-1.0,Outlier
92242,Riverside County,33.73000000000001,-116.0,0.04029477512972318,Negligible,0.9909293323034254,0.775,0.30000000000000004,0.0,1193.4890738587283,2.0,Moderate
92846,Orange County,33.67999999999998,-117.78000000000009,0.040289985147778595,Negligible,0.9819079917878208,2.0,0.0,0.0,1068.75,2.0,Moderate
90808,Los Angeles County,34.20000000000002,-118.26000000000008,0.040208611930692875,Negligible,0.9997053500280187,0.25,0.4,0.035239509377286135,825.9915565748215,2.0,Moderate
91505,Los Angeles County,34.20000000000002,-118.26000000000008,0.04010691991927238,Negligible,0.9978122406527714,0.2175,0.37,0.012999158844220936,973.8655401036226,2.0,Moderate
91506,Los Angeles County,34.20000000000002,-118.26000000000008,0.04004530401235345,Negligible,0.997110872333166,0.22499999999999998,0.38,0.10718239689634017,988.7180251572629,2.0,Moderate
92239,Riverside County,33.73000000000001,-116.0,0.04002326840498106,Negligible,0.9797196680659238,1.0075,0.16000000000000003,0.0,907.7043476866502,2.0,Moderate
93067,Ventura County,34.36000000000001,-119.13000000000008,0.039889379669852426,Negligible,0.9973349027371072,0.59,0.38,0.0,1973.1826296582562,2.0,Moderate
95118,Santa Clara County,37.22000000000002,-121.69000000000004,0.039810688281426754,Negligible,0.9927814295350391,0.23,0.30000000000000004,0.22348393219331858,910.0246855733196,1.0,Low
90303,Los Angeles County,34.20000000000002,-118.26000000000008,0.039778199710886586,Negligible,0.9961607516911055,0.21250000000000002,0.27,0.22756027661852513,875.5547974789101,2.0,Moderate
92868,Orange County,33.67999999999998,-117.78000000000009,0.03969500856846831,Negligible,0.9924590341995699,0.2225,0.3,0.0,817.5936317634312,-1.0,Outlier
94606,Alameda County,37.64999999999999,-121.90999999999995,0.039675638830649104,Negligible,0.9860059063525801,0.21250000000000002,0.22000000000000003,0.2039267887739738,1366.4815353740878,1.0,Low
94501,Contra Costa County,37.919999999999995,-121.94999999999996,0.03961941878583814,Negligible,0.991866591868394,0.2975,0.28,0.1914869987741335,1358.209431647098,1.0,Low
94066,San Francisco County,37.73000000000001,-123.03000000000009,0.03960535736624978,Negligible,0.9963354776307713,0.4625,0.18000000000000005,0.17104394940629375,1033.0949427798566,1.0,Low
93666,Fresno County,36.76,-119.65999999999995,0.0395997902868585,Negligible,0.9933341462605488,0.115,0.34,0.0,580.5774122807018,2.0,Moderate
92590,Riverside County,33.73000000000001,-116.0,0.03958786351885466,Negligible,0.9686206748405952,1.9224999999999999,0.030000000000000027,0.0,2858.8107627702784,2.0,Moderate
95008,Santa Clara County,37.22000000000002,-121.69000000000004,0.039578148567958715,Negligible,0.9940777912988803,0.255,0.33,0.18752311221993118,1003.9906614361108,1.0,Low
92610,Orange County,33.67999999999998,-117.78000000000009,0.03953487494765958,Negligible,0.9926286637787832,0.795,0.28,0.005444104826674047,1458.2240158095358,2.0,Moderate
90731,Los Angeles County,34.20000000000002,-118.26000000000008,0.039390656609887276,Negligible,0.9980341786214051,0.24,0.38,0.025679816984234716,1008.7325608382209,2.0,Moderate
95492,Sonoma County,38.52999999999998,-122.92999999999998,0.039386612660504534,Negligible,0.9876605873115699,0.3675,0.20999999999999996,1.5261666640987384,1055.3690204509462,1.0,Low
95564,Humboldt County,40.710000000000015,-123.92999999999996,0.039300147147587464,Negligible,0.9980307686954912,0.8375,0.37,0.0,657.9813113485144,-1.0,Outlier
95139,Santa Clara County,37.22000000000002,-121.69000000000004,0.03927251611594594,Negligible,0.9945251655475845,0.2475,0.31,0.008598137625916224,943.9042143298716,1.0,Low
90067,Los Angeles County,34.20000000000002,-118.26000000000008,0.039174979500629814,Negligible,0.9937077869477693,0.9875,0.33000000000000007,0.0,7101.784117717318,2.0,Moderate
90501,Los Angeles County,34.20000000000002,-118.26000000000008,0.03907692277983804,Negligible,0.9984863839646645,0.23249999999999998,0.38,0.010530359587908222,881.7588627580059,2.0,Moderate
94040,San Francisco County,37.73000000000001,-123.03000000000009,0.03907229491665731,Negligible,0.9984840391401217,0.2625,0.38,0.02438405468557907,1101.9443410034996,1.0,Low
91708,Los Angeles County,34.20000000000002,-118.26000000000008,0.03902727501898046,Negligible,0.9870604474805149,0.21250000000000002,0.26999999999999996,0.004180827283521408,861.0529848303745,2.0,Moderate
90033,Los Angeles County,34.20000000000002,-118.26000000000008,0.03898719096995307,Negligible,0.998625243409922,0.22499999999999998,0.38,0.08539881171052612,802.8656767204717,2.0,Moderate
93247,Kern County,35.35000000000001,-118.73000000000002,0.03898405618414431,Negligible,0.9987350772811914,0.3175,0.38,0.04502967097384966,767.4377513703353,0.0,Negligible
94133,San Francisco County,37.73000000000001,-123.03000000000009,0.03894198598185159,Negligible,0.9864769292161989,0.4675,0.27999999999999997,0.1799526668842395,3157.966794861586,-1.0,Outlier
93305,Kern County,35.35000000000001,-118.73000000000002,0.03894186269465193,Negligible,0.9868814635242767,0.275,0.21999999999999997,0.44620600700965063,844.091621053173,0.0,Negligible
91401,Los Angeles County,34.20000000000002,-118.26000000000008,0.0388678353064115,Negligible,0.9972047091314343,0.2275,0.35,0.26524216771051295,1416.6841779295555,2.0,Moderate
94608,Alameda County,37.64999999999999,-121.90999999999995,0.03881506877049566,Negligible,0.9824724081367808,0.2725,0.18,0.23986295161992172,1349.8914657366556,1.0,Low
91335,Los Angeles County,34.20000000000002,-118.26000000000008,0.03879180752801336,Negligible,0.9910633850313197,0.18,0.27,0.18100679854463547,1049.3931507368454,2.0,Moderate
94107,San Francisco County,37.73000000000001,-123.03000000000009,0.0387878208977582,Negligible,0.9979196077312001,0.3725,0.36,0.17093428695374632,1748.5777397114816,1.0,Low
91411,Los Angeles County,34.20000000000002,-118.26000000000008,0.038777970550781485,Negligible,0.9865538257251698,0.2,0.29,0.18379313051294435,1104.9916245159702,2.0,Moderate
95253,Alameda County,37.64999999999999,-121.90999999999995,0.03877736671193748,Negligible,0.9937900454629612,0.1525,0.3,0.0,785.7774040033553,1.0,Low
95670,Sacramento County,38.45000000000002,-121.34000000000005,0.038776119379090306,Negligible,0.9799390528856218,0.39,0.12,0.27386708936179643,865.5849261245505,1.0,Low
95837,Sacramento County,38.45000000000002,-121.34000000000005,0.03873431951874886,Negligible,0.9875537451061224,0.27249999999999996,0.22,0.0,1874.428119626616,1.0,Low
92883,Orange County,33.67999999999998,-117.78000000000009,0.03872328316184256,Negligible,0.9872103977867616,0.71,0.21000000000000008,0.22805551078378247,1303.1532083435516,2.0,Moderate
90254,Los Angeles County,34.20000000000002,-118.26000000000008,0.03866833348865789,Negligible,0.9979732488269712,0.385,0.36,0.4289259806447209,1679.8233492529343,2.0,Moderate
92662,Orange County,33.67999999999998,-117.78000000000009,0.03862336362878269,Negligible,0.9977064917788784,0.51,0.37,0.0035767751226999677,2038.2711155615889,2.0,Moderate
90011,Los Angeles County,34.20000000000002,-118.26000000000008,0.03855622732397182,Negligible,0.995062147003861,0.2075,0.32,0.18693402177379254,894.7810939706378,2.0,Moderate
90008,Los Angeles County,34.20000000000002,-118.26000000000008,0.0384531870082168,Negligible,0.9993598831530093,0.27749999999999997,0.38,0.197692717289586,1477.1001991410824,2.0,Moderate
92371,San Bernardino County,34.86,-116.17999999999998,0.03844663864596159,Negligible,0.9905387127338556,1.0775,0.19999999999999996,0.11555812209583399,1318.4066103987154,2.0,Moderate
90275,Los Angeles County,34.20000000000002,-118.26000000000008,0.03837687563948718,Negligible,0.999467295898072,0.41500000000000004,0.38,0.035835042066962974,1627.2230129904906,2.0,Moderate
90713,Los Angeles County,34.20000000000002,-118.26000000000008,0.03831935810500903,Negligible,0.9995492980630104,0.225,0.38,0.05751897394319701,682.8800300883588,2.0,Moderate
95236,Alameda County,37.64999999999999,-121.90999999999995,0.038248624419177694,Negligible,0.9839069961064597,0.3825,0.14999999999999997,0.1533734596813856,1237.6297296379232,-1.0,Outlier
90056,Los Angeles County,34.20000000000002,-118.26000000000008,0.03824268553607818,Negligible,0.9916345813793148,0.2475,0.3,0.4147967678548265,1745.1717608189801,2.0,Moderate
90040,Los Angeles County,34.20000000000002,-118.26000000000008,0.03820276490753965,Negligible,0.9939592798729306,0.2025,0.3,0.20437320446451776,725.0791182161196,2.0,Moderate
93272,Kern County,35.35000000000001,-118.73000000000002,0.03817446330005097,Negligible,0.9882678368503854,0.27999999999999997,0.22999999999999998,0.0072233230824658694,760.934847316882,0.0,Negligible
90001,Los Angeles County,34.20000000000002,-118.26000000000008,0.03798832413174577,Negligible,0.9943826731848149,0.1975,0.29,0.24320060987219144,777.081347156695,2.0,Moderate
94514,Contra Costa County,37.919999999999995,-121.94999999999996,0.03795108121581728,Negligible,0.9831484595557692,0.3075,0.21,0.01599562715570207,1551.7445420095996,1.0,Low
92276,Riverside County,33.73000000000001,-116.0,0.03792003936290467,Negligible,0.9837333801576762,0.2875,0.12,0.0003102795824126388,941.1209123691433,2.0,Moderate
90018,Los Angeles County,34.20000000000002,-118.26000000000008,0.03788434867217465,Negligible,0.9959151440897841,0.255,0.32999999999999996,0.3723648330036292,1156.0801342382374,2.0,Moderate
91343,Los Angeles County,34.20000000000002,-118.26000000000008,0.037876586619972445,Negligible,0.9925451242969907,0.195,0.27999999999999997,0.25062578661765655,1193.974646196929,-1.0,Outlier
92311,San Bernardino County,34.86,-116.17999999999998,0.03770899427982753,Negligible,0.9990089809845064,0.36,0.37000000000000005,0.09279736201649287,869.1500279394719,2.0,Moderate
92867,Orange County,33.67999999999998,-117.78000000000009,0.03765495983692491,Negligible,0.9990747423282617,0.325,0.37,0.06861339544760038,1239.0584404390781,-1.0,Outlier
95319,Santa Clara County,37.22000000000002,-121.69000000000004,0.03763644793861225,Negligible,0.9879905237015266,0.1325,0.2,0.6400582018878219,734.8697492362858,1.0,Low
92865,Orange County,33.67999999999998,-117.78000000000009,0.03762445669319859,Negligible,0.9979571597257927,0.22749999999999998,0.35,0.02292755352935822,920.9484352766424,-1.0,Outlier
90028,Los Angeles County,34.20000000000002,-118.26000000000008,0.037579490296343866,Negligible,0.9939258685191767,0.28500000000000003,0.31,0.0,1318.9571436144151,2.0,Moderate
92606,Orange County,33.67999999999998,-117.78000000000009,0.03749239831999349,Negligible,0.9965378482619598,0.265,0.33,0.14949122211303448,1114.2121470639108,-1.0,Outlier
94110,San Francisco County,37.73000000000001,-123.03000000000009,0.03742972585070301,Negligible,0.9993923080190503,0.305,0.37,0.018357605423485517,1678.7080124583938,1.0,Low
93430,San Luis Obispo County,35.38999999999999,-120.44999999999992,0.03741018140183608,Negligible,0.9900903267064858,0.6775,0.22999999999999998,0.04126069351169475,1057.5489238579369,2.0,Moderate
94102,San Francisco County,37.73000000000001,-123.03000000000009,0.03730771462807504,Negligible,0.9967355280868718,0.295,0.32999999999999996,0.9549276169847605,2127.9987677928075,1.0,Low
91723,Los Angeles County,34.20000000000002,-118.26000000000008,0.03729772391011024,Negligible,0.9943310099267383,0.2175,0.31,0.07472887960131501,896.7911586689038,2.0,Moderate
95130,Santa Clara County,37.22000000000002,-121.69000000000004,0.03723878781586411,Negligible,0.9937166868354937,0.20750000000000002,0.31,0.21833495306487305,864.9767545259265,1.0,Low
90023,Los Angeles County,34.20000000000002,-118.26000000000008,0.037141745951966794,Negligible,0.997897514101952,0.22749999999999998,0.35,0.16285948872495468,753.9044022753728,2.0,Moderate
90278,Los Angeles County,34.20000000000002,-118.26000000000008,0.03713740082554055,Negligible,0.9983932539650221,0.2975,0.36,0.011637923886959856,1055.492659171284,2.0,Moderate
92410,San Bernardino County,34.86,-116.17999999999998,0.037071753365705784,Negligible,0.9978685369643466,0.2925,0.2,0.21807994346435328,868.4883291792084,2.0,Moderate
92649,Orange County,33.67999999999998,-117.78000000000009,0.03690151952416629,Negligible,0.9987298800387354,0.32,0.36,0.04155342498074302,1416.2276876596638,2.0,Moderate
91605,Los Angeles County,34.20000000000002,-118.26000000000008,0.03684406197627114,Negligible,0.9974084777669495,0.21,0.35,0.12843329957210867,972.8481762202344,2.0,Moderate
92870,Orange County,33.67999999999998,-117.78000000000009,0.03665258068362574,Negligible,0.9976640804370444,0.2475,0.35,0.1044371936286598,1049.3135707674026,-1.0,Outlier
94520,Contra Costa County,37.919999999999995,-121.94999999999996,0.03663702599212649,Negligible,0.9940334813630816,0.22249999999999998,0.22999999999999998,0.3682683844585248,866.8298012402979,-1.0,Outlier
92262,Riverside County,33.73000000000001,-116.0,0.03663631922928806,Negligible,0.9991069582060548,0.4575,0.36000000000000004,0.06189508596459874,1451.5546915534783,2.0,Moderate
90064,Los Angeles County,34.20000000000002,-118.26000000000008,0.036527040678107026,Negligible,0.9992546943210769,0.315,0.36,0.07928287997910666,1738.44575472218,2.0,Moderate
90025,Los Angeles County,34.20000000000002,-118.26000000000008,0.036471314547798644,Negligible,0.9979208356384529,0.2875,0.35,0.03008033988723666,1639.2774303526699,2.0,Moderate
94523,Contra Costa County,37.919999999999995,-121.94999999999996,0.03643056225541705,Negligible,0.9617187361269147,0.6875,-0.22000000000000008,0.21772253242653167,1101.1071424033764,1.0,Low
94114,San Francisco County,37.73000000000001,-123.03000000000009,0.03640943122120827,Negligible,0.999421779547101,0.4125,0.36,0.0884033818935456,2246.3460530390225,1.0,Low
90266,Los Angeles County,34.20000000000002,-118.26000000000008,0.0364023252948848,Negligible,0.9994323859740745,0.435,0.36,0.06808040328467033,2118.5859737856886,2.0,Moderate
91606,Los Angeles County,34.20000000000002,-118.26000000000008,0.036355769095390164,Negligible,0.9969226265207416,0.2,0.32,0.012220759373651698,982.5430065504698,2.0,Moderate
94609,Alameda County,37.64999999999999,-121.90999999999995,0.0363552332235093,Negligible,0.9926834550858568,0.28500000000000003,0.26,0.10976630774690833,1555.1091150822506,1.0,Low
93308,Kern County,35.35000000000001,-118.73000000000002,0.03635349674774158,Negligible,0.9926712101832481,0.3375,0.22999999999999998,0.1812660976024032,886.9194634331511,0.0,Negligible
95134,Santa Clara County,37.22000000000002,-121.69000000000004,0.03623078361366142,Negligible,0.9933715131189637,0.2075,-0.03,0.0,869.9611541657548,1.0,Low
90201,Los Angeles County,34.20000000000002,-118.26000000000008,0.036132399254493214,Negligible,0.9978955607118362,0.20750000000000002,0.34,0.17274869983492624,679.2099631048725,2.0,Moderate
90807,Los Angeles County,34.20000000000002,-118.26000000000008,0.03609988231627636,Negligible,0.9984484117546462,0.22749999999999998,0.35,0.10244651932081744,933.27269595954,2.0,Moderate
92220,Riverside County,33.73000000000001,-116.0,0.03605726738202293,Negligible,0.9971185671474899,0.6725,0.33999999999999997,0.11262221597432819,961.3262186460889,2.0,Moderate
90044,Los Angeles County,34.20000000000002,-118.26000000000008,0.03603637970565844,Negligible,0.9942315062438875,0.21500000000000002,0.29,0.23368041847802198,879.5484300244127,2.0,Moderate
92620,Orange County,33.67999999999998,-117.78000000000009,0.036008862328894116,Negligible,0.998574104944211,0.275,0.35,0.06790044926673705,1093.9177032808157,-1.0,Outlier
93450,San Luis Obispo County,35.38999999999999,-120.44999999999992,0.03593892927359264,Negligible,0.994086367155921,0.4025,0.27,0.0,831.3475585585221,2.0,Moderate
93728,Fresno County,36.76,-119.65999999999995,0.03592823057787588,Negligible,0.9891396638192713,0.1825,0.18,0.6351669123548601,828.5408504464117,0.0,Negligible
95549,Humboldt County,40.710000000000015,-123.92999999999996,0.035879917114985345,Negligible,0.9290783426062331,2.25,-0.44999999999999973,0.9149296691194874,1673.0427262945434,-1.0,Outlier
90240,Los Angeles County,34.20000000000002,-118.26000000000008,0.03584679817504831,Negligible,0.9966010559344785,0.1975,0.31,0.11172550555044287,1002.3721653713378,2.0,Moderate
93561,Santa Barbara County,34.539999999999985,-120.03999999999998,0.035699023552838924,Negligible,0.9742144607462845,1.5125,0.010000000000000009,0.09168256846163651,1099.7480582353182,2.0,Moderate
92655,Orange County,33.67999999999998,-117.78000000000009,0.035687276406427104,Negligible,0.9947536390050405,0.2625,0.27999999999999997,0.16158444833667382,744.4515252667635,-1.0,Outlier
90720,Los Angeles County,34.20000000000002,-118.26000000000008,0.035649975395355235,Negligible,0.9990809758043123,0.295,0.35,0.024672282808351844,1245.24683196289,2.0,Moderate
93261,Kern County,35.35000000000001,-118.73000000000002,0.03563848893537205,Negligible,0.9976622535497657,0.2225,0.32,0.30607337770922804,764.3109237933631,0.0,Negligible
92869,Orange County,33.67999999999998,-117.78000000000009,0.03561162099314785,Negligible,0.9991365933985421,0.35000000000000003,0.35000000000000003,0.06133276566183893,1475.0387275034545,2.0,Moderate
94603,Alameda County,37.64999999999999,-121.90999999999995,0.03556060749086576,Negligible,0.9863227712048085,0.2375,0.19000000000000003,0.2043675477090279,1036.4957290046154,-1.0,Outlier
92604,Orange County,33.67999999999998,-117.78000000000009,0.03539910418195808,Negligible,0.9954928964488263,0.25,0.3,0.004331429448765117,1037.6344938355192,-1.0,Outlier
91801,Los Angeles County,34.20000000000002,-118.26000000000008,0.03539661146671363,Negligible,0.9994406403614449,0.2175,0.35000000000000003,0.2687430883091203,809.5804374120006,2.0,Moderate
91775,Los Angeles County,34.20000000000002,-118.26000000000008,0.03539569413637043,Negligible,0.9980427152495192,0.22499999999999998,0.33999999999999997,0.09285480672166166,899.8220373255887,2.0,Moderate
90504,Los Angeles County,34.20000000000002,-118.26000000000008,0.03537636433237419,Negligible,0.999468961059671,0.22749999999999998,0.35,0.004980995533106638,786.5313850435822,2.0,Moderate
90703,Los Angeles County,34.20000000000002,-118.26000000000008,0.035372038989096306,Negligible,0.9950974190376634,0.1825,0.28,0.08752324185622061,958.340179612376,2.0,Moderate
94121,San Francisco County,37.73000000000001,-123.03000000000009,0.03528200013878844,Negligible,0.9979362018534806,0.2725,0.33,0.17287394995429192,1892.5832891048076,1.0,Low
91942,San Diego County,33.01999999999999,-116.78000000000009,0.035256162747797096,Negligible,0.9982682187047636,0.3325,0.34,0.10368161497557446,879.5373642739783,2.0,Moderate
93451,San Luis Obispo County,35.38999999999999,-120.44999999999992,0.03525603713020237,Negligible,0.9957894845253483,0.6625,0.30999999999999994,0.09754744189553814,799.1649261134748,2.0,Moderate
92806,Orange County,33.67999999999998,-117.78000000000009,0.035243481115367056,Negligible,0.9969581041946135,0.2025,0.31,0.18826317295983586,903.7396635631768,-1.0,Outlier
93925,Monterey County,36.24,-121.32000000000002,0.03523038138129692,Negligible,0.994598314658912,0.8075,0.30999999999999994,0.0,1183.2124820760328,2.0,Moderate
90038,Los Angeles County,34.20000000000002,-118.26000000000008,0.03520635381264082,Negligible,0.9969141788154681,0.3075,0.32999999999999996,0.0,1443.1094160169955,2.0,Moderate
93111,Ventura County,34.36000000000001,-119.13000000000008,0.035149985271878924,Negligible,0.9874477909018549,0.855,0.17999999999999994,0.16626122652118522,1350.87861401541,2.0,Moderate
92780,Orange County,33.67999999999998,-117.78000000000009,0.03506899254381598,Negligible,0.9970795883027269,0.235,0.32999999999999996,0.1529338619000453,960.5351384935265,-1.0,Outlier
90660,Los Angeles County,34.20000000000002,-118.26000000000008,0.03497930481872408,Negligible,0.9978317565589296,0.2025,0.33,0.2535053406777261,730.8363006946437,2.0,Moderate
91103,Los Angeles County,34.20000000000002,-118.26000000000008,0.03493540771903939,Negligible,0.9828322895157449,0.855,0.09999999999999998,0.28693893370913565,1405.4085304081814,2.0,Moderate
90701,Los Angeles County,34.20000000000002,-118.26000000000008,0.034923706734956594,Negligible,0.9978182525415208,0.15000000000000002,0.23,0.2742628706790611,862.1065048947889,2.0,Moderate
95385,Santa Clara County,37.22000000000002,-121.69000000000004,0.03481454367681753,Negligible,0.977697824872943,0.255,0.09000000000000002,0.42803868186716576,1552.2907466392055,1.0,Low
91202,Los Angeles County,34.20000000000002,-118.26000000000008,0.034785117140803574,Negligible,0.9974949402746622,0.4075,0.32999999999999996,0.25394180015629103,1384.5149412387625,2.0,Moderate
95521,Humboldt County,40.710000000000015,-123.92999999999996,0.034777256606254775,Negligible,0.9917444999192845,0.9475,0.14,0.16676347848998613,926.4936258636775,-1.0,Outlier
91024,Los Angeles County,34.20000000000002,-118.26000000000008,0.03474450840356448,Negligible,0.9947292006096398,1.0225,0.10000000000000009,0.14959395665945968,1450.3453772112687,2.0,Moderate
92173,San Diego County,33.01999999999999,-116.78000000000009,0.03473505222539437,Negligible,0.9950300482471885,0.2925,0.29000000000000004,0.19473660831447503,826.4034996921371,2.0,Moderate
91355,Los Angeles County,34.20000000000002,-118.26000000000008,0.03469441859192478,Negligible,0.9990191988423531,0.35250000000000004,0.34,0.019018565241570067,1305.5830095116085,2.0,Moderate
90241,Los Angeles County,34.20000000000002,-118.26000000000008,0.03468092168449291,Negligible,0.9979552198298823,0.1875,0.31999999999999995,0.061434791355960756,916.7001876477368,2.0,Moderate
90047,Los Angeles County,34.20000000000002,-118.26000000000008,0.03466893242485763,Negligible,0.9983495355243049,0.215,0.27,0.13892335714555457,876.8245619013873,2.0,Moderate
90066,Los Angeles County,34.20000000000002,-118.26000000000008,0.03464994515896229,Negligible,0.9990809544273914,0.235,0.33999999999999997,0.037431486938405714,1207.6553299785646,2.0,Moderate
90019,Los Angeles County,34.20000000000002,-118.26000000000008,0.034633525985484095,Negligible,0.9991049917006044,0.245,0.33999999999999997,0.050890805270330144,1453.243740078909,2.0,Moderate
91731,Los Angeles County,34.20000000000002,-118.26000000000008,0.03462008493447604,Negligible,0.9961237511085732,0.1925,0.29000000000000004,0.001208003389729162,682.5520710822909,2.0,Moderate
93117,Ventura County,34.36000000000001,-119.13000000000008,0.03456757730829634,Negligible,0.9912578838352704,0.6699999999999999,0.24,0.8893512180831957,1238.383363494186,2.0,Moderate
90004,Los Angeles County,34.20000000000002,-118.26000000000008,0.03433607195233857,Negligible,0.9995256851565837,0.35250000000000004,0.3400000000000001,0.03986743511113561,2557.3844129636814,2.0,Moderate
93401,San Luis Obispo County,35.38999999999999,-120.44999999999992,0.03433562272636592,Negligible,0.9976489657672308,0.65,0.30999999999999994,0.15169440344096277,1000.5934779363893,2.0,Moderate
92831,Orange County,33.67999999999998,-117.78000000000009,0.03431213274338721,Negligible,0.9981454678810712,0.265,0.33,0.14231058191836005,1059.322623602006,-1.0,Outlier
90232,Los Angeles County,34.20000000000002,-118.26000000000008,0.034240244128796275,Negligible,0.9926697753346915,0.2125,0.29,0.10602856537519556,1202.012773344085,2.0,Moderate
91706,Los Angeles County,34.20000000000002,-118.26000000000008,0.03421813741611885,Negligible,0.9996926174995371,0.2,0.34,0.180360003553795,720.3221719794743,2.0,Moderate
95126,Santa Clara County,37.22000000000002,-121.69000000000004,0.03419925706005791,Negligible,0.9983048610787612,0.2825,0.33,0.05428296163945482,1138.6479724351368,1.0,Low
93109,Ventura County,34.36000000000001,-119.13000000000008,0.03411108192957362,Negligible,0.9970709204527228,0.605,0.32000000000000006,0.07048599127330053,1441.7320313132789,2.0,Moderate
92020,San Diego County,33.01999999999999,-116.78000000000009,0.0340838728756668,Negligible,0.9884968477464586,0.7474999999999999,0.09999999999999998,0.1768174459177375,1200.7257162237333,2.0,Moderate
94590,Contra Costa County,37.919999999999995,-121.94999999999996,0.03403461134356411,Negligible,0.9914917044165489,0.20750000000000002,0.21000000000000002,0.2082701101114942,971.4458135968691,-1.0,Outlier
95618,Sacramento County,38.45000000000002,-121.34000000000005,0.03402942834477697,Negligible,0.9919918985086882,0.2975,0.26,0.16463737580955518,1032.2182588600047,1.0,Low
92845,Orange County,33.67999999999998,-117.78000000000009,0.03400634818606617,Negligible,0.9978433960724792,0.24,0.31999999999999995,0.013938728210541138,779.1172160978549,-1.0,Outlier
94158,San Francisco County,37.73000000000001,-123.03000000000009,0.0339495181152132,Negligible,0.9987221961381041,0.165,0.33,0.0,643.3333333333333,1.0,Low
95207,Alameda County,37.64999999999999,-121.90999999999995,0.033786061109117554,Negligible,0.9919064962350607,0.265,0.15999999999999998,0.19526939650871988,943.5779717428643,-1.0,Outlier
95641,Sacramento County,38.45000000000002,-121.34000000000005,0.033709767363558,Negligible,0.9842957157204976,0.2825,0.09999999999999998,0.0,870.2014983318963,1.0,Low
92835,Orange County,33.67999999999998,-117.78000000000009,0.033708765913666464,Negligible,0.997591575059287,0.3175,0.31999999999999995,0.12772359271466133,1379.0276443027178,2.0,Moderate
91607,Los Angeles County,34.20000000000002,-118.26000000000008,0.03363083756659834,Negligible,0.9991080105095879,0.2375,0.32999999999999996,0.07608166288354368,1554.7430203673441,2.0,Moderate
90212,Los Angeles County,34.20000000000002,-118.26000000000008,0.033532682587720554,Negligible,0.999252257845405,0.395,0.32999999999999996,0.00014779473764373185,3229.791244612121,2.0,Moderate
95125,Santa Clara County,37.22000000000002,-121.69000000000004,0.03346487331268339,Negligible,0.9993427482282163,0.2825,0.32999999999999996,0.07301579858185472,1155.077770013858,1.0,Low
93621,Fresno County,36.76,-119.65999999999995,0.033464584490251255,Negligible,0.975229865744758,2.0775,0.0,0.0,1344.9227698967306,-1.0,Outlier
94086,San Francisco County,37.73000000000001,-123.03000000000009,0.03344836364615223,Negligible,0.9950221372938407,0.2125,0.24999999999999997,0.2356093734496507,881.0703132071013,1.0,Low
92648,Orange County,33.67999999999998,-117.78000000000009,0.03344765316323195,Negligible,0.9993674152954986,0.35,0.33,0.034007018480881016,1561.6559541577117,2.0,Moderate
93633,Fresno County,36.76,-119.65999999999995,0.03342484140235358,Negligible,0.9653954987078196,2.955,-0.029999999999999805,0.0,1083.5749355740559,2.0,Moderate
92840,Orange County,33.67999999999998,-117.78000000000009,0.03339859971951692,Negligible,0.9947447161862984,0.20750000000000002,0.25,0.3941339474366906,714.2891320195417,-1.0,Outlier
93103,Ventura County,34.36000000000001,-119.13000000000008,0.03339402168746559,Negligible,0.985213724010853,1.0825,0.11999999999999988,0.5383371173370075,1802.5035393604894,2.0,Moderate
91780,Los Angeles County,34.20000000000002,-118.26000000000008,0.03339312474479542,Negligible,0.9994465481358933,0.21250000000000002,0.33,0.09815800778319765,814.8423841062435,2.0,Moderate
91803,Los Angeles County,34.20000000000002,-118.26000000000008,0.03339297950811704,Negligible,0.9994464458759347,0.2275,0.33,0.11814723092860938,775.3463134107876,2.0,Moderate
93615,Fresno County,36.76,-119.65999999999995,0.03336258156931407,Negligible,0.9901029856318393,0.2775,0.2,0.21169599242704262,793.3267393338841,0.0,Negligible
90712,Los Angeles County,34.20000000000002,-118.26000000000008,0.03330231669535884,Negligible,0.9995752721206401,0.1975,0.33,0.16406187364293973,705.766556647794,2.0,Moderate
91501,Los Angeles County,34.20000000000002,-118.26000000000008,0.03329602586045367,Negligible,0.9981698903152955,0.5575,0.32,0.0914812083280852,1524.7244329193109,2.0,Moderate
90039,Los Angeles County,34.20000000000002,-118.26000000000008,0.033269795098423115,Negligible,0.9982070750352944,0.3825,0.31999999999999995,0.11719985294016658,1243.8446896382443,2.0,Moderate
92627,Orange County,33.67999999999998,-117.78000000000009,0.03319438739230128,Negligible,0.9954846833051031,0.2875,0.30000000000000004,0.036872419059240304,1026.4901844862059,-1.0,Outlier
95693,Sacramento County,38.45000000000002,-121.34000000000005,0.03316659098201033,Negligible,0.991702510110118,0.4425,0.22999999999999993,0.2860873932176983,1514.2740841073737,1.0,Low
94112,San Francisco County,37.73000000000001,-123.03000000000009,0.03315875486683114,Negligible,0.9957993647102868,0.20500000000000002,0.26999999999999996,0.164551214707905,1119.3077329891623,1.0,Low
94551,Contra Costa County,37.919999999999995,-121.94999999999996,0.033116664652224646,Negligible,0.9984336683189325,0.3175,0.31999999999999995,0.1096975303526325,1014.9884045499396,-1.0,Outlier
95366,Santa Clara County,37.22000000000002,-121.69000000000004,0.03307413106579009,Negligible,0.9930564032650884,0.3175,0.23,0.11442115750257234,1024.761551928596,1.0,Low
91913,San Diego County,33.01999999999999,-116.78000000000009,0.03307341589487364,Negligible,0.9984848309113954,0.34500000000000003,0.32000000000000006,0.017601683529689882,1123.6592075977674,2.0,Moderate
90005,Los Angeles County,34.20000000000002,-118.26000000000008,0.033072563773475575,Negligible,0.9957150814492595,0.3575,0.29000000000000004,0.05616747820413977,3598.87887296996,2.0,Moderate
94134,San Francisco County,37.73000000000001,-123.03000000000009,0.03303072777932575,Negligible,0.9971608148885296,0.22,0.29,0.13422128918054094,1068.7729388021578,1.0,Low
92544,Riverside County,33.73000000000001,-116.0,0.032924017623986376,Negligible,0.9950918738041015,0.54,0.21000000000000008,0.12517681423681398,1029.5113711572544,2.0,Moderate
95124,Santa Clara County,37.22000000000002,-121.69000000000004,0.03288835188215079,Negligible,0.998745138895016,0.2475,0.32,0.0886484166136831,962.1987026039251,1.0,Low
92337,San Bernardino County,34.86,-116.17999999999998,0.03288168000816478,Negligible,0.992434174069163,0.43,0.16000000000000003,0.015938978202681555,997.6331169562093,2.0,Moderate
90043,Los Angeles County,34.20000000000002,-118.26000000000008,0.03286763824292169,Negligible,0.9973623662480171,0.22250000000000003,0.31,0.19400062651325817,1104.514415197927,2.0,Moderate
94401,San Mateo County,37.40999999999998,-122.36999999999992,0.03278413715347739,Negligible,0.9926289414299821,0.245,0.25,0.15552835192778744,975.9974760363394,-1.0,Outlier
91915,San Diego County,33.01999999999999,-116.78000000000009,0.03272692935924236,Negligible,0.9989721173832046,0.2875,0.31999999999999995,0.059189460182800045,1223.8314860442242,2.0,Moderate
92107,San Diego County,33.01999999999999,-116.78000000000009,0.03270671096974032,Negligible,0.9948541290571254,0.35250000000000004,0.29000000000000004,0.11623831760049845,1045.5860718287558,2.0,Moderate
92624,Orange County,33.67999999999998,-117.78000000000009,0.03266357901084602,Negligible,0.9976488173979189,0.355,0.31000000000000005,0.0346233137670894,1657.219841177054,2.0,Moderate
90016,Los Angeles County,34.20000000000002,-118.26000000000008,0.03264941386460301,Negligible,0.9976721061958435,0.2375,0.31000000000000005,0.13890870372533204,1046.1922783943469,2.0,Moderate
95123,Santa Clara County,37.22000000000002,-121.69000000000004,0.03263763740571564,Negligible,0.9991022963735929,0.255,0.32,0.13643389167731626,922.5770206701136,1.0,Low
91790,Los Angeles County,34.20000000000002,-118.26000000000008,0.03262385043612069,Negligible,0.999267439886061,0.20750000000000002,0.32,0.30903600469552606,832.5002571670052,2.0,Moderate
95212,Alameda County,37.64999999999999,-121.90999999999995,0.032590926226744525,Negligible,0.985792582141016,0.21750000000000003,0.07,0.17668117883390516,1100.2637525230225,-1.0,Outlier
91759,Los Angeles County,34.20000000000002,-118.26000000000008,0.03254493701800388,Negligible,0.9791637364772131,3.0324999999999998,0.04999999999999982,0.0,1356.70683420094,-1.0,Outlier
91776,Los Angeles County,34.20000000000002,-118.26000000000008,0.032524787489726,Negligible,0.9979846485157365,0.2025,0.3,0.16886508780362317,732.3362736545141,2.0,Moderate
90638,Los Angeles County,34.20000000000002,-118.26000000000008,0.032513986434916,Negligible,0.9968145369641115,0.21250000000000002,0.3,0.08421170152175032,894.2363563265892,2.0,Moderate
92646,Orange County,33.67999999999998,-117.78000000000009,0.032507589220099366,Negligible,0.9992823621835963,0.2875,0.32,0.09615420885306743,1141.579646217296,-1.0,Outlier
94710,Alameda County,37.64999999999999,-121.90999999999995,0.03238259371142855,Negligible,0.9917195324768747,0.24,0.24,0.038298429406026575,1240.5316628504627,1.0,Low
91754,Los Angeles County,34.20000000000002,-118.26000000000008,0.03234106239080488,Negligible,0.9995238329302959,0.225,0.32,0.012286897577101422,781.089305641075,2.0,Moderate
92104,San Diego County,33.01999999999999,-116.78000000000009,0.0323353944758952,Negligible,0.9962004320506187,0.5375,0.26999999999999996,0.22576733118027967,843.3446329533846,2.0,Moderate
91770,Los Angeles County,34.20000000000002,-118.26000000000008,0.03233208352553045,Negligible,0.99955360802607,0.21000000000000002,0.32,0.1773206400540013,747.6964640892088,2.0,Moderate
95128,Santa Clara County,37.22000000000002,-121.69000000000004,0.03233090001537219,Negligible,0.9967399072660349,0.2375,0.30000000000000004,0.040058487910285975,907.0160633737478,1.0,Low
90744,Los Angeles County,34.20000000000002,-118.26000000000008,0.032310088916743786,Negligible,0.9995653085241046,0.1775,0.32,0.13869185659292918,783.0968054751286,2.0,Moderate
90003,Los Angeles County,34.20000000000002,-118.26000000000008,0.03230273037614562,Negligible,0.9966288272649012,0.1875,0.29000000000000004,0.20895518390699622,841.7165597598035,2.0,Moderate
90262,Los Angeles County,34.20000000000002,-118.26000000000008,0.03229087201918722,Negligible,0.9996223900802882,0.20249999999999999,0.32,0.1863876812527901,708.8031598652979,2.0,Moderate
94043,San Francisco County,37.73000000000001,-123.03000000000009,0.03221788850611464,Negligible,0.9985240101083278,0.2125,0.29,0.009780340299805224,851.1159121808399,1.0,Low
93465,San Luis Obispo County,35.38999999999999,-120.44999999999992,0.03220719843967288,Negligible,0.9982973379126544,0.765,0.30999999999999994,0.004720063134419907,1202.3101378163724,2.0,Moderate
90048,Los Angeles County,34.20000000000002,-118.26000000000008,0.03217674100909861,Negligible,0.9983363721970985,0.38,0.31000000000000005,0.028017081366571023,2163.6446039866105,2.0,Moderate
92691,Orange County,33.67999999999998,-117.78000000000009,0.03212463191381004,Negligible,0.997013290806309,0.2775,0.30000000000000004,0.07571438814285414,1319.5403694705733,2.0,Moderate
94124,San Francisco County,37.73000000000001,-123.03000000000009,0.03211759166052287,Negligible,0.9956196611414061,0.21250000000000002,0.29,0.1272971231420249,1136.9275905657155,1.0,Low
92530,Riverside County,33.73000000000001,-116.0,0.03209982774882811,Negligible,0.9864539902120933,0.7,0.08000000000000007,0.1764053134472673,1019.5386541590656,2.0,Moderate
91945,San Diego County,33.01999999999999,-116.78000000000009,0.03209904706342216,Negligible,0.9961014817349723,0.2425,0.26999999999999996,0.23864554554685993,848.3533091771915,2.0,Moderate
92647,Orange County,33.67999999999998,-117.78000000000009,0.03190012098773976,Negligible,0.9987286134433956,0.265,0.31,0.07084118240639678,910.0643986587713,-1.0,Outlier
91006,Los Angeles County,34.20000000000002,-118.26000000000008,0.03188663639201901,Negligible,0.9973842911812579,0.39,0.30000000000000004,0.055518646176188007,1418.6037823369345,2.0,Moderate
94703,Alameda County,37.64999999999999,-121.90999999999995,0.031870802552145396,Negligible,0.9973650603583434,0.26,0.3,0.07808129981604758,1465.998779527879,1.0,Low
92007,San Diego County,33.01999999999999,-116.78000000000009,0.03181193625857441,Negligible,0.9933316512732067,0.6225,0.27,0.028621701338814896,1334.7562186003179,2.0,Moderate
93402,San Luis Obispo County,35.38999999999999,-120.44999999999992,0.031793218456018006,Negligible,0.9960976329211517,0.6975,0.29000000000000004,0.009546645492366185,888.9515065067909,2.0,Moderate
93463,San Luis Obispo County,35.38999999999999,-120.44999999999992,0.03177894561395444,Negligible,0.9920594036669055,0.7,0.26,0.027338684580627593,1341.5641619204328,2.0,Moderate
94404,San Mateo County,37.40999999999998,-122.36999999999992,0.031765887627522214,Negligible,0.9962312615762791,0.235,0.27,0.005362910409413252,1126.4690803648878,-1.0,Outlier
91755,Los Angeles County,34.20000000000002,-118.26000000000008,0.03173803273737841,Negligible,0.9989713573563637,0.22,0.31,0.08413932626251916,769.8028047568928,2.0,Moderate
94550,Contra Costa County,37.919999999999995,-121.94999999999996,0.03168221715617988,Negligible,0.9990480084351054,0.3875,0.31000000000000005,0.09639726223876889,1163.8193347348817,1.0,Low
94087,San Francisco County,37.73000000000001,-123.03000000000009,0.031681787450752424,Negligible,0.997637755252613,0.23500000000000001,0.30000000000000004,0.037612347773523055,958.0823143005273,1.0,Low
94706,Alameda County,37.64999999999999,-121.90999999999995,0.03167486311377643,Negligible,0.9976334336851633,0.29000000000000004,0.30000000000000004,0.06370063060441708,1199.3165182514736,1.0,Low
94306,San Mateo County,37.40999999999998,-122.36999999999992,0.031650523831394335,Negligible,0.9990813632856703,0.40249999999999997,0.30999999999999994,0.021606457804203543,1233.5312632418413,1.0,Low
92782,Orange County,33.67999999999998,-117.78000000000009,0.03160837937134265,Negligible,0.9978561194936016,0.40249999999999997,0.29999999999999993,0.009291445279819071,1437.9337563768574,2.0,Moderate
90059,Los Angeles County,34.20000000000002,-118.26000000000008,0.03160058809871285,Negligible,0.9979721076407254,0.2,0.29,0.22498238741905238,778.0095423249637,2.0,Moderate
94577,Contra Costa County,37.919999999999995,-121.94999999999996,0.03153761539144972,Negligible,0.9924347322581946,0.2975,0.22999999999999998,0.16910658286240382,1021.8824700396699,-1.0,Outlier
93280,Kern County,35.35000000000001,-118.73000000000002,0.03146892625051728,Negligible,0.9994380521124532,0.3325,0.31,0.10942717922333192,699.6129120593971,0.0,Negligible
91325,Los Angeles County,34.20000000000002,-118.26000000000008,0.03145350593093126,Negligible,0.9993590612276808,0.2,0.31,0.13768550684608158,1554.4429494967776,2.0,Moderate
92661,Orange County,33.67999999999998,-117.78000000000009,0.03143216395942641,Negligible,0.9979913372261472,0.485,0.30000000000000004,0.0017837658795105604,2298.442736597536,2.0,Moderate
94582,Contra Costa County,37.919999999999995,-121.94999999999996,0.031431413687009684,Negligible,0.9994301283812693,0.35250000000000004,0.31000000000000005,0.08243843447129755,1279.1537256766335,1.0,Low
92705,Orange County,33.67999999999998,-117.78000000000009,0.031408982034031495,Negligible,0.9951953958019839,0.405,0.28,0.1713580142516961,1553.2532745972323,2.0,Moderate
90035,Los Angeles County,34.20000000000002,-118.26000000000008,0.03140447089715122,Negligible,0.9994280171672614,0.275,0.31,0.021563388556164534,1802.9067208168412,2.0,Moderate
94704,Alameda County,37.64999999999999,-121.90999999999995,0.03139664819814512,Negligible,0.986757011844098,0.815,0.15000000000000002,0.16569707005568687,2102.086634732476,1.0,Low
90280,Los Angeles County,34.20000000000002,-118.26000000000008,0.03139193264751645,Negligible,0.9994508441957338,0.215,0.31,0.1005533476550598,709.5917389865899,2.0,Moderate
90723,Los Angeles County,34.20000000000002,-118.26000000000008,0.03139120330006824,Negligible,0.9994503325628203,0.1825,0.31000000000000005,0.11799005788123663,650.5452411935908,2.0,Moderate
94122,San Francisco County,37.73000000000001,-123.03000000000009,0.03135424366206102,Negligible,0.9995019630556782,0.22000000000000003,0.31,0.06328719243801996,1398.3342734114844,1.0,Low
91324,Los Angeles County,34.20000000000002,-118.26000000000008,0.03130503073479526,Negligible,0.9967894985880931,0.1875,0.29,0.065827252760065,1391.4255776304271,2.0,Moderate
93953,Monterey County,36.24,-121.32000000000002,0.03129779627520322,Negligible,0.9591482263877131,1.7349999999999999,-0.1100000000000001,0.08703525934501152,2744.8483310274482,-1.0,Outlier
95062,Santa Clara County,37.22000000000002,-121.69000000000004,0.03129400276205314,Negligible,0.9929752975593711,0.26749999999999996,0.26,0.07467133808065782,992.7501062858828,1.0,Low
90630,Los Angeles County,34.20000000000002,-118.26000000000008,0.03126602123752629,Negligible,0.9956078232615158,0.23249999999999998,0.25,0.151701479797853,936.8450934493707,2.0,Moderate
92376,San Bernardino County,34.86,-116.17999999999998,0.03124982412114366,Negligible,0.9929050279455803,0.1775,0.19000000000000003,0.22796704181818678,878.8830212970136,2.0,Moderate
90804,Los Angeles County,34.20000000000002,-118.26000000000008,0.03118357565988683,Negligible,0.9976767369111288,0.2525,0.29,0.030018588471236757,737.0411605892837,2.0,Moderate
93706,Fresno County,36.76,-119.65999999999995,0.031179188957149936,Negligible,0.990401924308505,0.16,0.15,0.2967099108006071,886.4213552208961,0.0,Negligible
95326,Santa Clara County,37.22000000000002,-121.69000000000004,0.03116938496739387,Negligible,0.992143105889257,0.22499999999999998,0.13999999999999999,0.028732398312374768,870.5494914177057,1.0,Low
95050,Santa Clara County,37.22000000000002,-121.69000000000004,0.031151185261085047,Negligible,0.9972943194944927,0.22,0.28,0.11834706457370356,870.0104809144004,1.0,Low
96162,Shasta County,40.76,-122.04,0.031140525134825126,Negligible,0.9844498465251987,2.3025,0.0,0.0,4934.502611109918,-1.0,Outlier
92274,Riverside County,33.73000000000001,-116.0,0.031136485423237784,Negligible,0.9877368097078993,0.32,0.2,0.05539002936472571,1053.8484758143975,2.0,Moderate
90034,Los Angeles County,34.20000000000002,-118.26000000000008,0.031091502084059034,Negligible,0.9970586655106094,0.22,0.29000000000000004,0.026235430788839744,1405.5703935228237,2.0,Moderate
92808,Orange County,33.67999999999998,-117.78000000000009,0.031031819549137057,Negligible,0.9985437828408098,0.44,0.3,0.06426601153403844,1636.5553109034036,2.0,Moderate
94565,Contra Costa County,37.919999999999995,-121.94999999999996,0.031030753205095837,Negligible,0.9908142185200344,0.39,0.08000000000000002,0.23460867301235264,993.0291214243281,-1.0,Outlier
90640,Los Angeles County,34.20000000000002,-118.26000000000008,0.031008945665733093,Negligible,0.9985848898902814,0.245,0.30000000000000004,0.13845026273695832,836.6099114525069,2.0,Moderate
90706,Los Angeles County,34.20000000000002,-118.26000000000008,0.030998396703285105,Negligible,0.9986527248981005,0.175,0.30000000000000004,0.14303150948457793,760.8888624496803,2.0,Moderate
91732,Los Angeles County,34.20000000000002,-118.26000000000008,0.030987740652071587,Negligible,0.9986793394587385,0.185,0.30000000000000004,0.2758233987988698,750.3978856358797,2.0,Moderate
94592,Contra Costa County,37.919999999999995,-121.94999999999996,0.030962776625214336,Negligible,0.9804693900390186,0.3375,-0.10000000000000003,0.021163898341189515,1164.5234059566387,-1.0,Outlier
90021,Los Angeles County,34.20000000000002,-118.26000000000008,0.03094608316894293,Negligible,0.9860952470130541,0.09,0.15,0.0,882.4212398373984,2.0,Moderate
90094,Los Angeles County,34.20000000000002,-118.26000000000008,0.03084855762782787,Negligible,0.992314617080094,0.345,0.20999999999999996,0.0,1561.88759171132,2.0,Moderate
92832,Orange County,33.67999999999998,-117.78000000000009,0.030834171380637418,Negligible,0.9976438937564567,0.21000000000000002,0.29,0.26964260633224857,769.3194537645295,-1.0,Outlier
93256,Kern County,35.35000000000001,-118.73000000000002,0.030826336206993682,Negligible,0.992711389534536,0.31,0.19999999999999998,0.14492261014863583,805.2967080306048,0.0,Negligible
90715,Los Angeles County,34.20000000000002,-118.26000000000008,0.03079644614864062,Negligible,0.9963691572295378,0.16,0.27,0.31773864523009654,694.0453782324909,2.0,Moderate
95129,Santa Clara County,37.22000000000002,-121.69000000000004,0.030780171679012258,Negligible,0.9973816741845385,0.16999999999999998,0.27,0.13658889739717836,882.2116247286789,1.0,Low
94109,San Francisco County,37.73000000000001,-123.03000000000009,0.030769581929036185,Negligible,0.9919121246346261,0.5275,0.21000000000000002,0.9659965504463492,4403.055484282907,-1.0,Outlier
92656,Orange County,33.67999999999998,-117.78000000000009,0.030761194434539185,Negligible,0.9976013215930911,0.47,0.29000000000000004,0.003878656160143784,1453.4569834287977,2.0,Moderate
95386,Santa Clara County,37.22000000000002,-121.69000000000004,0.030737778291993065,Negligible,0.9853879759623784,0.2425,0.16000000000000003,0.0022150363372224133,813.6270769630809,1.0,Low
94065,San Francisco County,37.73000000000001,-123.03000000000009,0.030731310565595985,Negligible,0.9923904984601326,0.27,0.23,0.016770426503821476,1224.4222487311474,1.0,Low
90255,Los Angeles County,34.20000000000002,-118.26000000000008,0.030714356132803423,Negligible,0.9990100370433358,0.2175,0.3,0.22231784560071893,732.6667923336398,2.0,Moderate
92506,Riverside County,33.73000000000001,-116.0,0.030680613283132787,Negligible,0.9990433260235544,0.395,0.29999999999999993,0.05021992582586612,1313.6740713250324,2.0,Moderate
96093,Lassen County,40.72000000000002,-120.63000000000008,0.03064125498989223,Negligible,0.9574619010726633,2.14,-0.1499999999999999,0.15448882157548507,1238.4118773880264,-1.0,Outlier
94505,Contra Costa County,37.919999999999995,-121.94999999999996,0.030634964090383833,Negligible,0.9938357296868576,0.2675,0.23999999999999996,0.2100598110747908,1263.684549063716,1.0,Low
91504,Los Angeles County,34.20000000000002,-118.26000000000008,0.030561953143264074,Negligible,0.9977983317330906,0.56,0.29,0.07168589666028152,1222.5880728580955,2.0,Moderate
94702,Alameda County,37.64999999999999,-121.90999999999995,0.030552240617772647,Negligible,0.9963957105887865,0.23249999999999998,0.28,0.08006069756471182,1251.7316569299965,1.0,Low
90806,Los Angeles County,34.20000000000002,-118.26000000000008,0.030546641840983605,Negligible,0.9992463129892085,0.1825,0.30000000000000004,0.18221818965754782,722.3659248022411,2.0,Moderate
92618,Orange County,33.67999999999998,-117.78000000000009,0.030478380025718992,Negligible,0.996559097528557,0.425,0.27999999999999997,0.10449423130650065,1085.6844281828917,2.0,Moderate
92307,San Bernardino County,34.86,-116.17999999999998,0.030442954578516375,Negligible,0.9668332122381547,1.0025,-0.010000000000000009,0.1688957141518711,1093.2127259508325,2.0,Moderate
90805,Los Angeles County,34.20000000000002,-118.26000000000008,0.03043849339486675,Negligible,0.9981943776742389,0.175,0.29000000000000004,0.28975679862159104,702.6350389272276,2.0,Moderate
94580,Contra Costa County,37.919999999999995,-121.94999999999996,0.030342041515856462,Negligible,0.996747668616313,0.21250000000000002,0.27999999999999997,0.033946470315719755,925.6250701005064,-1.0,Outlier
95136,Santa Clara County,37.22000000000002,-121.69000000000004,0.030332640997986632,Negligible,0.9939553758635868,0.2925,0.26,0.06039329399144382,957.7935157847721,1.0,Low
93309,Kern County,35.35000000000001,-118.73000000000002,0.030306105874198706,Negligible,0.9939848769049161,0.295,0.21,0.19744676020584553,898.4135676553442,0.0,Negligible
95014,Santa Clara County,37.22000000000002,-121.69000000000004,0.030234119119626174,Negligible,0.9982618102727621,0.3125,0.29,0.06349617851389781,1121.7192213699611,1.0,Low
94132,San Francisco County,37.73000000000001,-123.03000000000009,0.030109561673421135,Negligible,0.9970446007901843,0.22,0.28,0.15203094797235525,1258.4044051399433,1.0,Low
91733,Los Angeles County,34.20000000000002,-118.26000000000008,0.030055397888107856,Negligible,0.9979360096393393,0.22999999999999998,0.27,0.23649008358221482,729.2107283569657,2.0,Moderate
95043,Santa Clara County,37.22000000000002,-121.69000000000004,0.03004468535761874,Negligible,0.9719346116801528,1.9075,-0.22999999999999976,0.0458045135558136,2556.4675003625925,-1.0,Outlier
94941,Marin County,38.049999999999976,-122.75,0.03003701627299192,Negligible,0.9680166630135296,2.0225,-0.6699999999999999,0.0753014139377794,2158.9666333826135,-1.0,Outlier
92626,Orange County,33.67999999999998,-117.78000000000009,0.030025835194748194,Negligible,0.9957605957812261,0.2525,0.27,0.13778575495082213,1105.8330036981624,-1.0,Outlier
91702,Los Angeles County,34.20000000000002,-118.26000000000008,0.030022981562771497,Negligible,0.9985946263779377,0.3275,0.29,0.09365494967049709,857.5234566195056,2.0,Moderate
93306,Kern County,35.35000000000001,-118.73000000000002,0.030017887990573398,Negligible,0.9980571297952959,0.395,0.24000000000000005,0.1658030776159409,883.5530546036431,0.0,Negligible
90810,Los Angeles County,34.20000000000002,-118.26000000000008,0.030008557102275214,Negligible,0.9986700560067379,0.1775,0.29000000000000004,0.2766244928245957,705.5181495637762,2.0,Moderate
92663,Orange County,33.67999999999998,-117.78000000000009,0.029986591698964133,Negligible,0.9971940285870798,0.4075,0.27999999999999997,0.12117324250876378,2006.1552145888177,2.0,Moderate
92807,Orange County,33.67999999999998,-117.78000000000009,0.029982041989791222,Negligible,0.9931105780714303,0.4825,0.25,0.09639023783581435,1410.4597056790778,2.0,Moderate
91367,Los Angeles County,34.20000000000002,-118.26000000000008,0.029981449437585867,Negligible,0.9986126995353586,0.2575,0.29,0.11910490563856214,1693.2589476852054,2.0,Moderate
93704,Fresno County,36.76,-119.65999999999995,0.02997180735763292,Negligible,0.9952376583707768,0.2325,0.17,0.17852328784659288,977.6426632383767,0.0,Negligible
94960,Marin County,38.049999999999976,-122.75,0.029963063081568285,Negligible,0.963684359277864,1.665,-0.32000000000000006,0.03991233873281603,1734.5631347735934,1.0,Low
95620,Sacramento County,38.45000000000002,-121.34000000000005,0.029918819410934043,Negligible,0.990319502190013,0.255,0.21,0.1655244769673405,960.56600547522,1.0,Low
95403,Sonoma County,38.52999999999998,-122.92999999999998,0.02988288160285696,Negligible,0.988327998498982,0.5225,0.13,0.7451142476470642,993.2805243529223,1.0,Low
93066,Ventura County,34.36000000000001,-119.13000000000008,0.029877755367388393,Negligible,0.9948467058911233,0.745,0.24,0.10145137527794458,1941.1002961358429,2.0,Moderate
95681,Sacramento County,38.45000000000002,-121.34000000000005,0.029869793716352927,Negligible,0.9800372343591388,1.1925,-0.050000000000000044,0.024538220087628782,978.0035200129578,-1.0,Outlier
93446,San Luis Obispo County,35.38999999999999,-120.44999999999992,0.029842667446300705,Negligible,0.9951679729530482,0.8375,0.22999999999999998,0.15785785601019092,947.2393058047335,2.0,Moderate
92210,Riverside County,33.73000000000001,-116.0,0.02983778561746482,Negligible,0.9988242114861174,0.675,0.2899999999999999,0.0,3088.3173223991516,2.0,Moderate
94502,Contra Costa County,37.919999999999995,-121.94999999999996,0.029828063211759424,Negligible,0.9974168014247841,0.275,0.27999999999999997,0.09741854839388675,1256.129542006384,1.0,Low
90063,Los Angeles County,34.20000000000002,-118.26000000000008,0.029820678793239505,Negligible,0.997492673948662,0.20500000000000002,0.27999999999999997,0.027935951088331117,738.1574078431654,2.0,Moderate
90606,Los Angeles County,34.20000000000002,-118.26000000000008,0.029815527605853896,Negligible,0.9988706904762384,0.1925,0.29000000000000004,0.13705965015292,754.3132931997266,2.0,Moderate
91950,San Diego County,33.01999999999999,-116.78000000000009,0.02980200471625664,Negligible,0.9988858465259277,0.235,0.29,0.07151720986500387,818.9107212212043,2.0,Moderate
90623,Los Angeles County,34.20000000000002,-118.26000000000008,0.029798812190111115,Negligible,0.9935048780422612,0.2025,0.25,0.18041404449591988,936.6065013569221,2.0,Moderate
93004,Ventura County,34.36000000000001,-119.13000000000008,0.029787284643533543,Negligible,0.9934494527740282,0.33499999999999996,0.24999999999999997,0.10095770792639494,946.1878759862071,2.0,Moderate
94951,Marin County,38.049999999999976,-122.75,0.029783267387764455,Negligible,0.9909396826722202,0.7775,0.16000000000000003,0.03307793323129647,1384.5625152599189,1.0,Low
92316,San Bernardino County,34.86,-116.17999999999998,0.029732437472398815,Negligible,0.9896912455915299,0.24,0.17,0.20356072849249587,952.9834107068178,2.0,Moderate
91405,Los Angeles County,34.20000000000002,-118.26000000000008,0.029719559619038275,Negligible,0.9933835070332844,0.1825,0.25,0.0845628061166639,1049.1660858692978,2.0,Moderate
94709,Alameda County,37.64999999999999,-121.90999999999995,0.029708153045450672,Negligible,0.9813021516614328,0.8025,0.040000000000000036,0.27322846245649507,2021.0058704687106,1.0,Low
94080,San Francisco County,37.73000000000001,-123.03000000000009,0.029692824718479394,Negligible,0.9953852126179458,0.21250000000000002,0.24000000000000002,0.13881291457402659,990.3276226469912,1.0,Low
92354,San Bernardino County,34.86,-116.17999999999998,0.02964568190252829,Negligible,0.9858135341690538,0.4625,0.18999999999999995,0.03710036850081791,1129.508926102602,2.0,Moderate
93930,Monterey County,36.24,-121.32000000000002,0.02962087169155961,Negligible,0.9890312517632813,0.51,0.13999999999999996,0.40064122032330457,830.2217465794276,1.0,Low
90248,Los Angeles County,34.20000000000002,-118.26000000000008,0.029599217492688616,Negligible,0.997389580852517,0.20500000000000002,0.26999999999999996,0.05743625317676264,803.3791652925561,2.0,Moderate
93737,Fresno County,36.76,-119.65999999999995,0.02949947089785181,Negligible,0.988979774583275,0.2625,0.14999999999999997,0.2411877412662827,862.1887370407263,0.0,Negligible
91352,Los Angeles County,34.20000000000002,-118.26000000000008,0.029496625272094807,Negligible,0.995766397283381,0.43,0.25999999999999995,0.12572345301404264,1108.7366232279517,2.0,Moderate
91406,Los Angeles County,34.20000000000002,-118.26000000000008,0.029442578457335382,Negligible,0.996658003171973,0.18,0.25,0.1604481986661705,1078.8919336521587,2.0,Moderate
94601,Alameda County,37.64999999999999,-121.90999999999995,0.02943550220591976,Negligible,0.9965656997715633,0.2475,0.27,0.2560630676567188,1243.5575913926828,1.0,Low
92692,Orange County,33.67999999999998,-117.78000000000009,0.029400684384288073,Negligible,0.9994342640323084,0.425,0.29,0.04951874686788112,1523.0721200964185,2.0,Moderate
94014,San Francisco County,37.73000000000001,-123.03000000000009,0.029380424245997377,Negligible,0.9910736540712108,0.3325,0.18,0.14661507201314813,988.7779591884548,1.0,Low
91402,Los Angeles County,34.20000000000002,-118.26000000000008,0.02936646408647454,Negligible,0.9965242743909692,0.16999999999999998,0.22999999999999998,0.00981053203713636,932.2229244756656,2.0,Moderate
95019,Santa Clara County,37.22000000000002,-121.69000000000004,0.029309471987580594,Negligible,0.9953446060785736,0.335,0.13999999999999996,0.03382432854458654,830.5475367349627,1.0,Low
95677,Sacramento County,38.45000000000002,-121.34000000000005,0.029238347595040896,Negligible,0.9795513929738149,0.71,-0.06000000000000005,0.1648692156417466,1010.6420486812897,1.0,Low
91311,Los Angeles County,34.20000000000002,-118.26000000000008,0.029216951109835822,Negligible,0.99828387542504,0.5275,0.27999999999999997,0.08198152029033844,1795.9787127633138,2.0,Moderate
91911,San Diego County,33.01999999999999,-116.78000000000009,0.02921472019868686,Negligible,0.9969476366026422,0.3,0.27,0.05383483481989514,905.6354322297132,2.0,Moderate
91304,Los Angeles County,34.20000000000002,-118.26000000000008,0.029208922713812847,Negligible,0.9979207326959055,0.385,0.26,0.1455219930155767,1446.4819543862247,2.0,Moderate
90813,Los Angeles County,34.20000000000002,-118.26000000000008,0.029206434205008847,Negligible,0.9971918998489209,0.185,0.27,0.047749232154642475,736.1814570643173,2.0,Moderate
92596,Riverside County,33.73000000000001,-116.0,0.029156752806070274,Negligible,0.9957171754897999,0.6375,0.2599999999999999,0.1500082977526087,1129.8881357894122,2.0,Moderate
90301,Los Angeles County,34.20000000000002,-118.26000000000008,0.02915358372095688,Negligible,0.9971625487767121,0.21000000000000002,0.26999999999999996,0.009164376445353084,791.1734035174911,2.0,Moderate
90604,Los Angeles County,34.20000000000002,-118.26000000000008,0.029138764691426722,Negligible,0.9984689764822517,0.175,0.28,0.13961111512905672,787.4826899292611,2.0,Moderate
92706,Orange County,33.67999999999998,-117.78000000000009,0.02912608057237433,Negligible,0.9985021831456752,0.2,0.27999999999999997,0.09568094271140029,857.2877393213922,-1.0,Outlier
91740,Los Angeles County,34.20000000000002,-118.26000000000008,0.029115380758088064,Negligible,0.998489617214977,0.3525,0.28,0.11049547701782926,859.8882010445003,2.0,Moderate
93442,San Luis Obispo County,35.38999999999999,-120.44999999999992,0.029112836894453268,Negligible,0.995640146433308,0.565,0.22999999999999998,0.15276656786005277,911.0942039889769,2.0,Moderate
93314,Kern County,35.35000000000001,-118.73000000000002,0.029108356195301832,Negligible,0.9970500918554007,0.34750000000000003,0.27,0.07249296409821358,1023.4886087934378,-1.0,Outlier
91766,Los Angeles County,34.20000000000002,-118.26000000000008,0.029094350390918355,Negligible,0.9932481800349595,0.38,0.15999999999999998,0.17609529115721065,921.1489634388613,2.0,Moderate
92708,Orange County,33.67999999999998,-117.78000000000009,0.029071914327611924,Negligible,0.9984850201267341,0.25,0.28,0.033684481214940276,1075.827533670988,-1.0,Outlier
90002,Los Angeles County,34.20000000000002,-118.26000000000008,0.02903819725129917,Negligible,0.9986785673254881,0.2,0.27999999999999997,0.09836065282091394,762.6366828312538,2.0,Moderate
91722,Los Angeles County,34.20000000000002,-118.26000000000008,0.028926964609742412,Negligible,0.9987495770365856,0.175,0.28,0.09112191877820455,782.4328564167682,2.0,Moderate
93405,San Luis Obispo County,35.38999999999999,-120.44999999999992,0.028899705260076493,Negligible,0.9828330220754111,0.85,0.14,0.00750336359216576,987.8566474116427,2.0,Moderate
92629,Orange County,33.67999999999998,-117.78000000000009,0.028889876458251015,Negligible,0.9987419968585789,0.4675,0.28,0.036881302940896483,1930.6599484565272,2.0,Moderate
93933,Monterey County,36.24,-121.32000000000002,0.028883941742499978,Negligible,0.9987766626555221,0.33999999999999997,0.27999999999999997,0.02121823281085867,857.9961146363246,1.0,Low
92386,San Bernardino County,34.86,-116.17999999999998,0.028853859128825002,Negligible,0.9700422659558989,2.6475,-0.06999999999999984,0.12341194774275943,858.0838594766997,2.0,Moderate
90249,Los Angeles County,34.20000000000002,-118.26000000000008,0.028850308399092202,Negligible,0.9980198268123341,0.1725,0.26,0.11171409240023,774.4704867827389,2.0,Moderate
91768,Los Angeles County,34.20000000000002,-118.26000000000008,0.028828934084292865,Negligible,0.9988427981522691,0.2425,0.28,0.06323036219073197,830.8842317058336,2.0,Moderate
94534,Contra Costa County,37.919999999999995,-121.94999999999996,0.028813731312637963,Negligible,0.9858682012002391,0.63,0.12,0.19438489699164688,1249.9389893366579,1.0,Low
90022,Los Angeles County,34.20000000000002,-118.26000000000008,0.02878473652995993,Negligible,0.9989004229526445,0.185,0.28,0.03476137794477955,674.8842364429611,2.0,Moderate
93101,Ventura County,34.36000000000001,-119.13000000000008,0.028773238263619244,Negligible,0.9877440600672772,0.64,0.20000000000000007,0.04484176176735117,1160.539043616831,2.0,Moderate
92805,Orange County,33.67999999999998,-117.78000000000009,0.02872714172422918,Negligible,0.9960393849270324,0.16499999999999998,0.24,0.2508291720743344,753.7230566681084,-1.0,Outlier
94117,San Francisco County,37.73000000000001,-123.03000000000009,0.028705590346222,Negligible,0.9990134791173442,0.6,0.28,0.0066704784354040345,3048.3913058638254,-1.0,Outlier
92102,San Diego County,33.01999999999999,-116.78000000000009,0.028689591079302832,Negligible,0.9980253193527049,0.325,0.27,0.1435085458142738,815.0616397290889,2.0,Moderate
94116,San Francisco County,37.73000000000001,-123.03000000000009,0.02865658864709947,Negligible,0.9990775853841338,0.215,0.28,0.018359027008493282,1315.6123689031995,1.0,Low
92570,Riverside County,33.73000000000001,-116.0,0.028626056696270278,Negligible,0.9901099104721959,0.915,0.16000000000000003,0.07330524964510261,1163.5233755373374,2.0,Moderate
90230,Los Angeles County,34.20000000000002,-118.26000000000008,0.02859923378142682,Negligible,0.9963563741643994,0.205,0.26,0.055397794213656995,1063.6127248008086,2.0,Moderate
93036,Ventura County,34.36000000000001,-119.13000000000008,0.028522438871222043,Negligible,0.9921624829643837,0.2575,0.22,0.22001068355718673,930.8785555182939,2.0,Moderate
91748,Los Angeles County,34.20000000000002,-118.26000000000008,0.028499891715395784,Negligible,0.9965372313124601,0.3925,0.26,0.06978648915556263,1078.8837574718332,2.0,Moderate
95148,Santa Clara County,37.22000000000002,-121.69000000000004,0.02835416146723159,Negligible,0.990405834233414,0.31,0.15999999999999998,0.1663551172605333,1084.2369432159294,1.0,Low
93646,Fresno County,36.76,-119.65999999999995,0.02829136334765657,Negligible,0.9921027256123256,0.23249999999999998,0.13999999999999999,0.31223454022482733,783.7014100708274,0.0,Negligible
91744,Los Angeles County,34.20000000000002,-118.26000000000008,0.028289785186219454,Negligible,0.9982922752180359,0.1875,0.27,0.12410910701169947,880.8515277910194,2.0,Moderate
90242,Los Angeles County,34.20000000000002,-118.26000000000008,0.028255812302543728,Negligible,0.9982521272264208,0.1725,0.27,0.20010302526648377,736.7831121444351,2.0,Moderate
95387,Santa Clara County,37.22000000000002,-121.69000000000004,0.028223652863938152,Negligible,0.9823472049350405,0.3425,0.03999999999999998,0.0,903.7803874500911,1.0,Low
93312,Kern County,35.35000000000001,-118.73000000000002,0.02818848672116493,Negligible,0.9941291517107301,0.3025,0.24,0.1254831925073855,951.2879746121204,0.0,Negligible
90304,Los Angeles County,34.20000000000002,-118.26000000000008,0.028168371681967307,Negligible,0.9971676824171543,0.16999999999999998,0.26,0.04888880385379065,782.6279219600004,2.0,Moderate
91784,Los Angeles County,34.20000000000002,-118.26000000000008,0.02810087437741509,Negligible,0.9970575172767229,0.34750000000000003,0.26,0.0788868227885088,1327.6106572567476,2.0,Moderate
92802,Orange County,33.67999999999998,-117.78000000000009,0.02806248244012061,Negligible,0.9985824383346864,0.2,0.27,0.14667840765647067,771.9397026912718,-1.0,Outlier
94578,Contra Costa County,37.919999999999995,-121.94999999999996,0.027928294114515834,Negligible,0.9960342198196798,0.22,0.25,0.07854201554285828,934.9170749575858,-1.0,Outlier
95296,0,0.0,0.0,0.027925849666013813,Negligible,0.9981852966623466,1.125,0.25,0.0,1010.0,0.0,0
93458,San Luis Obispo County,35.38999999999999,-120.44999999999992,0.027897406097961812,Negligible,0.9836102123273298,0.3725,0.10999999999999999,0.17697827375090341,657.7773943092698,2.0,Moderate
92270,Riverside County,33.73000000000001,-116.0,0.027890831581638804,Negligible,0.9987426714349551,0.5125,0.27,0.06351972400433491,2126.739869720442,2.0,Moderate
91710,Los Angeles County,34.20000000000002,-118.26000000000008,0.027869589627921115,Negligible,0.9974634508753792,0.20500000000000002,0.26,0.1099844375636081,944.3974390727351,2.0,Moderate
93901,Monterey County,36.24,-121.32000000000002,0.027867985592450767,Negligible,0.9950112358807045,0.2825,0.22000000000000003,0.15525514081744665,1013.9859716337991,1.0,Low
92105,San Diego County,33.01999999999999,-116.78000000000009,0.027819817840961818,Negligible,0.9988845764165738,0.28,0.27,0.04847499312969756,696.2114904091702,2.0,Moderate
92879,Orange County,33.67999999999998,-117.78000000000009,0.027606645832190194,Negligible,0.9963615573637342,0.325,0.24999999999999997,0.03999407760966544,1135.1577753788304,-1.0,Outlier
93660,Fresno County,36.76,-119.65999999999995,0.02757640076421409,Negligible,0.9876098629447985,0.11,0.09000000000000001,0.44074011896030924,825.9372981111663,0.0,Negligible
90502,Los Angeles County,34.20000000000002,-118.26000000000008,0.02748349926825539,Negligible,0.9957482905693126,0.15000000000000002,0.23,0.2605761170134876,753.907080030816,2.0,Moderate
93721,Fresno County,36.76,-119.65999999999995,0.027476622226389656,Negligible,0.9924172999575118,0.11750000000000001,0.16,0.14526313460777326,861.0222177377492,0.0,Negligible
92844,Orange County,33.67999999999998,-117.78000000000009,0.027463955446656873,Negligible,0.9961274022931113,0.2175,0.24,0.22333131580630047,723.897539183406,-1.0,Outlier
93461,San Luis Obispo County,35.38999999999999,-120.44999999999992,0.027453814104473163,Negligible,0.9946962836356527,0.49749999999999994,0.2,0.06519411526896936,704.7139915088277,2.0,Moderate
93554,Santa Barbara County,34.539999999999985,-120.03999999999998,0.027435749819169214,Negligible,0.9947218655485591,0.3525,0.14999999999999997,0.0,681.7819387179052,2.0,Moderate
93311,Kern County,35.35000000000001,-118.73000000000002,0.02743400065213445,Negligible,0.9965630771168724,0.29,0.25,0.0969749414638475,966.6919185193909,0.0,Negligible
93527,Santa Barbara County,34.539999999999985,-120.03999999999998,0.02735171108227088,Negligible,0.9894086353471998,1.12,0.07999999999999985,0.14754630631744953,1054.4656047227509,2.0,Moderate
92843,Orange County,33.67999999999998,-117.78000000000009,0.027327369202114475,Negligible,0.9936784658782912,0.17,0.21000000000000002,0.21045468791154182,651.5892766227378,-1.0,Outlier
93630,Fresno County,36.76,-119.65999999999995,0.027313490037229375,Negligible,0.9892325811086503,0.135,0.1,0.19893653184809576,886.6232363872159,0.0,Negligible
93292,Kern County,35.35000000000001,-118.73000000000002,0.02730881009311989,Negligible,0.992381444417505,0.3875,0.16999999999999998,0.2666182383883393,795.9940426977857,0.0,Negligible
92230,Riverside County,33.73000000000001,-116.0,0.02728944487642584,Negligible,0.9872737035293897,0.9850000000000001,0.09999999999999998,0.011111840078500279,846.3123880365548,2.0,Moderate
90620,Los Angeles County,34.20000000000002,-118.26000000000008,0.02724991762042182,Negligible,0.998268979870766,0.2,0.26,0.12866042417113369,808.6668477587242,2.0,Moderate
94019,San Francisco County,37.73000000000001,-123.03000000000009,0.02721481552662696,Negligible,0.9944251624002176,0.44999999999999996,0.22999999999999993,0.08327014096025204,1348.203757207107,1.0,Low
92211,Riverside County,33.73000000000001,-116.0,0.02717535272798003,Negligible,0.9964999190538935,0.3925,0.24000000000000005,0.11402144012859691,1173.171130532079,2.0,Moderate
95453,Sonoma County,38.52999999999998,-122.92999999999998,0.027170423858911684,Negligible,0.975739747826046,1.155,-0.06000000000000005,0.6209148293049506,1233.4742800508864,1.0,Low
92683,Orange County,33.67999999999998,-117.78000000000009,0.027165880998414098,Negligible,0.995769433282584,0.20500000000000002,0.23,0.22402254089331372,772.7967933536711,-1.0,Outlier
91306,Los Angeles County,34.20000000000002,-118.26000000000008,0.027165071205796153,Negligible,0.9955403200960653,0.16499999999999998,0.22999999999999998,0.11234934265394067,1131.6376555396537,2.0,Moderate
90650,Los Angeles County,34.20000000000002,-118.26000000000008,0.027138720678556556,Negligible,0.9979054556019591,0.16999999999999998,0.25,0.1587082808919176,666.4361330128088,2.0,Moderate
91387,Los Angeles County,34.20000000000002,-118.26000000000008,0.027134159890946984,Negligible,0.9979307572811724,1.2875,0.050000000000000044,0.44113751916763966,1565.3819997804387,2.0,Moderate
93610,Fresno County,36.76,-119.65999999999995,0.027083376234657914,Negligible,0.9971713210891114,0.2425,0.22999999999999998,0.0743716079282254,919.6231709448169,0.0,Negligible
90670,Los Angeles County,34.20000000000002,-118.26000000000008,0.027052283733865645,Negligible,0.997435845870909,0.16999999999999998,0.25,0.06676350866463865,752.6650164299674,2.0,Moderate
91746,Los Angeles County,34.20000000000002,-118.26000000000008,0.027021795051340072,Negligible,0.9986039334638563,0.1825,0.26,0.03290003770967825,840.449139278908,2.0,Moderate
90222,Los Angeles County,34.20000000000002,-118.26000000000008,0.02701316469263382,Negligible,0.9983533128751968,0.2025,0.25,0.18331751222108794,787.1561623652101,2.0,Moderate
95054,Santa Clara County,37.22000000000002,-121.69000000000004,0.026999534990871134,Negligible,0.9952000791811654,0.21000000000000002,0.12000000000000002,0.34629033014189436,869.848625902377,1.0,Low
92113,San Diego County,33.01999999999999,-116.78000000000009,0.026995503844637097,Negligible,0.9986343480109645,0.19,0.26,0.07974213624545937,714.3198036214583,2.0,Moderate
92551,Riverside County,33.73000000000001,-116.0,0.026958952382198156,Negligible,0.9941257212967228,0.1625,0.18000000000000002,0.16620188214893372,928.7617544264028,2.0,Moderate
93035,Ventura County,34.36000000000001,-119.13000000000008,0.02695157991696814,Negligible,0.9958535605225369,0.285,0.24,0.16065438874487498,1149.1023283253048,2.0,Moderate
90291,Los Angeles County,34.20000000000002,-118.26000000000008,0.026932897751936146,Negligible,0.9986812831015552,0.3725,0.26,0.05429209001847002,1802.4249701382805,2.0,Moderate
92653,Orange County,33.67999999999998,-117.78000000000009,0.02693282860348977,Negligible,0.9986812342257408,0.325,0.26,0.07221466861640065,1910.3113935058095,2.0,Moderate
90220,Los Angeles County,34.20000000000002,-118.26000000000008,0.026903467136245387,Negligible,0.9987334414919724,0.1975,0.26,0.11905775634488519,793.9015021191517,2.0,Moderate
92587,Riverside County,33.73000000000001,-116.0,0.0268592758566304,Negligible,0.9930778558477006,0.5075000000000001,0.16999999999999998,0.19110382016167143,1242.7298387370533,2.0,Moderate
92583,Riverside County,33.73000000000001,-116.0,0.026836801141925843,Negligible,0.9961303258150828,0.255,0.22,0.28321339374521665,860.9968179111762,2.0,Moderate
93723,Fresno County,36.76,-119.65999999999995,0.026797772005532502,Negligible,0.9914194395497259,0.17,0.17,0.25316613444294633,917.5791453980215,0.0,Negligible
92567,Riverside County,33.73000000000001,-116.0,0.026744505788661836,Negligible,0.9863152018005142,0.8425,0.09000000000000008,0.011688826561501898,1178.3358662636897,2.0,Moderate
95687,Sacramento County,38.45000000000002,-121.34000000000005,0.026742645279824017,Negligible,0.9961739850548822,0.2375,0.24,0.13372443106084467,952.0699020183715,1.0,Low
92701,Orange County,33.67999999999998,-117.78000000000009,0.02657676134902138,Negligible,0.9970072773994767,0.15750000000000003,0.24000000000000002,0.02552986554624747,739.4092405313136,-1.0,Outlier
92110,San Diego County,33.01999999999999,-116.78000000000009,0.026526018532247703,Negligible,0.9888298069405419,0.6575,0.16000000000000003,0.04693262781260627,1079.7221473860245,2.0,Moderate
95391,Santa Clara County,37.22000000000002,-121.69000000000004,0.026518681020459626,Negligible,0.9952893116713871,0.22250000000000003,0.21000000000000002,0.044398114602316074,959.6750810469399,1.0,Low
90036,Los Angeles County,34.20000000000002,-118.26000000000008,0.026399092959605214,Negligible,0.9994465373725211,0.3175,0.26,0.025564636810315063,2510.3448386229884,2.0,Moderate
93654,Fresno County,36.76,-119.65999999999995,0.026381698033223315,Negligible,0.9988732766870324,0.3275,0.2,0.19577254809240008,855.5630660745735,0.0,Negligible
93516,Santa Barbara County,34.539999999999985,-120.03999999999998,0.026343833699159755,Negligible,0.9953544370059778,0.6499999999999999,0.12,0.332121642049946,752.944677563876,2.0,Moderate
95476,Sonoma County,38.52999999999998,-122.92999999999998,0.026341260413612688,Negligible,0.9962231340521611,0.8175,0.20999999999999996,0.16332801200004654,1410.8240690958237,1.0,Low
95120,Santa Clara County,37.22000000000002,-121.69000000000004,0.02625422101047051,Negligible,0.9982714599626411,0.525,0.25000000000000006,0.08060407604444682,1331.5967348028958,1.0,Low
94545,Contra Costa County,37.919999999999995,-121.94999999999996,0.02621807040613419,Negligible,0.994899576727847,0.18,0.19999999999999998,0.030949164370062527,946.2651528359497,-1.0,Outlier
91730,Los Angeles County,34.20000000000002,-118.26000000000008,0.026212783620106997,Negligible,0.9969463023780699,0.20750000000000002,0.24000000000000002,0.07336673993190995,912.0322857241791,2.0,Moderate
91763,Los Angeles County,34.20000000000002,-118.26000000000008,0.026149256325891088,Negligible,0.9984518454282196,0.185,0.25,0.2722177854782853,808.7224962572753,2.0,Moderate
93219,Kern County,35.35000000000001,-118.73000000000002,0.02611435293023228,Negligible,0.9937390086840305,0.2875,0.13,0.35373765507271426,784.1644898104123,0.0,Negligible
90605,Los Angeles County,34.20000000000002,-118.26000000000008,0.02610528833898521,Negligible,0.9956685952440214,0.3825,0.22999999999999998,0.15222914689936407,933.3167879201688,2.0,Moderate
93955,Monterey County,36.24,-121.32000000000002,0.02607391235010471,Negligible,0.9986379467119801,0.28,0.24999999999999997,0.07191833209159448,830.0702792405684,1.0,Low
93433,San Luis Obispo County,35.38999999999999,-120.44999999999992,0.026048526925360443,Negligible,0.9970381162358439,0.4225,0.22000000000000003,0.02337837332450838,729.2651179275655,2.0,Moderate
92833,Orange County,33.67999999999998,-117.78000000000009,0.026037088378777724,Negligible,0.9971444764364962,0.29,0.24,0.1524877400498198,913.9613907846394,-1.0,Outlier
92109,San Diego County,33.01999999999999,-116.78000000000009,0.026034821884269123,Negligible,0.9971635752544261,0.43,0.23999999999999994,0.0016905856260174782,1265.4552962476364,2.0,Moderate
91767,Los Angeles County,34.20000000000002,-118.26000000000008,0.026005900416362387,Negligible,0.9972348617758228,0.21000000000000002,0.24000000000000002,0.2705300502189747,818.5469359291023,2.0,Moderate
95646,Sacramento County,38.45000000000002,-121.34000000000005,0.025935417253334418,Negligible,0.9246990946712721,2.5075,-0.4299999999999997,0.011556406435059532,3006.287757464667,-1.0,Outlier
94928,Marin County,38.049999999999976,-122.75,0.025896849193071433,Negligible,0.9973890827415955,0.2625,0.24000000000000002,0.16147281989418646,916.7720025156091,1.0,Low
91364,Los Angeles County,34.20000000000002,-118.26000000000008,0.025890414495554022,Negligible,0.9987423769928968,0.695,0.25,0.03588846358475631,1912.1729225052545,2.0,Moderate
94970,Marin County,38.049999999999976,-122.75,0.025817597713069865,Negligible,0.9898617493647037,0.9725,0.16000000000000003,0.0,2079.606783232393,1.0,Low
90247,Los Angeles County,34.20000000000002,-118.26000000000008,0.025806731094649305,Negligible,0.998889112804844,0.19,0.25,0.04173655898801812,775.6429428392012,2.0,Moderate
95829,Sacramento County,38.45000000000002,-121.34000000000005,0.025759623799299664,Negligible,0.9887351206644822,0.2525,0.09,0.26475366020815794,934.7267752010655,1.0,Low
93960,Monterey County,36.24,-121.32000000000002,0.02575173057951331,Negligible,0.9989708939228948,0.2175,0.24999999999999997,0.04177921209571085,785.4339121569835,1.0,Low
90680,Los Angeles County,34.20000000000002,-118.26000000000008,0.025741895272036634,Negligible,0.9977989848718151,0.20750000000000002,0.22000000000000003,0.2043026015423007,689.0746940942258,2.0,Moderate
95632,Sacramento County,38.45000000000002,-121.34000000000005,0.025707616696307556,Negligible,0.9958197815809692,0.255,0.19999999999999998,0.15330916785307386,889.4916675358963,1.0,Low
94533,Contra Costa County,37.919999999999995,-121.94999999999996,0.025659267582530933,Negligible,0.9935684397406059,0.2975,0.21,0.16045264949899757,974.4942498037602,-1.0,Outlier
94115,San Francisco County,37.73000000000001,-123.03000000000009,0.025630036540419416,Negligible,0.9869857186650027,0.6625,0.14,0.007946534962264482,6022.620029945703,-1.0,Outlier
90026,Los Angeles County,34.20000000000002,-118.26000000000008,0.02560684552735073,Negligible,0.9977462402347972,0.4375,0.24,0.026131781339199585,1264.8176718248756,2.0,Moderate
95242,Alameda County,37.64999999999999,-121.90999999999995,0.025548404626871087,Negligible,0.9937939582129506,0.3675,0.16000000000000003,0.11357888879862527,974.9841619806185,-1.0,Outlier
92075,San Diego County,33.01999999999999,-116.78000000000009,0.025546143518036267,Negligible,0.9935494966655063,0.7949999999999999,0.16999999999999993,0.049623317922934965,1718.01787653885,2.0,Moderate
94901,Marin County,38.049999999999976,-122.75,0.025540128320448628,Negligible,0.968431312222891,1.405,-0.20999999999999996,0.051651988185838466,1695.2583879355639,1.0,Low
95645,Sacramento County,38.45000000000002,-121.34000000000005,0.02552769380283162,Negligible,0.9957314072093858,0.315,0.17999999999999997,0.0,799.824774839372,1.0,Low
94301,San Mateo County,37.40999999999998,-122.36999999999992,0.025519065506755145,Negligible,0.9576224242160767,1.37,-0.3500000000000001,0.5895933607914298,2130.789756307982,-1.0,Outlier
92335,San Bernardino County,34.86,-116.17999999999998,0.025484640934254205,Negligible,0.9979809583956736,0.16749999999999998,0.22999999999999998,0.2578350417717096,778.2030519144364,2.0,Moderate
91326,Los Angeles County,34.20000000000002,-118.26000000000008,0.025457649114856876,Negligible,0.9840317783982648,0.6075,0.13,0.9365067377440555,1837.0803358771202,2.0,Moderate
91792,Los Angeles County,34.20000000000002,-118.26000000000008,0.025445489961195104,Negligible,0.9950660716227959,0.35750000000000004,0.18,0.15061533175467573,906.9473965348403,2.0,Moderate
92501,Riverside County,33.73000000000001,-116.0,0.02543412477960953,Negligible,0.9955437427735144,0.34500000000000003,0.19,0.13649476960854515,934.5247352656269,2.0,Moderate
95825,Sacramento County,38.45000000000002,-121.34000000000005,0.02539876467099199,Negligible,0.9923488047634125,0.25,0.15999999999999998,0.287057837036754,829.0782466989725,1.0,Low
94579,Contra Costa County,37.919999999999995,-121.94999999999996,0.02535505191233693,Negligible,0.9967173165525821,0.21250000000000002,0.23,0.06368563668635478,916.0842598380242,-1.0,Outlier
91762,Los Angeles County,34.20000000000002,-118.26000000000008,0.02535337177580803,Negligible,0.9981223006273213,0.1825,0.24,0.24392249207783756,813.7992615740429,2.0,Moderate
95051,Santa Clara County,37.22000000000002,-121.69000000000004,0.025353005650171612,Negligible,0.9995158933015866,0.195,0.25,0.021497026017078927,845.9270406484343,1.0,Low
94063,San Francisco County,37.73000000000001,-123.03000000000009,0.025341215919171736,Negligible,0.9968346956467321,0.185,0.21,0.048068681423493465,911.5961892787737,1.0,Low
95628,Sacramento County,38.45000000000002,-121.34000000000005,0.025302302650314933,Negligible,0.9929098323379053,0.3825,0.13999999999999996,0.204151834788949,1105.940180964903,1.0,Low
95209,Alameda County,37.64999999999999,-121.90999999999995,0.025293491967464915,Negligible,0.9952329794878998,0.2375,0.14,0.19883960340075651,1019.705865515274,-1.0,Outlier
92660,Orange County,33.67999999999998,-117.78000000000009,0.025285917558034443,Negligible,0.9981935833453416,0.5525,0.24000000000000005,0.171383159506236,2468.1589715287732,2.0,Moderate
91761,Los Angeles County,34.20000000000002,-118.26000000000008,0.025281843528928264,Negligible,0.9958343659059344,0.1775,0.20999999999999996,0.11754327848007426,863.4420072143347,2.0,Moderate
92411,San Bernardino County,34.86,-116.17999999999998,0.02526591928868705,Negligible,0.9951097110998062,0.30000000000000004,0.15000000000000002,0.1481337965127368,801.0607605465071,2.0,Moderate
93725,Fresno County,36.76,-119.65999999999995,0.025260159694478077,Negligible,0.9955968373340268,0.145,0.14,0.583206684820665,856.4587283822873,0.0,Negligible
92058,San Diego County,33.01999999999999,-116.78000000000009,0.025255523631971834,Negligible,0.9904097019299584,0.62,0.18000000000000005,0.06987929335696365,939.3288422224321,2.0,Moderate
94118,San Francisco County,37.73000000000001,-123.03000000000009,0.025245358900086216,Negligible,0.9996753979424882,0.4425,0.24999999999999994,0.07184932749390992,3103.8697898055525,-1.0,Outlier
91316,Los Angeles County,34.20000000000002,-118.26000000000008,0.02522836587581108,Negligible,0.9996793366561896,0.585,0.25,0.044868410101360334,2446.033616308557,2.0,Moderate
93501,Santa Barbara County,34.539999999999985,-120.03999999999998,0.02513758499655504,Negligible,0.981899745653854,0.955,-0.010000000000000009,0.008185577228873227,908.0810597171982,2.0,Moderate
91214,Los Angeles County,34.20000000000002,-118.26000000000008,0.025088663020837735,Negligible,0.995803893661664,0.5,0.22000000000000003,0.11942348233847004,1147.9603015161233,2.0,Moderate
94924,Marin County,38.049999999999976,-122.75,0.025082765764741298,Negligible,0.9915689045843215,0.58,0.18999999999999995,0.0,1825.168340304629,1.0,Low
91764,Los Angeles County,34.20000000000002,-118.26000000000008,0.025073510414534487,Negligible,0.9943766470094348,0.22249999999999998,0.18000000000000002,0.17451989904660475,833.8180954763916,2.0,Moderate
95328,Santa Clara County,37.22000000000002,-121.69000000000004,0.025028009247902147,Negligible,0.9885868257802013,0.15,0.09999999999999999,0.0009616553189925865,731.0034824701122,1.0,Low
94517,Contra Costa County,37.919999999999995,-121.94999999999996,0.02501192659836668,Negligible,0.9951004005790726,0.715,0.19999999999999996,0.11928692704482705,1458.2563464008754,1.0,Low
93436,San Luis Obispo County,35.38999999999999,-120.44999999999992,0.024969484172665594,Negligible,0.998752511168895,0.49250000000000005,0.24,0.09846803084966388,809.0650283277454,2.0,Moderate
94303,San Mateo County,37.40999999999998,-122.36999999999992,0.024934279014616503,Negligible,0.9958963949775463,0.3875,0.22000000000000003,0.05972335989068463,1084.7737931620236,-1.0,Outlier
94015,San Francisco County,37.73000000000001,-123.03000000000009,0.024921621592213634,Negligible,0.9973430680871858,0.1725,0.22999999999999998,0.05300076838689566,956.1553259716381,1.0,Low
90250,Los Angeles County,34.20000000000002,-118.26000000000008,0.02492070660271682,Negligible,0.9987200681158668,0.16249999999999998,0.24,0.13203741514772557,757.0009762236396,2.0,Moderate
93656,Fresno County,36.76,-119.65999999999995,0.02484298801546299,Negligible,0.9950707835676538,0.2825,0.09999999999999998,0.24937557963072254,850.0771222937167,0.0,Negligible
91107,Los Angeles County,34.20000000000002,-118.26000000000008,0.024838934073482248,Negligible,0.9960322475784231,0.6425000000000001,0.21999999999999997,0.1292725648044756,1294.7007510322699,2.0,Moderate
92374,San Bernardino County,34.86,-116.17999999999998,0.02481958822633984,Negligible,0.9922651366209945,0.33,0.19,0.03520643015655976,988.0125414380686,2.0,Moderate
94801,Marin County,38.049999999999976,-122.75,0.02480221981536772,Negligible,0.9915227263513289,0.23500000000000001,0.16,0.11171300272117088,984.8899028644078,1.0,Low
93534,Santa Barbara County,34.539999999999985,-120.03999999999998,0.02480215375631681,Negligible,0.9926795925824007,0.2525,0.14,0.3111113473171947,916.3641113112718,2.0,Moderate
93041,Ventura County,34.36000000000001,-119.13000000000008,0.024731942666584135,Negligible,0.997666453941353,0.2175,0.21000000000000002,0.028482774875615638,759.4452481544514,2.0,Moderate
95133,Santa Clara County,37.22000000000002,-121.69000000000004,0.024712741107445,Negligible,0.996510478865546,0.1775,0.19999999999999998,0.052309860002622395,888.8676374785152,1.0,Low
93001,Ventura County,34.36000000000001,-119.13000000000008,0.024702653085718042,Negligible,0.994851311254882,0.775,0.21000000000000008,0.08864818297530387,1039.944927151398,2.0,Moderate
92503,Riverside County,33.73000000000001,-116.0,0.02463924397932736,Negligible,0.9958710581441798,0.545,0.19000000000000006,0.11388324689576143,1043.461562989739,2.0,Moderate
93304,Kern County,35.35000000000001,-118.73000000000002,0.024615160463941795,Negligible,0.9962361517136494,0.21250000000000002,0.19,0.414406723852726,772.4017254943321,0.0,Negligible
94954,Marin County,38.049999999999976,-122.75,0.024606793924565808,Negligible,0.9977634677394207,0.27999999999999997,0.22999999999999998,0.11116698028431443,1009.4343030907353,1.0,Low
94589,Contra Costa County,37.919999999999995,-121.94999999999996,0.02460059102833548,Negligible,0.9952302827294608,0.1675,0.18000000000000002,0.18740046308504435,891.3523337891162,-1.0,Outlier
93926,Monterey County,36.24,-121.32000000000002,0.02454128115370903,Negligible,0.9987417885431955,0.1975,0.15999999999999998,0.0010194430265777067,833.2530497072182,1.0,Low
90603,Los Angeles County,34.20000000000002,-118.26000000000008,0.024496395721415928,Negligible,0.9837706965725106,0.6825,0.13,0.052337541957615565,1005.8338999210707,2.0,Moderate
90264,Los Angeles County,34.20000000000002,-118.26000000000008,0.024456892222819406,Negligible,0.9711487023233508,2.0,0.0,2.0427806712962964,29947.75,2.0,Moderate
92356,San Bernardino County,34.86,-116.17999999999998,0.024444506196755717,Negligible,0.9847971541867518,0.9099999999999999,0.08999999999999997,0.0,908.4029331100846,2.0,Moderate
95683,Sacramento County,38.45000000000002,-121.34000000000005,0.024421719796398667,Negligible,0.9867089073886133,0.8,0.08999999999999997,0.08219804666801915,1391.5082135205794,1.0,Low
90260,Los Angeles County,34.20000000000002,-118.26000000000008,0.024377975708913507,Negligible,0.9982343355780469,0.16999999999999998,0.22999999999999998,0.23944779016211362,713.1592183531693,2.0,Moderate
90024,Los Angeles County,34.20000000000002,-118.26000000000008,0.024360995293506833,Negligible,0.9979617317099743,0.615,0.21999999999999997,0.015791088746229597,4147.121741680853,2.0,Moderate
94127,San Francisco County,37.73000000000001,-123.03000000000009,0.02428751251616373,Negligible,0.9981864823221023,0.385,0.22999999999999998,0.07609036555217719,1756.1598621732694,1.0,Low
92118,San Diego County,33.01999999999999,-116.78000000000009,0.024268118003717743,Negligible,0.9945689739957603,0.5725,0.17999999999999994,0.0,2002.5555665521956,2.0,Moderate
90027,Los Angeles County,34.20000000000002,-118.26000000000008,0.024255004300067905,Negligible,0.9996457161687536,0.7925,0.24,0.004903135485694278,2652.4346750799928,2.0,Moderate
92543,Riverside County,33.73000000000001,-116.0,0.024229957050316255,Negligible,0.9961421926737068,0.39,0.19,0.20142868841086298,848.5416116527504,2.0,Moderate
92507,Riverside County,33.73000000000001,-116.0,0.02421753534244342,Negligible,0.9940758184596574,0.54,0.16999999999999998,0.15053474103182027,877.2371988000137,2.0,Moderate
92625,Orange County,33.67999999999998,-117.78000000000009,0.024211652710106887,Negligible,0.9979426913996561,0.66,0.21999999999999997,0.1242895930446803,2580.584429595353,2.0,Moderate
92154,San Diego County,33.01999999999999,-116.78000000000009,0.024199480496671873,Negligible,0.9926698180070692,0.56,0.19000000000000006,0.10449880579750512,970.7634153689413,2.0,Moderate
92801,Orange County,33.67999999999998,-117.78000000000009,0.02416246697245935,Negligible,0.9985043318251746,0.16999999999999998,0.22999999999999998,0.1502065235283287,751.519888349116,-1.0,Outlier
93563,Santa Barbara County,34.539999999999985,-120.03999999999998,0.024124971479358263,Negligible,0.9621597939213405,2.505,-0.22999999999999998,2.403019086468248,1349.344195975476,2.0,Moderate
95023,Santa Clara County,37.22000000000002,-121.69000000000004,0.02407518624590496,Negligible,0.998487326982711,0.3,0.22999999999999998,0.06282402694732796,1072.3356234606658,1.0,Low
94131,San Francisco County,37.73000000000001,-123.03000000000009,0.024035002913974448,Negligible,0.9985436997137264,0.4625,0.22999999999999998,0.024481122483495318,1570.7926625060281,1.0,Low
92572,0,0.0,0.0,0.023997634629836558,Negligible,0.9987547978725397,3.1,0.20000000000000018,0.0,2110.0,0.0,0
91914,San Diego County,33.01999999999999,-116.78000000000009,0.023988956276864093,Negligible,0.9986065358719116,0.535,0.23000000000000004,0.04824948645648596,1611.6067408439912,2.0,Moderate
93647,Fresno County,36.76,-119.65999999999995,0.023987497001620714,Negligible,0.9951790578375495,0.28500000000000003,0.18000000000000002,0.26788278185382547,777.751405907452,0.0,Negligible
95648,Sacramento County,38.45000000000002,-121.34000000000005,0.02395163298211115,Negligible,0.9938900604045979,0.4225,0.17000000000000004,0.1564431810872433,1000.5086263426817,1.0,Low
92804,Orange County,33.67999999999998,-117.78000000000009,0.023950227151968144,Negligible,0.9986955636987014,0.18,0.22999999999999998,0.2138478691210161,758.0068791139737,-1.0,Outlier
94805,Marin County,38.049999999999976,-122.75,0.023871842284637224,Negligible,0.9960288087492928,0.3725,0.20999999999999996,0.05114244877582782,1077.9135990504924,1.0,Low
92881,Orange County,33.67999999999998,-117.78000000000009,0.023847579034697915,Negligible,0.9988063926462696,0.4675,0.22999999999999998,0.02398352211928903,1512.6773989824871,2.0,Moderate
91701,Los Angeles County,34.20000000000002,-118.26000000000008,0.02381098362977611,Negligible,0.9974501150941137,0.2975,0.21999999999999997,0.06854265206555893,1107.2173523254826,2.0,Moderate
95377,Santa Clara County,37.22000000000002,-121.69000000000004,0.023744196710359763,Negligible,0.9949891304123752,0.2575,0.2,0.1083839449886472,1085.7746246642575,1.0,Low
95313,Santa Clara County,37.22000000000002,-121.69000000000004,0.023687705776494747,Negligible,0.9919532561024944,0.29500000000000004,0.07,0.016208654801008325,858.1850600884327,1.0,Low
92688,Orange County,33.67999999999998,-117.78000000000009,0.023553516467973806,Negligible,0.9978771928809342,0.7275,0.21999999999999997,0.018438222713960003,1452.6198710080732,2.0,Moderate
91354,Los Angeles County,34.20000000000002,-118.26000000000008,0.023500963747495874,Negligible,0.9978855108517117,0.5725,0.21999999999999997,0.024771362622742252,1230.8084024023426,2.0,Moderate
93665,Fresno County,36.76,-119.65999999999995,0.023451557503269146,Negligible,0.9914593440048827,0.11250000000000002,0.13,0.3352995351822241,735.7058432005566,0.0,Negligible
94519,Contra Costa County,37.919999999999995,-121.94999999999996,0.023444661730468774,Negligible,0.9966601978315677,0.24,0.21,0.07377623333220677,919.601797841783,-1.0,Outlier
93244,Kern County,35.35000000000001,-118.73000000000002,0.023412798766360855,Negligible,0.9753361480405068,1.1275,-0.16999999999999993,0.0,1236.3958455409872,2.0,Moderate
95341,Santa Clara County,37.22000000000002,-121.69000000000004,0.023404632064057573,Negligible,0.9958426221135382,0.14250000000000002,0.19,0.47226923007524185,670.3335146264767,1.0,Low
92582,Riverside County,33.73000000000001,-116.0,0.023368974598278615,Negligible,0.9939805486942622,0.3025,0.19000000000000003,0.06061523393100645,955.2018952955982,2.0,Moderate
94061,San Francisco County,37.73000000000001,-123.03000000000009,0.023353129789656625,Negligible,0.9945304848484683,0.5525,0.19000000000000006,0.08325418557814211,1157.6349928716838,1.0,Low
92557,Riverside County,33.73000000000001,-116.0,0.023333175204415836,Negligible,0.997009864065299,0.3675,0.20999999999999996,0.13694027741185677,980.7294866000339,2.0,Moderate
90292,Los Angeles County,34.20000000000002,-118.26000000000008,0.023307392925888404,Negligible,0.997797780290705,0.485,0.2,0.004597703856066555,3113.876331645046,2.0,Moderate
90745,Los Angeles County,34.20000000000002,-118.26000000000008,0.023281852001971984,Negligible,0.9985366993084971,0.135,0.22,0.1342571838562232,787.4119563886795,2.0,Moderate
90274,Los Angeles County,34.20000000000002,-118.26000000000008,0.02324611087552273,Negligible,0.9996587942504709,0.6525000000000001,0.22999999999999998,0.03398180014858836,2540.0632827541795,2.0,Moderate
93657,Fresno County,36.76,-119.65999999999995,0.02322953907599555,Negligible,0.9958639217765334,0.35,0.18,0.13267305171451926,914.9804609852528,0.0,Negligible
91340,Los Angeles County,34.20000000000002,-118.26000000000008,0.023206475394553686,Negligible,0.9983620905874372,0.20750000000000002,0.22000000000000003,0.2839749890860581,853.2333637034769,2.0,Moderate
94518,Contra Costa County,37.919999999999995,-121.94999999999996,0.02307617200067267,Negligible,0.9938557981472567,0.405,0.12,0.17031289790061402,1098.2938050680605,1.0,Low
92707,Orange County,33.67999999999998,-117.78000000000009,0.02306179001705417,Negligible,0.9986772111143667,0.14500000000000002,0.22,0.10381233268487534,736.7718872330885,-1.0,Outlier
92389,San Bernardino County,34.86,-116.17999999999998,0.023057450449024672,Negligible,0.9921999958566786,0.92,0.13,0.0,989.8141425600303,2.0,Moderate
94085,San Francisco County,37.73000000000001,-123.03000000000009,0.023018184420912784,Negligible,0.9974954759113213,0.1875,0.21,0.11456608392605801,737.2841567338062,1.0,Low
91752,Los Angeles County,34.20000000000002,-118.26000000000008,0.02298260438504943,Negligible,0.9931405079394077,0.245,0.18000000000000002,0.13235468139051987,1038.622658317171,2.0,Moderate
92106,San Diego County,33.01999999999999,-116.78000000000009,0.022972252263796993,Negligible,0.9979118296648676,0.4375,0.21000000000000008,0.01124192004575042,1464.0131250873656,2.0,Moderate
90041,Los Angeles County,34.20000000000002,-118.26000000000008,0.02297093840613073,Negligible,0.9958368845762383,0.61,0.19999999999999996,0.04220561336053702,1119.84126488325,2.0,Moderate
95219,Alameda County,37.64999999999999,-121.90999999999995,0.022968204430409193,Negligible,0.9917476698091672,0.28,0.13999999999999999,0.02723673617226201,1190.426033280208,-1.0,Outlier
95336,Santa Clara County,37.22000000000002,-121.69000000000004,0.022959966704410473,Negligible,0.996128565055508,0.255,0.16999999999999998,0.12680953160192504,879.9486555484302,1.0,Low
93003,Ventura County,34.36000000000001,-119.13000000000008,0.022911967164593636,Negligible,0.9958878231252364,0.55,0.20000000000000007,0.04572630038863469,971.4564068289596,2.0,Moderate
95565,Humboldt County,40.710000000000015,-123.92999999999996,0.022896841253458932,Negligible,0.9768676579610074,1.65,0.0,0.3201906457322059,861.7062731496563,-1.0,Outlier
94587,Contra Costa County,37.919999999999995,-121.94999999999996,0.022882233551250894,Negligible,0.9963581379652448,0.19,0.19999999999999998,0.10917894173879907,1026.0032158151935,-1.0,Outlier
95662,Sacramento County,38.45000000000002,-121.34000000000005,0.02287892954346286,Negligible,0.9958758218527674,0.355,0.17000000000000004,0.14345484623422747,941.8309608828522,1.0,Low
93424,San Luis Obispo County,35.38999999999999,-120.44999999999992,0.022869260205932725,Negligible,0.9876822761186694,1.7325,-0.34999999999999987,0.0,1469.4391229635955,-1.0,Outlier
93012,Ventura County,34.36000000000001,-119.13000000000008,0.0228673003387255,Negligible,0.9964207797972334,0.61,0.19999999999999996,0.1071424743348314,1468.1744133773589,2.0,Moderate
92249,Riverside County,33.73000000000001,-116.0,0.022855064807136678,Negligible,0.9869411014281493,0.39749999999999996,-0.06,0.11179435742883156,939.5943109012098,0.0,Negligible
95012,Santa Clara County,37.22000000000002,-121.69000000000004,0.022834746494457374,Negligible,0.9895531653908584,0.6475,0.07999999999999996,0.024899315076307573,921.1072376997603,1.0,Low
93905,Monterey County,36.24,-121.32000000000002,0.022808322929632655,Negligible,0.9988766824672691,0.2,0.22,0.040008240580188495,819.0775160392625,1.0,Low
95111,Santa Clara County,37.22000000000002,-121.69000000000004,0.022781559388843513,Negligible,0.9980510970675396,0.20500000000000002,0.2,0.21691117945927235,859.757224034282,1.0,Low
92114,San Diego County,33.01999999999999,-116.78000000000009,0.022717991251005768,Negligible,0.9991806583926555,0.41500000000000004,0.22000000000000003,0.15526054129018926,860.0015858134374,2.0,Moderate
92882,Orange County,33.67999999999998,-117.78000000000009,0.02271515429667441,Negligible,0.9989982568304615,0.5725,0.21999999999999997,0.04030188823486547,1273.9308738941647,-1.0,Outlier
95519,Humboldt County,40.710000000000015,-123.92999999999996,0.022667679577194528,Negligible,0.9977539080699783,0.56,0.21000000000000008,0.042992141374691276,865.2973464814874,-1.0,Outlier
92253,Riverside County,33.73000000000001,-116.0,0.022663398385439404,Negligible,0.9990634997631074,0.47,0.21999999999999997,0.15259899331141294,1683.0318609864285,2.0,Moderate
95070,Santa Clara County,37.22000000000002,-121.69000000000004,0.02260180316558726,Negligible,0.9846878879535979,0.875,0.08999999999999997,0.09951198331170977,1750.947184495482,1.0,Low
92203,Riverside County,33.73000000000001,-116.0,0.022568242801357774,Negligible,0.9965018575375663,0.3225,0.18,0.1577835380940307,1105.1377208611837,2.0,Moderate
93420,San Luis Obispo County,35.38999999999999,-120.44999999999992,0.02245211126318939,Negligible,0.985462315813288,0.99,0.09000000000000008,0.18102992296722584,1097.004649815333,2.0,Moderate
94591,Contra Costa County,37.919999999999995,-121.94999999999996,0.02238547557313986,Negligible,0.9959923631194244,0.29000000000000004,0.17,0.1592995812642298,1038.1243960735846,-1.0,Outlier
95562,Humboldt County,40.710000000000015,-123.92999999999996,0.022275025021897384,Negligible,0.9918378785848905,1.04,0.13000000000000012,0.10605193998741304,791.6060742348062,-1.0,Outlier
94089,San Francisco County,37.73000000000001,-123.03000000000009,0.022274449048012568,Negligible,0.9977939987790718,0.18,0.19000000000000003,0.15862445931226274,742.5366843921888,1.0,Low
93263,Kern County,35.35000000000001,-118.73000000000002,0.022260080065359296,Negligible,0.9985609783640346,0.255,0.21,0.13841019653730963,718.4264404796829,0.0,Negligible
93258,Kern County,35.35000000000001,-118.73000000000002,0.022258375952510442,Negligible,0.9949496427007997,0.235,0.15000000000000002,0.0,609.6220337776736,0.0,Negligible
93636,Fresno County,36.76,-119.65999999999995,0.022216742495038442,Negligible,0.994081231939084,0.4525,0.18000000000000005,0.15619360749559424,1134.7572063991522,2.0,Moderate
94403,San Mateo County,37.40999999999998,-122.36999999999992,0.0221848418596637,Negligible,0.9969555658954952,0.4425,0.20000000000000007,0.05558099765461975,1108.0454480819856,1.0,Low
90290,Los Angeles County,34.20000000000002,-118.26000000000008,0.022143282498594687,Negligible,0.9577292956165369,3.0175,-0.18999999999999995,0.05512203897238366,2516.370795052577,2.0,Moderate
92405,San Bernardino County,34.86,-116.17999999999998,0.02214151380528896,Negligible,0.99647216280617,0.305,0.17999999999999997,0.16176891586487685,881.2816750308514,2.0,Moderate
92259,Riverside County,33.73000000000001,-116.0,0.022026639228161473,Negligible,0.9731509637063309,0.86,-0.020000000000000018,0.0,886.0665976964478,2.0,Moderate
94536,Contra Costa County,37.919999999999995,-121.94999999999996,0.022024001710209073,Negligible,0.9945984447916904,0.22000000000000003,0.18,0.07875237632034349,1001.7194131773637,-1.0,Outlier
91331,Los Angeles County,34.20000000000002,-118.26000000000008,0.021960929669267645,Negligible,0.998858019998081,0.1975,0.21,0.17835426451314887,852.5193965398212,2.0,Moderate
95501,Humboldt County,40.710000000000015,-123.92999999999996,0.02192890314070424,Negligible,0.9987508780439006,0.40750000000000003,0.21000000000000002,0.09740498171238651,820.7386880762649,-1.0,Outlier
95035,Santa Clara County,37.22000000000002,-121.69000000000004,0.021914203124102322,Negligible,0.9940303397490436,0.215,0.15,0.1380487947460159,909.8854572700815,1.0,Low
95365,Santa Clara County,37.22000000000002,-121.69000000000004,0.021866358106993382,Negligible,0.993911061545754,0.125,0.09000000000000001,0.007773266162354586,697.2596650225926,1.0,Low
95337,Santa Clara County,37.22000000000002,-121.69000000000004,0.02186578848584404,Negligible,0.9941363282309615,0.22250000000000003,0.15,0.12436095327217482,898.0293693129692,1.0,Low
92027,San Diego County,33.01999999999999,-116.78000000000009,0.021799667465477977,Negligible,0.9954471573041116,0.8725,0.15000000000000002,0.029038812147544866,1142.254083835267,2.0,Moderate
92592,Riverside County,33.73000000000001,-116.0,0.021799515293589512,Negligible,0.997992492100431,0.6575,0.20000000000000007,0.06880186802848157,1397.6180643611806,2.0,Moderate
95818,Sacramento County,38.45000000000002,-121.34000000000005,0.0217239721092318,Negligible,0.9947839523849156,0.3,0.17999999999999997,0.03571554627176009,1070.5485693555368,1.0,Low
92630,Orange County,33.67999999999998,-117.78000000000009,0.021677812851845987,Negligible,0.999067200094819,0.375,0.21000000000000002,0.07147267367942181,1248.5093588525378,-1.0,Outlier
95320,Santa Clara County,37.22000000000002,-121.69000000000004,0.021663908174173185,Negligible,0.9941211871545791,0.3275,0.13999999999999996,0.12090955456428218,953.3684590967016,1.0,Low
92508,Riverside County,33.73000000000001,-116.0,0.021627100292948162,Negligible,0.9965326968241977,0.3675,0.19,0.06438826220465296,1311.2033957265367,2.0,Moderate
93235,Kern County,35.35000000000001,-118.73000000000002,0.021545800422267492,Negligible,0.9947715426611036,0.2925,0.15000000000000002,0.039458812055001416,718.5871584906046,0.0,Negligible
94513,Contra Costa County,37.919999999999995,-121.94999999999996,0.021523244081599165,Negligible,0.9978766443049876,0.365,0.19999999999999996,0.07605326297736201,1204.4529484273135,1.0,Low
92672,Orange County,33.67999999999998,-117.78000000000009,0.02151349743465841,Negligible,0.9980062317108542,0.6675,0.20000000000000007,0.10319543535759088,1609.257212964683,2.0,Moderate
91910,San Diego County,33.01999999999999,-116.78000000000009,0.021435109211810063,Negligible,0.9952413769006001,0.6075,0.17999999999999994,0.12263149980598745,1082.664446045751,2.0,Moderate
95075,Santa Clara County,37.22000000000002,-121.69000000000004,0.021391187152413966,Negligible,0.9758553275017369,0.9525,0.0,0.0,1546.9208025882067,1.0,Low
91350,Los Angeles County,34.20000000000002,-118.26000000000008,0.021387209670100632,Negligible,0.996418857853668,0.9825,0.16000000000000003,0.06736058870347489,1181.6813925289434,2.0,Moderate
92677,Orange County,33.67999999999998,-117.78000000000009,0.02135917869679717,Negligible,0.999492893867394,0.625,0.20999999999999996,0.019921855967291402,1787.6602032539772,2.0,Moderate
92595,Riverside County,33.73000000000001,-116.0,0.021334830288618954,Negligible,0.9969609844689854,0.89,0.19000000000000006,0.05158696812471294,1271.1348985353045,2.0,Moderate
94588,Contra Costa County,37.919999999999995,-121.94999999999996,0.021303136780510826,Negligible,0.9967681673740354,0.42500000000000004,0.19,0.05164846632104808,1267.8972863571744,1.0,Low
92703,Orange County,33.67999999999998,-117.78000000000009,0.021278525386308055,Negligible,0.9982470334347443,0.14500000000000002,0.2,0.25185792319157113,620.6237161509735,-1.0,Outlier
93063,Ventura County,34.36000000000001,-119.13000000000008,0.021253931907847513,Negligible,0.9982606239329906,0.525,0.2,0.12322081232484433,1190.1516906244183,2.0,Moderate
91351,Los Angeles County,34.20000000000002,-118.26000000000008,0.02123974508301234,Negligible,0.9954336787094772,0.7775,0.15000000000000002,0.12067141633611926,1125.5752811225111,2.0,Moderate
95363,Santa Clara County,37.22000000000002,-121.69000000000004,0.02121094450786984,Negligible,0.9948918214947138,0.28500000000000003,0.15,0.041928452697334515,952.3680153755034,1.0,Low
92201,Riverside County,33.73000000000001,-116.0,0.021202901053929694,Negligible,0.9934567545969699,0.37,0.15999999999999998,0.15300883825833722,983.5913989202735,2.0,Moderate
95032,Santa Clara County,37.22000000000002,-121.69000000000004,0.021194764718398765,Negligible,0.9983264612815982,0.7525000000000001,0.19999999999999996,0.05003012529750357,1523.8119110541293,1.0,Low
94503,Contra Costa County,37.919999999999995,-121.94999999999996,0.021188422222691537,Negligible,0.9938650238800868,0.33,0.13,0.036938359555218216,1100.8440102614406,-1.0,Outlier
92139,San Diego County,33.01999999999999,-116.78000000000009,0.021186486356291022,Negligible,0.9985225756854692,0.345,0.19999999999999996,0.08364921119895935,852.2065656447377,2.0,Moderate
95240,Alameda County,37.64999999999999,-121.90999999999995,0.02118282037313323,Negligible,0.9975573381580268,0.3175,0.19,0.10587862077257541,919.1793566686789,-1.0,Outlier
91711,Los Angeles County,34.20000000000002,-118.26000000000008,0.021182387063201174,Negligible,0.9970896994636652,0.605,0.18999999999999995,0.12153566062339596,1397.7088766217216,2.0,Moderate
92555,Riverside County,33.73000000000001,-116.0,0.0211734303569419,Negligible,0.9955932923051074,0.32,0.18,0.10914107535981138,1102.0359197233288,2.0,Moderate
93434,San Luis Obispo County,35.38999999999999,-120.44999999999992,0.02113797145290589,Negligible,0.9964149539526388,0.41,0.15000000000000002,0.024462536081846536,641.8027675609625,2.0,Moderate
92704,Orange County,33.67999999999998,-117.78000000000009,0.021121834511598183,Negligible,0.9971707989296625,0.1475,0.19,0.24104161821975295,756.9711551803914,-1.0,Outlier
95827,Sacramento County,38.45000000000002,-121.34000000000005,0.021007998493604532,Negligible,0.9982785301580892,0.2375,0.17999999999999997,0.18025374393874213,828.5310773167976,1.0,Low
95325,Santa Clara County,37.22000000000002,-121.69000000000004,0.020989729333552525,Negligible,0.9894024502465623,1.1724999999999999,0.020000000000000018,0.0,1608.3271396396397,-1.0,Outlier
93730,Fresno County,36.76,-119.65999999999995,0.020961280783080023,Negligible,0.9938933707894142,0.3125,0.13999999999999996,0.1401273530676766,1166.977281546358,0.0,Negligible
94555,Contra Costa County,37.919999999999995,-121.94999999999996,0.020895045124366244,Negligible,0.9972407290182157,0.165,0.17,0.04650322079769239,922.4956541331142,-1.0,Outlier
92024,San Diego County,33.01999999999999,-116.78000000000009,0.02088583961708426,Negligible,0.9959330196854975,0.8200000000000001,0.16000000000000003,0.05259537539697029,1605.7401860085938,2.0,Moderate
92545,Riverside County,33.73000000000001,-116.0,0.02087471757890617,Negligible,0.9945868319382598,0.38,0.16999999999999998,0.05725224710537136,949.5624022330501,2.0,Moderate
93726,Fresno County,36.76,-119.65999999999995,0.020787855925230164,Negligible,0.9989476482390892,0.1925,0.2,0.1900472530548747,813.9033920172906,0.0,Negligible
92240,Riverside County,33.73000000000001,-116.0,0.020734922586144285,Negligible,0.9967836503508634,0.2825,0.16,0.09857161250728817,912.8819206050274,2.0,Moderate
94621,Alameda County,37.64999999999999,-121.90999999999995,0.02073179376156259,Negligible,0.9939940401969666,0.2175,0.15999999999999998,0.09418211168792198,1108.5596021536348,-1.0,Outlier
95210,Alameda County,37.64999999999999,-121.90999999999995,0.020730024151136228,Negligible,0.9952625719697668,0.21000000000000002,0.11000000000000001,0.17008711499266596,821.759603747952,-1.0,Outlier
93455,San Luis Obispo County,35.38999999999999,-120.44999999999992,0.02054250701721522,Negligible,0.9978574494569036,0.495,0.19,0.05383752285591317,879.9419735105566,2.0,Moderate
94544,Contra Costa County,37.919999999999995,-121.94999999999996,0.020539638798659336,Negligible,0.9971496747018412,0.22999999999999998,0.13999999999999999,0.06797294885730831,982.9908112415167,-1.0,Outlier
91739,Los Angeles County,34.20000000000002,-118.26000000000008,0.020515070783017682,Negligible,0.9978880777136361,0.41500000000000004,0.19,0.06600753755370482,1319.3249535007237,2.0,Moderate
95540,Humboldt County,40.710000000000015,-123.92999999999996,0.02050187529508619,Negligible,0.9956044339312922,0.775,0.15000000000000002,0.26863406372028015,816.153863370583,-1.0,Outlier
93711,Fresno County,36.76,-119.65999999999995,0.020489395188144965,Negligible,0.9916157118759981,0.2975,0.12,0.11065658393833142,1227.0206257492036,0.0,Negligible
93906,Monterey County,36.24,-121.32000000000002,0.020425989395850382,Negligible,0.9980416656604335,0.21,0.19,0.11847709711908323,889.5613484010493,1.0,Low
91745,Los Angeles County,34.20000000000002,-118.26000000000008,0.020408839828755514,Negligible,0.9980221397270691,0.5825,0.19000000000000006,0.1308915182193161,1064.603089637953,2.0,Moderate
92021,San Diego County,33.01999999999999,-116.78000000000009,0.020407024465492907,Negligible,0.9967772691575426,1.125,0.17999999999999994,0.10184076282214508,1201.1198775929806,2.0,Moderate
95608,Sacramento County,38.45000000000002,-121.34000000000005,0.020390140768670427,Negligible,0.995593543173999,0.2975,0.17,0.19050349862657834,1065.0279744073941,1.0,Low
93449,San Luis Obispo County,35.38999999999999,-120.44999999999992,0.020361212975866703,Negligible,0.982847344544738,0.8724999999999999,0.07999999999999996,0.024954932963955363,1092.9116496376857,2.0,Moderate
95821,Sacramento County,38.45000000000002,-121.34000000000005,0.020336134473893104,Negligible,0.9960974047903988,0.2525,0.16999999999999998,0.10976371134514434,936.1170331425802,1.0,Low
91423,Los Angeles County,34.20000000000002,-118.26000000000008,0.020331207169959658,Negligible,0.9995368320263144,0.8625,0.19999999999999996,0.02105079476717215,2279.410103147942,2.0,Moderate
92119,San Diego County,33.01999999999999,-116.78000000000009,0.020321120892789958,Negligible,0.9955798806808837,0.7825,0.14,0.07533068085062791,1072.7632027052084,2.0,Moderate
94521,Contra Costa County,37.919999999999995,-121.94999999999996,0.020305826261342797,Negligible,0.9981987681388084,0.3575,0.18999999999999995,0.05969008516040747,1094.6056769522158,1.0,Low
94560,Contra Costa County,37.919999999999995,-121.94999999999996,0.020264155000458115,Negligible,0.9982680894279636,0.18,0.19000000000000003,0.08735709370874835,932.5215437063663,-1.0,Outlier
90265,Los Angeles County,34.20000000000002,-118.26000000000008,0.020260474396466208,Negligible,0.9407720290916305,2.1675,-0.31000000000000005,6.813131451315179,7162.124321428527,2.0,Moderate
92562,Riverside County,33.73000000000001,-116.0,0.02025013993422727,Negligible,0.9979332716971162,0.84,0.17999999999999994,0.0672092451819281,1531.4607961746406,2.0,Moderate
90032,Los Angeles County,34.20000000000002,-118.26000000000008,0.020216605566096207,Negligible,0.9957707116761816,0.6525,0.16000000000000003,0.03889443264770498,811.4749968173907,2.0,Moderate
96031,0,0.0,0.0,0.020197440931903957,Negligible,0.9818483982566716,4.0,0.0,0.0,885.0,0.0,0
95831,Sacramento County,38.45000000000002,-121.34000000000005,0.020187545780922782,Negligible,0.9962613909760148,0.21,0.12999999999999998,0.12123620113214992,1020.3919979130307,1.0,Low
95691,Sacramento County,38.45000000000002,-121.34000000000005,0.020158927041617227,Negligible,0.9959655949449822,0.225,0.15,0.13096510468317105,925.1599692057291,1.0,Low
92584,Riverside County,33.73000000000001,-116.0,0.02015131010763282,Negligible,0.9983777546457843,0.5425,0.19,0.03855320079662279,1065.9557651580103,2.0,Moderate
93619,Fresno County,36.76,-119.65999999999995,0.020072623002209765,Negligible,0.9959484095635143,0.4025,0.13999999999999996,0.09027181705379564,1031.8842712349326,0.0,Negligible
94530,Contra Costa County,37.919999999999995,-121.94999999999996,0.020039882520258203,Negligible,0.9967616074269829,0.5700000000000001,0.17000000000000004,0.07298584798711932,1282.4077504368752,1.0,Low
92505,Riverside County,33.73000000000001,-116.0,0.0200286965541484,Negligible,0.9961464732270818,0.2525,0.16999999999999998,0.12188292463067113,928.3479068621714,2.0,Moderate
93550,Santa Barbara County,34.539999999999985,-120.03999999999998,0.019984526681447602,Negligible,0.9941570761557272,0.255,0.06999999999999998,0.23997169599871998,902.6783965388775,2.0,Moderate
94542,Contra Costa County,37.919999999999995,-121.94999999999996,0.01995871817046624,Negligible,0.9859379455969189,1.6375,-0.1499999999999999,0.04486164849829054,1499.5605534764695,1.0,Low
93202,Kern County,35.35000000000001,-118.73000000000002,0.019937515706592364,Negligible,0.9972428664657935,0.2,0.14,0.08555505900732528,659.4620901941762,0.0,Negligible
92130,San Diego County,33.01999999999999,-116.78000000000009,0.01993026485164278,Negligible,0.9956496065273451,0.9325,0.16000000000000003,0.004721461513722342,1864.369418880669,2.0,Moderate
95361,Santa Clara County,37.22000000000002,-121.69000000000004,0.019908824687089106,Negligible,0.9966254986624341,0.3325,0.12,0.1202072488550768,950.1400430300913,1.0,Low
92408,San Bernardino County,34.86,-116.17999999999998,0.019905012683444655,Negligible,0.9922309628400588,0.3825,0.09999999999999998,0.1397210386773184,845.0280009179639,2.0,Moderate
93010,Ventura County,34.36000000000001,-119.13000000000008,0.019874124465879092,Negligible,0.9952017917394868,0.5900000000000001,0.14,0.17421256492776407,1189.4080306291223,2.0,Moderate
95316,Santa Clara County,37.22000000000002,-121.69000000000004,0.019872698454662146,Negligible,0.9978411051458763,0.265,0.14999999999999997,0.10293160755818392,856.1059171602263,1.0,Low
95536,Humboldt County,40.710000000000015,-123.92999999999996,0.01985799341284028,Negligible,0.9869632772205643,0.87,0.06000000000000005,0.12251518930699735,932.6195021983299,-1.0,Outlier
95819,Sacramento County,38.45000000000002,-121.34000000000005,0.019821565181122762,Negligible,0.9944882965008135,0.3025,0.13,0.02774660285920899,1027.191204836589,1.0,Low
92887,Orange County,33.67999999999998,-117.78000000000009,0.0198111968327643,Negligible,0.9906225418546153,0.8525,0.13,0.22052894585180008,1783.0317631186422,2.0,Moderate
95020,Santa Clara County,37.22000000000002,-121.69000000000004,0.019754640189427814,Negligible,0.9959405915376398,0.6,0.1499999999999999,0.12706076500202396,1245.6731502347748,1.0,Low
95046,Santa Clara County,37.22000000000002,-121.69000000000004,0.01966850255057523,Negligible,0.9944759679254604,0.655,0.12,0.05592628814800717,1631.1571252485255,1.0,Low
92309,San Bernardino County,34.86,-116.17999999999998,0.01962695645560792,Negligible,0.9856286249257289,0.275,0.03999999999999998,0.0,1069.744793250228,2.0,Moderate
92234,Riverside County,33.73000000000001,-116.0,0.01955490784951599,Negligible,0.9970328191003259,0.34,0.16999999999999998,0.12478972433799115,1084.033092089997,2.0,Moderate
95138,Santa Clara County,37.22000000000002,-121.69000000000004,0.019460163651918046,Negligible,0.9981608485492104,0.525,0.18,0.0026709538431387747,1509.5679569641038,1.0,Low
92553,Riverside County,33.73000000000001,-116.0,0.01939766484230126,Negligible,0.9959105259892308,0.14250000000000002,0.15000000000000002,0.23914115267386918,851.0837283376131,2.0,Moderate
93274,Kern County,35.35000000000001,-118.73000000000002,0.01936174639836824,Negligible,0.9995171756078741,0.4025,0.19,0.09099081189151377,743.3780940357026,0.0,Negligible
91356,Los Angeles County,34.20000000000002,-118.26000000000008,0.01928297705682658,Negligible,0.9996216840763885,0.79,0.19000000000000006,0.0503095223977732,2687.2771130450365,2.0,Moderate
95204,Alameda County,37.64999999999999,-121.90999999999995,0.01920382203114277,Negligible,0.9949114436515882,0.27749999999999997,0.15,0.12335977142199825,902.3876832335562,-1.0,Outlier
94566,Contra Costa County,37.919999999999995,-121.94999999999996,0.019200334271871167,Negligible,0.9984565599319054,0.5275,0.18,0.10268163364754153,1444.0108674215858,1.0,Low
92111,San Diego County,33.01999999999999,-116.78000000000009,0.01908644111487581,Negligible,0.9960837204278307,0.6475,0.14,0.06130997761384227,867.3497650742122,2.0,Moderate
90020,Los Angeles County,34.20000000000002,-118.26000000000008,0.01908435759052275,Negligible,0.9978877641681951,0.5975,0.15999999999999992,0.0,5787.449067549082,2.0,Moderate
92236,Riverside County,33.73000000000001,-116.0,0.01907077687646387,Negligible,0.994084852685533,0.2625,0.12000000000000002,0.052273121919533164,875.9483971629619,2.0,Moderate
93618,Fresno County,36.76,-119.65999999999995,0.019063741926445395,Negligible,0.998678333351731,0.35750000000000004,0.18,0.12449489040568427,742.5919284212965,0.0,Negligible
93611,Fresno County,36.76,-119.65999999999995,0.019015483328860765,Negligible,0.9972970230868782,0.23750000000000002,0.17,0.06394381225806613,949.1159205344434,0.0,Negligible
93030,Ventura County,34.36000000000001,-119.13000000000008,0.018984830525363195,Negligible,0.9967210318207279,0.20750000000000002,0.14999999999999997,0.1195380131492259,944.3945005257685,2.0,Moderate
94538,Contra Costa County,37.919999999999995,-121.94999999999996,0.01895768974470445,Negligible,0.9987660801192334,0.1575,0.18,0.22918083555432542,858.9082416672181,-1.0,Outlier
93234,Kern County,35.35000000000001,-118.73000000000002,0.018938096279173033,Negligible,0.9939673523792689,0.14,0.1,0.15469231481462611,818.7545769581149,0.0,Negligible
90010,0,0.0,0.0,0.018932651015925096,Negligible,0.997807805499533,0.385,0.16999999999999998,0.0,830.0,0.0,0
95045,Santa Clara County,37.22000000000002,-121.69000000000004,0.018928681295591707,Negligible,0.9749558663507213,1.1525,-0.1499999999999999,0.10284878467345213,1532.94796396811,-1.0,Outlier
93673,Fresno County,36.76,-119.65999999999995,0.01892553405852891,Negligible,0.9938480087362639,0.17250000000000001,0.12,0.0,674.9735088650774,0.0,Negligible
91724,Los Angeles County,34.20000000000002,-118.26000000000008,0.018917455886882054,Negligible,0.9895432835287523,0.7575000000000001,0.08000000000000007,0.16608640274015826,1161.2698219459114,2.0,Moderate
95826,Sacramento County,38.45000000000002,-121.34000000000005,0.018913268338432165,Negligible,0.9987536819148957,0.23000000000000004,0.18000000000000002,0.15712404737455196,849.8103155585582,1.0,Low
95746,Sacramento County,38.45000000000002,-121.34000000000005,0.018897317548092582,Negligible,0.9896274975944273,1.2625,0.050000000000000044,0.14538422506441837,1725.028801523989,-1.0,Outlier
95376,Santa Clara County,37.22000000000002,-121.69000000000004,0.01881580500917776,Negligible,0.9958818247259357,0.2825,0.12,0.15982241247073065,947.8748455619696,1.0,Low
95820,Sacramento County,38.45000000000002,-121.34000000000005,0.01879551136568329,Negligible,0.9974979827500098,0.225,0.14,0.4852866859701658,771.9232493378182,1.0,Low
94506,Contra Costa County,37.919999999999995,-121.94999999999996,0.018768635672961397,Negligible,0.9979487043402123,0.8875,0.16000000000000003,0.08328766665513394,1986.4841607352605,1.0,Low
93307,Kern County,35.35000000000001,-118.73000000000002,0.018759688201642172,Negligible,0.9989594582334151,0.1975,0.18,0.24623440692467782,771.7959671612803,0.0,Negligible
93241,Kern County,35.35000000000001,-118.73000000000002,0.018755827416657017,Negligible,0.993445312253643,0.1325,0.1,0.9856515652266196,698.3492049618662,0.0,Negligible
95401,Sonoma County,38.52999999999998,-122.92999999999998,0.01873443283174097,Negligible,0.9968069989596107,0.27749999999999997,0.16,0.1438773453827446,923.0900949996453,1.0,Low
90042,Los Angeles County,34.20000000000002,-118.26000000000008,0.018723736007725728,Negligible,0.9934055716932035,0.685,0.14,0.14247435214338386,950.941538812247,2.0,Moderate
95695,Sacramento County,38.45000000000002,-121.34000000000005,0.01868232390619376,Negligible,0.9992943397855059,0.305,0.18000000000000002,0.1492138168687237,852.281203016116,1.0,Low
95330,Santa Clara County,37.22000000000002,-121.69000000000004,0.018654479743508045,Negligible,0.9989992848421233,0.2025,0.14999999999999997,0.18860635737186082,859.9376539926434,1.0,Low
92591,Riverside County,33.73000000000001,-116.0,0.018593492263021084,Negligible,0.9950761274367421,0.54,0.14,0.08358638139735987,1181.949367514017,2.0,Moderate
95356,Santa Clara County,37.22000000000002,-121.69000000000004,0.01859143263849611,Negligible,0.993605638636242,0.2375,0.10999999999999999,0.11034866090747526,1025.9125074789545,1.0,Low
95437,Sonoma County,38.52999999999998,-122.92999999999998,0.018558431363858617,Negligible,0.9892291894861266,1.2475,0.020000000000000018,0.2303671064856364,1076.885518806002,1.0,Low
95122,Santa Clara County,37.22000000000002,-121.69000000000004,0.018404402156943445,Negligible,0.996159731603237,0.1675,0.15,0.33884240639003943,771.927865063839,1.0,Low
93313,Kern County,35.35000000000001,-118.73000000000002,0.018395665826433295,Negligible,0.9994836395653273,0.20750000000000002,0.18,0.08131923639406152,797.7092645202481,0.0,Negligible
93562,Santa Barbara County,34.539999999999985,-120.03999999999998,0.018232663446978634,Negligible,0.9956052134856226,0.63,0.12,0.11965879067989268,772.1186004287158,2.0,Moderate
92008,San Diego County,33.01999999999999,-116.78000000000009,0.0182236630305264,Negligible,0.9970296123529264,0.6575,0.16000000000000003,0.022211326741940984,1306.2066011288948,2.0,Moderate
94123,San Francisco County,37.73000000000001,-123.03000000000009,0.01820471718179372,Negligible,0.9983990241682816,0.6425,0.17000000000000004,0.0013544474495118524,4422.900044114818,-1.0,Outlier
92227,Riverside County,33.73000000000001,-116.0,0.01816177119186503,Negligible,0.9799742269205178,0.5700000000000001,-0.10999999999999999,0.2446465260236529,907.8435799029321,0.0,Negligible
92673,Orange County,33.67999999999998,-117.78000000000009,0.018160022914877384,Negligible,0.9983917363637351,0.7575000000000001,0.17000000000000004,0.11163915939514217,1814.1011332033806,2.0,Moderate
92324,San Bernardino County,34.86,-116.17999999999998,0.01808526857821923,Negligible,0.9948372091982871,0.5025,0.11999999999999994,0.059750407748917066,965.4969843340132,2.0,Moderate
95357,Santa Clara County,37.22000000000002,-121.69000000000004,0.018073996977657516,Negligible,0.995459694602884,0.2025,0.11000000000000001,0.14592230255976127,888.173293728727,1.0,Low
93245,Kern County,35.35000000000001,-118.73000000000002,0.0180594812888779,Negligible,0.9959757696738492,0.2425,0.11000000000000001,0.2775032039292764,808.7702691850162,0.0,Negligible
92637,Orange County,33.67999999999998,-117.78000000000009,0.017994510546965714,Negligible,0.9953501414503347,0.33,0.12,0.0,748.2507525013496,-1.0,Outlier
95333,Santa Clara County,37.22000000000002,-121.69000000000004,0.01791909004632045,Negligible,0.9948610634910716,0.25,0.1,0.0,804.7145057231139,1.0,Low
92571,Riverside County,33.73000000000001,-116.0,0.017915769507007535,Negligible,0.995450291527979,0.2725,0.12000000000000002,0.10940356406822424,977.5582929358004,2.0,Moderate
92056,San Diego County,33.01999999999999,-116.78000000000009,0.01790142998995303,Negligible,0.9979773850666359,0.5475,0.16000000000000003,0.0974456297602247,1055.41110578372,2.0,Moderate
93710,Fresno County,36.76,-119.65999999999995,0.017897292734325748,Negligible,0.9988503845475554,0.2125,0.13999999999999999,0.2081632389722985,832.2502047296373,0.0,Negligible
93606,Fresno County,36.76,-119.65999999999995,0.01782579802560865,Negligible,0.9940505782991074,0.05500000000000001,0.08,0.0,828.6109178603219,0.0,Negligible
95404,Sonoma County,38.52999999999998,-122.92999999999998,0.017816680759893472,Negligible,0.9748651483107991,1.2975,-0.07000000000000006,1.7037088943050378,1312.7647752273213,1.0,Low
93720,Fresno County,36.76,-119.65999999999995,0.01781360686616835,Negligible,0.9974680994521627,0.2925,0.16000000000000003,0.05507846731348497,1048.3620301838014,0.0,Negligible
95817,Sacramento County,38.45000000000002,-121.34000000000005,0.01780636834689328,Negligible,0.9988752705904745,0.23,0.17,0.04884371251288729,797.64828604638,1.0,Low
93552,Santa Barbara County,34.539999999999985,-120.03999999999998,0.017804914362813888,Negligible,0.9925631493958883,0.28250000000000003,0.06,0.12762692038245052,1002.7396419481386,2.0,Moderate
91750,Los Angeles County,34.20000000000002,-118.26000000000008,0.017776253857506905,Negligible,0.9947405774908255,0.7725,0.14,0.0888143162860121,1201.5363331927947,2.0,Moderate
94005,San Francisco County,37.73000000000001,-123.03000000000009,0.017710727178246243,Negligible,0.9876071251697575,1.125,0.010000000000000009,0.06412960047290091,1208.132475926789,1.0,Low
90602,Los Angeles County,34.20000000000002,-118.26000000000008,0.017681651103004667,Negligible,0.9850624451234744,0.7775,0.07000000000000006,0.06713138115897638,1024.051603188357,2.0,Moderate
92860,Orange County,33.67999999999998,-117.78000000000009,0.017590450429157124,Negligible,0.9965257162576052,0.685,0.15000000000000002,0.11012792898211977,1330.9928327294078,2.0,Moderate
93277,Kern County,35.35000000000001,-118.73000000000002,0.017590285803900724,Negligible,0.9980439254823572,0.44,0.15000000000000002,0.15515214163503083,849.7981333142508,0.0,Negligible
93705,Fresno County,36.76,-119.65999999999995,0.01750278766205896,Negligible,0.9972079059575,0.1475,0.15,0.2582854777887361,772.6105766523804,0.0,Negligible
92127,San Diego County,33.01999999999999,-116.78000000000009,0.01748344822340804,Negligible,0.999320213686278,0.85,0.16999999999999993,0.0065727619966692834,1620.5268988105797,2.0,Moderate
91737,Los Angeles County,34.20000000000002,-118.26000000000008,0.017388496245829953,Negligible,0.9980489538031936,0.5425,0.16000000000000003,0.027389619325152655,1570.6428954164219,2.0,Moderate
95747,Sacramento County,38.45000000000002,-121.34000000000005,0.01737047174751378,Negligible,0.9981991696423724,0.26,0.15999999999999998,0.07268109809049364,926.9748594043269,1.0,Low
95135,Santa Clara County,37.22000000000002,-121.69000000000004,0.01736878572721837,Negligible,0.9966882811869809,0.44,0.15000000000000002,0.06110215784597016,1249.279028951476,1.0,Low
95425,Sonoma County,38.52999999999998,-122.92999999999998,0.01735264904807164,Negligible,0.9950854356492209,1.29,0.050000000000000044,0.14495630033145648,1168.7703476844365,1.0,Low
91302,Los Angeles County,34.20000000000002,-118.26000000000008,0.017339640424529693,Negligible,0.9683982631426512,1.3475000000000001,-0.07999999999999985,0.6388404077276512,3443.7331359752834,2.0,Moderate
95864,Sacramento County,38.45000000000002,-121.34000000000005,0.01722778529242556,Negligible,0.9971909856764248,0.33999999999999997,0.15000000000000002,0.13113465152402312,1290.97327239489,1.0,Low
92260,Riverside County,33.73000000000001,-116.0,0.01719309386127695,Negligible,0.9983137494521314,0.55,0.16000000000000003,0.04587610199440514,1797.2344424762493,2.0,Moderate
93110,Ventura County,34.36000000000001,-119.13000000000008,0.017177760496133107,Negligible,0.9937472224991746,1.0350000000000001,0.08000000000000007,0.023256450739934494,2194.7377929707322,2.0,Moderate
95660,Sacramento County,38.45000000000002,-121.34000000000005,0.017142833607164277,Negligible,0.9970838604533516,0.1875,0.15000000000000002,0.42066284312359287,748.7467358161858,1.0,Low
95131,Santa Clara County,37.22000000000002,-121.69000000000004,0.017123231511247082,Negligible,0.9984819844598525,0.16,0.16,0.08392701607447317,850.1325802798102,1.0,Low
93203,Kern County,35.35000000000001,-118.73000000000002,0.01709306865720504,Negligible,0.9985961366608563,0.11750000000000001,0.16,0.1914660749891481,736.5742092276324,0.0,Negligible
94024,San Francisco County,37.73000000000001,-123.03000000000009,0.01700389678013874,Negligible,0.9985817427504584,0.7275,0.15999999999999992,0.029986582729817,1737.3563347550935,1.0,Low
93703,Fresno County,36.76,-119.65999999999995,0.016977369176686387,Negligible,0.9972788688501266,0.15,0.15,0.40198567311271083,765.3362964325605,0.0,Negligible
91040,Los Angeles County,34.20000000000002,-118.26000000000008,0.016917919456739112,Negligible,0.9957765313711545,0.915,0.10999999999999999,0.03767311677386076,1234.1038368919699,2.0,Moderate
95382,Santa Clara County,37.22000000000002,-121.69000000000004,0.016865533411541234,Negligible,0.9981450266253177,0.225,0.13999999999999999,0.0954477773670848,873.3540328739498,1.0,Low
92585,Riverside County,33.73000000000001,-116.0,0.016849240441033614,Negligible,0.9945689487689274,0.41,0.13,0.05816113270616148,963.5454510346885,2.0,Moderate
93454,San Luis Obispo County,35.38999999999999,-120.44999999999992,0.016816644971320984,Negligible,0.9988958132159437,0.47750000000000004,0.15999999999999998,0.051067723743166475,733.0436656475255,2.0,Moderate
92123,San Diego County,33.01999999999999,-116.78000000000009,0.01679762034004033,Negligible,0.9961007034509165,0.74,0.14,0.018882116295110312,884.8218530499306,2.0,Moderate
95776,Sacramento County,38.45000000000002,-121.34000000000005,0.01674793905113615,Negligible,0.998968244336589,0.2475,0.16000000000000003,0.059888826979481266,745.6237777055283,1.0,Low
95627,Sacramento County,38.45000000000002,-121.34000000000005,0.01673430723585571,Negligible,0.994044740273864,0.35,-0.030000000000000027,0.13720048254910963,876.3579978041748,1.0,Low
95301,Santa Clara County,37.22000000000002,-121.69000000000004,0.016732437130094896,Negligible,0.9980643977155401,0.22000000000000003,0.13999999999999999,0.09490108600772777,823.0189569879456,1.0,Low
93612,Fresno County,36.76,-119.65999999999995,0.016730332353297,Negligible,0.9983580020712701,0.2,0.14999999999999997,0.1721940336245404,793.977487957895,0.0,Negligible
95368,Santa Clara County,37.22000000000002,-121.69000000000004,0.016704962613709594,Negligible,0.9982669540378315,0.21000000000000002,0.15,0.13660926669965925,846.813036520135,1.0,Low
95705,0,0.0,0.0,0.016641388219794096,Negligible,0.9877759490104613,1.99,0.0,0.0,939.612676056338,0.0,0
94546,Contra Costa County,37.919999999999995,-121.94999999999996,0.016612301968654743,Negligible,0.9978140105129449,0.6025,0.15000000000000002,0.11140404889365085,1084.468908133646,1.0,Low
92011,San Diego County,33.01999999999999,-116.78000000000009,0.016546298802537916,Negligible,0.9965943078235354,0.8575,0.1399999999999999,0.003020889200257335,1484.8244011308705,2.0,Moderate
91360,Los Angeles County,34.20000000000002,-118.26000000000008,0.01652325017014153,Negligible,0.9938824040393835,0.7275,0.12,0.15995016094171877,1141.2797934059001,2.0,Moderate
92586,Riverside County,33.73000000000001,-116.0,0.01651403652103149,Negligible,0.9979165202903518,0.335,0.14999999999999997,0.13211151153471995,808.6478151773816,2.0,Moderate
95673,Sacramento County,38.45000000000002,-121.34000000000005,0.016512734932491394,Negligible,0.9981016812713313,0.2475,0.14999999999999997,0.22235488829345276,850.8610457315871,1.0,Low
93015,Ventura County,34.36000000000001,-119.13000000000008,0.016335896308373773,Negligible,0.9968308791001046,0.435,0.12,0.0385722545264241,891.0711403617097,2.0,Moderate
92675,Orange County,33.67999999999998,-117.78000000000009,0.016305741891366996,Negligible,0.9900162408758286,0.8200000000000001,0.08999999999999997,0.25207515364560573,2055.771175479391,2.0,Moderate
94568,Contra Costa County,37.919999999999995,-121.94999999999996,0.016290755667349315,Negligible,0.9981882874051684,0.455,0.15000000000000002,0.010952039922311176,1081.4654125921343,1.0,Low
95215,Alameda County,37.64999999999999,-121.90999999999995,0.016280061922690537,Negligible,0.9958509677307636,0.2525,0.11000000000000001,0.0824831341880414,919.4861348795606,-1.0,Outlier
92336,San Bernardino County,34.86,-116.17999999999998,0.016264984778195792,Negligible,0.9977166303002939,0.3125,0.13,0.0516800271236145,1014.7112050377908,2.0,Moderate
91719,Los Angeles County,34.20000000000002,-118.26000000000008,0.016264539721361188,Negligible,0.9928464296296506,0.0075,-0.03,0.0,1194.4673602856462,0.0,Negligible
93239,Kern County,35.35000000000001,-118.73000000000002,0.016250566698187544,Negligible,0.9943631382588245,0.2375,0.12000000000000002,0.0,688.3363009886526,0.0,Negligible
93727,Fresno County,36.76,-119.65999999999995,0.016230124352749592,Negligible,0.9979347208792348,0.1875,0.14,0.14012664996686647,806.8957175852897,0.0,Negligible
92509,Riverside County,33.73000000000001,-116.0,0.01618305881473212,Negligible,0.9942043471554105,0.49250000000000005,0.12000000000000005,0.15178178070124532,968.0920430697482,2.0,Moderate
94597,Contra Costa County,37.919999999999995,-121.94999999999996,0.01615554144904363,Negligible,0.9730653945268939,0.975,-0.31999999999999995,0.4510702896714425,1248.4782932321261,1.0,Low
94539,Contra Costa County,37.919999999999995,-121.94999999999996,0.016151532012123878,Negligible,0.9957487991941024,0.2875,0.12,0.02985936878127187,1223.606990869206,1.0,Low
91001,Los Angeles County,34.20000000000002,-118.26000000000008,0.016147516038515608,Negligible,0.9942497382452425,0.87,0.12,0.11393723284167659,1286.6399758060925,2.0,Moderate
92128,San Diego County,33.01999999999999,-116.78000000000009,0.016136647782387076,Negligible,0.9971009916556578,0.8875,0.14,0.07057799964090583,1271.2303752700195,2.0,Moderate
92126,San Diego County,33.01999999999999,-116.78000000000009,0.016099864859105886,Negligible,0.9971502571156384,0.655,0.14,0.10579335722351785,949.2979988445899,2.0,Moderate
93702,Fresno County,36.76,-119.65999999999995,0.016081991392555745,Negligible,0.9985236870410753,0.1175,0.15,0.3487200828634598,779.2865779618097,0.0,Negligible
94541,Contra Costa County,37.919999999999995,-121.94999999999996,0.0159842881355394,Negligible,0.9972846142607481,0.6125,0.09999999999999998,0.0818466857804585,1056.7766273225593,1.0,Low
92407,San Bernardino County,34.86,-116.17999999999998,0.01594598581462425,Negligible,0.9847736482265999,0.86,-0.13,0.21536942333026218,957.0128827338526,2.0,Moderate
95835,Sacramento County,38.45000000000002,-121.34000000000005,0.01593070455894307,Negligible,0.9978625977915266,0.21,0.11999999999999997,0.12614479206031542,976.8431220017834,1.0,Low
95472,Sonoma County,38.52999999999998,-122.92999999999998,0.01587309966922357,Negligible,0.9937695348921917,0.975,0.09000000000000008,0.146380836789794,1300.7329155450084,1.0,Low
92057,San Diego County,33.01999999999999,-116.78000000000009,0.015845156725685206,Negligible,0.9972450917552383,0.4575,0.12000000000000005,0.0419741654196981,1102.514551757447,2.0,Moderate
93060,Ventura County,34.36000000000001,-119.13000000000008,0.01582756916772995,Negligible,0.9988417911586254,0.6325000000000001,0.15000000000000002,0.05493819649032035,843.15074952979,2.0,Moderate
95405,Sonoma County,38.52999999999998,-122.92999999999998,0.0157846146670196,Negligible,0.9951721872727088,0.77,0.09999999999999998,0.05998306579253139,1046.3048830868834,1.0,Low
91977,San Diego County,33.01999999999999,-116.78000000000009,0.015773912638659324,Negligible,0.9938784595052726,0.545,0.10999999999999999,0.09869135770909532,986.3934144491743,2.0,Moderate
95621,Sacramento County,38.45000000000002,-121.34000000000005,0.015747260332856377,Negligible,0.9974094302224238,0.245,0.12,0.33988061165910577,824.3992156733195,1.0,Low
95610,Sacramento County,38.45000000000002,-121.34000000000005,0.015730939430659487,Negligible,0.9976930327674607,0.2425,0.14,0.13267483046494974,912.9768713047947,1.0,Low
94510,Contra Costa County,37.919999999999995,-121.94999999999996,0.01566193012494174,Negligible,0.9964651675351346,0.635,0.13,0.059536878657862294,1184.3844904954497,1.0,Low
95304,Santa Clara County,37.22000000000002,-121.69000000000004,0.015428606274997567,Negligible,0.997468022569787,0.33999999999999997,0.10999999999999999,0.045148416132390574,1310.4729274391643,-1.0,Outlier
93033,Ventura County,34.36000000000001,-119.13000000000008,0.015428400986272335,Negligible,0.9994029748498917,0.15,0.15000000000000002,0.13549469212488408,795.9561583371611,2.0,Moderate
93291,Kern County,35.35000000000001,-118.73000000000002,0.0154066799460077,Negligible,0.9994843951894036,0.36,0.15000000000000002,0.12703463687107308,826.1064412621731,0.0,Negligible
95355,Santa Clara County,37.22000000000002,-121.69000000000004,0.015398084908404351,Negligible,0.9981775001133933,0.21,0.12999999999999998,0.2412996089417518,874.1544717268166,1.0,Low
95531,Humboldt County,40.710000000000015,-123.92999999999996,0.015335210088156689,Negligible,0.981585581014493,1.225,-0.050000000000000044,0.18100290868786706,948.9747340126638,-1.0,Outlier
92668,Orange County,33.67999999999998,-117.78000000000009,0.01529818310755892,Negligible,0.9824621041887347,0.0,0.0,0.0,881.0,0.0,Negligible
95678,Sacramento County,38.45000000000002,-121.34000000000005,0.015251839657053168,Negligible,0.9959691507946467,0.275,0.10000000000000003,0.1317920590946896,892.5684728971478,1.0,Low
93266,Kern County,35.35000000000001,-118.73000000000002,0.015249140726004405,Negligible,0.9897571499133058,0.2025,0.010000000000000009,0.9948889907906301,714.2229000716436,0.0,Negligible
92318,San Bernardino County,34.86,-116.17999999999998,0.01512158530815088,Negligible,0.9944334458935392,0.5549999999999999,0.11000000000000004,0.0,764.7068466035145,2.0,Moderate
94903,Marin County,38.049999999999976,-122.75,0.015115486160588162,Negligible,0.9970566807063331,0.8525,0.13,0.005733986135280696,1324.7320492178633,1.0,Low
93065,Ventura County,34.36000000000001,-119.13000000000008,0.015020040804208865,Negligible,0.9985702854295768,0.7275,0.1399999999999999,0.07205820585318137,1246.3359785351938,2.0,Moderate
94952,Marin County,38.049999999999976,-122.75,0.014907008629141499,Negligible,0.9957471128769689,0.665,0.10999999999999999,0.09441184621621278,1177.635639583782,1.0,Low
95322,Santa Clara County,37.22000000000002,-121.69000000000004,0.014835645070781504,Negligible,0.9943163589282965,0.28,0.07,0.24611899048133104,810.8305036109806,1.0,Low
95833,Sacramento County,38.45000000000002,-121.34000000000005,0.014835075096838962,Negligible,0.9984232349962335,0.2,0.12000000000000002,0.20318664440196918,845.0142039945451,1.0,Low
95037,Santa Clara County,37.22000000000002,-121.69000000000004,0.014664737893363826,Negligible,0.9979128229554066,0.7225,0.13,0.10898985482478955,1375.565297756721,1.0,Low
91436,Los Angeles County,34.20000000000002,-118.26000000000008,0.014662394462055122,Negligible,0.9955031943901026,1.01,0.1100000000000001,0.005853807662473391,3090.6733592910514,2.0,Moderate
95842,Sacramento County,38.45000000000002,-121.34000000000005,0.014643738445044433,Negligible,0.9984344106541982,0.2075,0.12999999999999998,0.17423406090970456,767.9582427946559,1.0,Low
91791,Los Angeles County,34.20000000000002,-118.26000000000008,0.014634966898870849,Negligible,0.9938702866408968,0.97,-0.040000000000000036,0.15842087309512015,1185.641169602883,2.0,Moderate
95358,Santa Clara County,37.22000000000002,-121.69000000000004,0.014374486002886351,Negligible,0.9981968210880272,0.19,0.13,0.23723163351736448,811.3900968678862,1.0,Low
95407,Sonoma County,38.52999999999998,-122.92999999999998,0.014350978726858846,Negligible,0.9953378696341187,0.3275,0.04999999999999999,0.16262919952486046,900.7841346907337,1.0,Low
95116,Santa Clara County,37.22000000000002,-121.69000000000004,0.01430344609759165,Negligible,0.9982286511177585,0.18,0.13,0.19984779434461195,800.5270886921152,1.0,Low
93504,Santa Barbara County,34.539999999999985,-120.03999999999998,0.014209449976199766,Negligible,0.9977627996941434,0.0275,0.11,0.0,864.125,0.0,Negligible
92563,Riverside County,33.73000000000001,-116.0,0.014081336963029125,Negligible,0.9986557097761176,0.61,0.13,0.05438428075245799,1185.0003488588136,2.0,Moderate
93422,San Luis Obispo County,35.38999999999999,-120.44999999999992,0.014052343139947004,Negligible,0.980653984900764,1.55,-0.13000000000000012,0.11701130650636034,1010.8279813042557,2.0,Moderate
93560,Santa Barbara County,34.539999999999985,-120.03999999999998,0.014042347058380217,Negligible,0.9985389757286336,0.6100000000000001,0.13,0.08358251287147772,830.4936475079476,2.0,Moderate
93631,Fresno County,36.76,-119.65999999999995,0.01392213521544441,Negligible,0.9942562585565254,0.43,0.06,0.018198611263528834,880.1638497748783,0.0,Negligible
95822,Sacramento County,38.45000000000002,-121.34000000000005,0.013841664053844464,Negligible,0.9934633574496764,0.25,0.07999999999999999,0.30920437807948825,849.923836310704,1.0,Low
95350,Santa Clara County,37.22000000000002,-121.69000000000004,0.013790848492081394,Negligible,0.999052970333485,0.225,0.12999999999999998,0.20099206584154494,802.5589123565022,1.0,Low
95630,Sacramento County,38.45000000000002,-121.34000000000005,0.013619667020592228,Negligible,0.9964210419633117,0.535,0.08999999999999997,0.0803020576870504,1052.2046330219289,1.0,Low
93250,Kern County,35.35000000000001,-118.73000000000002,0.013548885118198671,Negligible,0.9970042511124791,0.2525,0.11000000000000001,0.14986218564552636,705.085333359093,0.0,Negligible
93722,Fresno County,36.76,-119.65999999999995,0.01350053716649157,Negligible,0.9983523242128135,0.16999999999999998,0.12,0.1733873400118779,862.7370484707121,0.0,Negligible
90031,Los Angeles County,34.20000000000002,-118.26000000000008,0.01348273144357055,Negligible,0.9869349633656237,0.955,-0.039999999999999925,0.1255402854210573,932.1737095575198,2.0,Moderate
94002,San Francisco County,37.73000000000001,-123.03000000000009,0.013474248125919325,Negligible,0.9699079030997069,1.285,-0.18999999999999995,0.12610743740177832,1273.367393914199,1.0,Low
93286,Kern County,35.35000000000001,-118.73000000000002,0.013472529051957973,Negligible,0.9939897415036505,0.865,0.06000000000000005,0.1609052867147848,772.8090312006669,0.0,Negligible
92346,San Bernardino County,34.86,-116.17999999999998,0.013450309104665058,Negligible,0.9981489084153277,0.6775,0.12,0.09458058108397116,1167.8442570619343,2.0,Moderate
90631,Los Angeles County,34.20000000000002,-118.26000000000008,0.0134054583609409,Negligible,0.9980238178192546,0.75,0.1200000000000001,0.057046358559872654,1049.0402077428203,2.0,Moderate
92880,Orange County,33.67999999999998,-117.78000000000009,0.013391011132348647,Negligible,0.9980995464990896,0.245,0.12,0.03662409460483012,1180.5352032351348,-1.0,Outlier
95206,Alameda County,37.64999999999999,-121.90999999999995,0.013279226653963814,Negligible,0.9983777842673663,0.195,0.1,0.19582819674806307,863.3150465432818,-1.0,Outlier
93536,Santa Barbara County,34.539999999999985,-120.03999999999998,0.013250046872686973,Negligible,0.9982579241893282,0.4675,0.12000000000000005,0.1240785954981827,1217.954520144599,2.0,Moderate
94030,San Francisco County,37.73000000000001,-123.03000000000009,0.013067666245190944,Negligible,0.9971216086467002,0.675,0.10999999999999999,0.05826178008341767,1207.2843425595452,1.0,Low
92117,San Diego County,33.01999999999999,-116.78000000000009,0.013030351525600866,Negligible,0.9971370401633098,0.8300000000000001,0.10999999999999999,0.04968572187302845,977.56586005572,2.0,Moderate
95307,Santa Clara County,37.22000000000002,-121.69000000000004,0.012971402378436098,Negligible,0.9988553729451757,0.16749999999999998,0.12,0.12734707308699944,842.0438443756944,1.0,Low
93551,Santa Barbara County,34.539999999999985,-120.03999999999998,0.012963230335228858,Negligible,0.9986764921198639,0.535,0.12,0.07058663304443409,1399.681196529451,2.0,Moderate
95360,Santa Clara County,37.22000000000002,-121.69000000000004,0.012961085563482803,Negligible,0.9986831206184795,0.1975,0.12000000000000002,0.05519780483738399,794.7806487354152,1.0,Low
95838,Sacramento County,38.45000000000002,-121.34000000000005,0.012922301073882717,Negligible,0.9982989841235343,0.20500000000000002,0.10000000000000003,0.24950335600067403,757.1154381205951,1.0,Low
95758,Sacramento County,38.45000000000002,-121.34000000000005,0.012896213034724267,Negligible,0.9975177872254366,0.1975,0.11000000000000001,0.13509577419475616,927.4358009761204,1.0,Low
95624,Sacramento County,38.45000000000002,-121.34000000000005,0.012888690953297016,Negligible,0.9942974513419416,0.2225,0.08000000000000002,0.0957053457057439,1003.8820995271775,1.0,Low
95380,Santa Clara County,37.22000000000002,-121.69000000000004,0.012855750886113274,Negligible,0.9972473985279162,0.215,0.10000000000000003,0.2638600348589558,756.3044660853536,1.0,Low
91789,Los Angeles County,34.20000000000002,-118.26000000000008,0.012844432927813747,Negligible,0.9974391040496157,0.7250000000000001,0.10999999999999999,0.10998846820486972,1344.735229217291,2.0,Moderate
95334,Santa Clara County,37.22000000000002,-121.69000000000004,0.012714911332007204,Negligible,0.9980109465886012,0.15,0.09999999999999999,0.023526758564622732,759.731224092333,1.0,Low
94571,Contra Costa County,37.919999999999995,-121.94999999999996,0.012694104612793716,Negligible,0.999055366319336,0.26,0.12,0.12238563494034053,806.3486512314485,-1.0,Outlier
94720,Alameda County,37.64999999999999,-121.90999999999995,0.012673166567422242,Negligible,0.9913996283133821,2.0,0.0,0.0,1657.75,-1.0,Outlier
95367,Santa Clara County,37.22000000000002,-121.69000000000004,0.012649497180820691,Negligible,0.9984920452778488,0.195,0.11000000000000001,0.1567112708806775,835.6972495847989,1.0,Low
94947,Marin County,38.049999999999976,-122.75,0.012639419245522997,Negligible,0.9955432438441001,0.9575,0.05999999999999994,0.1220646987518354,1276.2122570277127,1.0,Low
93223,Kern County,35.35000000000001,-118.73000000000002,0.012624272103663141,Negligible,0.996741371388202,0.25,0.1,0.04676596485204084,747.1850193568745,0.0,Negligible
92823,Orange County,33.67999999999998,-117.78000000000009,0.012553006144732676,Negligible,0.9793963279571936,0.77,-0.08999999999999997,0.008416930492586927,1280.5840329172706,2.0,Moderate
92124,San Diego County,33.01999999999999,-116.78000000000009,0.012463580728134215,Negligible,0.9668164194645186,1.4075,-0.3699999999999999,0.04071026764021529,1256.5374872109824,2.0,Moderate
92320,San Bernardino County,34.86,-116.17999999999998,0.0124014059925068,Negligible,0.9942106969733459,1.2850000000000001,0.06000000000000005,0.04643253268633921,931.8298341842873,2.0,Moderate
93608,Fresno County,36.76,-119.65999999999995,0.012394169654637436,Negligible,0.9938253770296235,0.0975,0.07999999999999999,0.0,775.7763012083162,0.0,Negligible
95661,Sacramento County,38.45000000000002,-121.34000000000005,0.012390627245593037,Negligible,0.9941129855641242,0.39249999999999996,0.08000000000000002,0.07850867035456567,1004.8495598721788,1.0,Low
94598,Contra Costa County,37.919999999999995,-121.94999999999996,0.012357248447903917,Negligible,0.9969750068472251,0.6775,0.09999999999999998,0.1384052733276814,1420.6493492755085,-1.0,Outlier
95815,Sacramento County,38.45000000000002,-121.34000000000005,0.01231926864325649,Negligible,0.9982918236637296,0.215,0.10999999999999999,0.2899244007087554,771.7042834943338,1.0,Low
96068,Lassen County,40.72000000000002,-120.63000000000008,0.012253495063188556,Negligible,0.9920007003564723,2.0,0.0,0.0,1764.375,-1.0,Outlier
95351,Santa Clara County,37.22000000000002,-121.69000000000004,0.012213266091267064,Negligible,0.9973640795834643,0.16,0.1,0.26911972971382625,760.1023387960571,1.0,Low
94070,San Francisco County,37.73000000000001,-123.03000000000009,0.012212108860859385,Negligible,0.986704295984824,0.865,0.020000000000000018,0.1752368028383409,1316.7899015784833,1.0,Low
92377,San Bernardino County,34.86,-116.17999999999998,0.012207480756995001,Negligible,0.9941964253021192,0.385,0.08000000000000002,0.08984522446289625,1164.8919557175736,2.0,Moderate
91941,San Diego County,33.01999999999999,-116.78000000000009,0.012195031745937536,Negligible,0.9938899137096601,0.9,0.04999999999999993,0.0244290058106151,1292.8073952321065,2.0,Moderate
92301,San Bernardino County,34.86,-116.17999999999998,0.012189522393549769,Negligible,0.998470543144368,0.4425,0.10999999999999999,0.13975019442971232,842.5835073833058,2.0,Moderate
93444,San Luis Obispo County,35.38999999999999,-120.44999999999992,0.012074009015598129,Negligible,0.9970758385362987,0.81,0.09999999999999998,0.0640456706260347,905.6181231469051,2.0,Moderate
91709,Los Angeles County,34.20000000000002,-118.26000000000008,0.01199679897896712,Negligible,0.9978955728020161,0.7075,0.08999999999999997,0.11161907931375646,1234.9324100567846,2.0,Moderate
91010,Los Angeles County,34.20000000000002,-118.26000000000008,0.011972185935944374,Negligible,0.9950594589900982,0.5075000000000001,0.050000000000000044,0.1169224617683436,941.2915489241285,2.0,Moderate
92886,Orange County,33.67999999999998,-117.78000000000009,0.011967671784029126,Negligible,0.9987258242639659,0.6599999999999999,0.10999999999999999,0.07531503016533354,1456.53129675659,2.0,Moderate
94583,Contra Costa County,37.919999999999995,-121.94999999999996,0.011964745067897386,Negligible,0.9987522933428266,0.685,0.10999999999999999,0.06181485106180803,1316.3997419653674,1.0,Low
95605,Sacramento County,38.45000000000002,-121.34000000000005,0.01191842772231992,Negligible,0.9968283006953582,0.22499999999999998,0.08999999999999997,0.2566717134364422,791.4094183504973,1.0,Low
92399,San Bernardino County,34.86,-116.17999999999998,0.011911990441451378,Negligible,0.995982811462283,1.1225,0.05999999999999983,0.12377436882183061,1191.22943867272,2.0,Moderate
92340,0,0.0,0.0,0.011899022269571916,Negligible,0.9897401954532578,2.0,0.0,0.0,1134.5,0.0,0
94547,Contra Costa County,37.919999999999995,-121.94999999999996,0.011826011676373411,Negligible,0.9946848872647898,0.5975,0.07999999999999996,0.08300381628172346,1105.6081243010283,1.0,Low
95315,Santa Clara County,37.22000000000002,-121.69000000000004,0.011773302054876368,Negligible,0.9966292324996662,0.14250000000000002,0.09000000000000001,0.19215850564846945,750.7976302064815,1.0,Low
94949,Marin County,38.049999999999976,-122.75,0.011711130106624563,Negligible,0.9970990781152519,0.9875,0.07000000000000006,0.0008000192237784241,1459.9945576627367,1.0,Low
92019,San Diego County,33.01999999999999,-116.78000000000009,0.011612506487394725,Negligible,0.9968105163734513,1.1825,0.08000000000000007,0.0946151357217177,1422.383257439015,2.0,Moderate
90017,Los Angeles County,34.20000000000002,-118.26000000000008,0.011512634928637643,Negligible,0.97136051799545,0.135,-0.13,0.9022304027717627,946.9901864850876,2.0,Moderate
95388,Santa Clara County,37.22000000000002,-121.69000000000004,0.011357005660211169,Negligible,0.9969359922647724,0.14750000000000002,0.09000000000000001,0.23945990051841398,684.440919446143,1.0,Low
96157,0,0.0,0.0,0.011340373138306879,Negligible,0.9931742102781621,3.0,0.0,0.0,1393.5,0.0,0
93635,Fresno County,36.76,-119.65999999999995,0.011315848187799208,Negligible,0.9995666539461839,0.22499999999999998,0.10999999999999999,0.06658272228940622,821.8442832353999,0.0,Negligible
93637,Fresno County,36.76,-119.65999999999995,0.01130050936421757,Negligible,0.9939243843667782,0.2275,0.03,0.053842471147260984,902.7568541713161,0.0,Negligible
91207,Los Angeles County,34.20000000000002,-118.26000000000008,0.011278463111920326,Negligible,0.9939676503745305,0.8625,0.07000000000000006,0.04868445585590485,1795.8934210700234,2.0,Moderate
91321,Los Angeles County,34.20000000000002,-118.26000000000008,0.011277294830020157,Negligible,0.997009234484448,0.9875,0.07000000000000006,0.021943244933664705,1497.2379137790904,2.0,Moderate
95551,Humboldt County,40.710000000000015,-123.92999999999996,0.011153086337470045,Negligible,0.9959461677207894,1.17,0.06000000000000005,0.12503385287772809,818.7401415823302,-1.0,Outlier
93215,Kern County,35.35000000000001,-118.73000000000002,0.01100988080338042,Negligible,0.9913868906872513,0.41,0.030000000000000027,0.24067436459849112,792.6552946449408,0.0,Negligible
90601,Los Angeles County,34.20000000000002,-118.26000000000008,0.010974424416322268,Negligible,0.9917272080534013,0.87,0.050000000000000044,0.09932817332806347,1118.623784554646,2.0,Moderate
92617,Orange County,33.67999999999998,-117.78000000000009,0.010968925532750909,Negligible,0.9930755738157792,0.4975,0.010000000000000009,0.12846507108689875,1224.0105294984696,2.0,Moderate
93927,Monterey County,36.24,-121.32000000000002,0.01096336523797873,Negligible,0.9975112698508539,0.3775,0.09000000000000002,0.02938444617978503,763.791486350373,1.0,Low
91741,Los Angeles County,34.20000000000002,-118.26000000000008,0.010736595706405203,Negligible,0.9975588930183176,0.8674999999999999,0.09000000000000008,0.03200208572377432,1321.1223981057997,2.0,Moderate
94925,Marin County,38.049999999999976,-122.75,0.010694557790047243,Negligible,0.9901603391358035,1.16,0.030000000000000027,0.01863921029628162,1561.5501323178478,1.0,Low
94108,San Francisco County,37.73000000000001,-123.03000000000009,0.010677066143780927,Negligible,0.9959797115979445,0.545,0.050000000000000044,0.0,3926.7599826424766,-1.0,Outlier
95537,Humboldt County,40.710000000000015,-123.92999999999996,0.01064689497557594,Negligible,0.9897011049339215,0.9275,-0.050000000000000044,0.03720167722815978,784.3676891628003,-1.0,Outlier
94552,Contra Costa County,37.919999999999995,-121.94999999999996,0.010637496843484782,Negligible,0.9921835005382708,1.51,-0.10000000000000009,0.05589145866359636,1499.2837883355267,1.0,Low
92231,Riverside County,33.73000000000001,-116.0,0.010531876489175165,Negligible,0.9912952410271842,0.35,-0.04999999999999999,0.15115365321845523,1003.0319957398804,0.0,Negligible
95834,Sacramento County,38.45000000000002,-121.34000000000005,0.010442953716088402,Negligible,0.9979857278157405,0.21250000000000002,0.08000000000000002,0.06157883206859233,802.3108062705389,1.0,Low
93204,Kern County,35.35000000000001,-118.73000000000002,0.01043940148451131,Negligible,0.9968550227642999,0.15000000000000002,0.08000000000000002,0.08725852369658306,734.1044428059557,0.0,Negligible
93505,Santa Barbara County,34.539999999999985,-120.03999999999998,0.01034111762428105,Negligible,0.9925544309864681,0.6875,0.04999999999999993,0.2843338938116664,822.337243920413,2.0,Moderate
95348,Santa Clara County,37.22000000000002,-121.69000000000004,0.010324399952154721,Negligible,0.9983595032050266,0.24,0.08999999999999997,0.23403482103643797,771.7816288941298,1.0,Low
95643,0,0.0,0.0,0.01031172386840014,Negligible,0.9893706381968814,3.0,0.0,0.0,656.4516129032259,0.0,0
94618,Alameda County,37.64999999999999,-121.90999999999995,0.010186329745264322,Negligible,0.9983418509031771,0.825,0.08999999999999997,0.005407988114230114,2036.0348244602865,1.0,Low
93257,Kern County,35.35000000000001,-118.73000000000002,0.010135127091392792,Negligible,0.9892801142811721,0.5775,0.0,0.27383361904431447,784.6937927810761,0.0,Negligible
95205,Alameda County,37.64999999999999,-121.90999999999995,0.01003367924197028,Negligible,0.9972089659056969,0.20500000000000002,0.08000000000000002,0.33625009117780486,771.0723939411141,1.0,Low
92081,San Diego County,33.01999999999999,-116.78000000000009,0.009983897672907967,Negligible,0.9958333253024109,0.6975,0.030000000000000027,0.01090799434674413,1141.4781663857061,2.0,Moderate
94593,0,0.0,0.0,0.009979477525840183,Negligible,0.9947010032135849,3.0,0.0,0.0,1541.9354838709678,0.0,0
94493,0,0.0,0.0,0.009945787584188478,Negligible,0.9902380994673311,2.0,0.0,0.0,1437.8787878787878,0.0,0
95757,Sacramento County,38.45000000000002,-121.34000000000005,0.009860453346701915,Negligible,0.9988025636797687,0.19,0.09,0.027977578496111065,941.4766470666655,1.0,Low
91320,Los Angeles County,34.20000000000002,-118.26000000000008,0.00976104416507244,Negligible,0.9977666771040713,0.915,0.07999999999999996,0.10239000217648642,1379.1168865014747,2.0,Moderate
93230,Kern County,35.35000000000001,-118.73000000000002,0.009642086166889594,Negligible,0.9991339062414875,0.2375,0.09,0.10518926100908012,808.8343363434124,0.0,Negligible
92064,San Diego County,33.01999999999999,-116.78000000000009,0.009593697794997146,Negligible,0.9991732235919446,1.15,0.09000000000000008,0.03540774228166564,1601.8123736807331,2.0,Moderate
92069,San Diego County,33.01999999999999,-116.78000000000009,0.009553536432699931,Negligible,0.9955638751765119,0.8300000000000001,0.06000000000000005,0.09108011937734593,1168.7860532225532,2.0,Moderate
91765,Los Angeles County,34.20000000000002,-118.26000000000008,0.009544284465864675,Negligible,0.9966013722746766,0.9375,0.06999999999999995,0.05510555850851034,1424.4588897861108,2.0,Moderate
95312,Santa Clara County,37.22000000000002,-121.69000000000004,0.009436147235076946,Negligible,0.9844505248017823,0.495,-0.13,0.0,934.2186374505344,1.0,Low
93591,Santa Barbara County,34.539999999999985,-120.03999999999998,0.009346685420133167,Negligible,0.9913056990685538,1.1025,-0.030000000000000027,0.3108375967353343,834.4692694521898,2.0,Moderate
91403,Los Angeles County,34.20000000000002,-118.26000000000008,0.009342521908549891,Negligible,0.9995745051390392,1.2125,0.09000000000000008,0.008052973891310041,2294.874761628855,2.0,Moderate
95653,Sacramento County,38.45000000000002,-121.34000000000005,0.009319027670049645,Negligible,0.9916051104443062,0.27,-0.02999999999999997,0.0,684.3313313815646,1.0,Low
91902,San Diego County,33.01999999999999,-116.78000000000009,0.009316461850351744,Negligible,0.9967175666603229,1.1125,0.05999999999999983,0.08306224491119762,1485.937945426631,2.0,Moderate
93546,Santa Barbara County,34.539999999999985,-120.03999999999998,0.009189681243749602,Negligible,0.9718269333921721,2.0925000000000002,-0.27000000000000024,0.0,2312.994110712743,2.0,Moderate
93535,Santa Barbara County,34.539999999999985,-120.03999999999998,0.009145809821078502,Negligible,0.9913828010670894,0.43,0.030000000000000027,0.22943550216839848,898.2690239359903,2.0,Moderate
95354,Santa Clara County,37.22000000000002,-121.69000000000004,0.009058348834177093,Negligible,0.9985427014356563,0.2625,0.07999999999999999,0.1477664932541819,818.9030785326441,1.0,Low
95076,Santa Clara County,37.22000000000002,-121.69000000000004,0.009048419871167711,Negligible,0.9979857594133604,0.765,0.06000000000000005,0.06343774545054129,1157.4363567878524,1.0,Low
91016,Los Angeles County,34.20000000000002,-118.26000000000008,0.009034837357158572,Negligible,0.9971407716698015,0.745,0.07000000000000006,0.06936991013494169,1055.6393379694796,2.0,Moderate
94105,San Francisco County,37.73000000000001,-123.03000000000009,0.009010415419102785,Negligible,0.9985885000029475,0.8025,0.07999999999999996,0.0,788.0207219251337,1.0,Low
92054,San Diego County,33.01999999999999,-116.78000000000009,0.008975171272198183,Negligible,0.9958327693144382,0.6224999999999999,0.05999999999999994,0.05885075395290405,1085.3470817000234,2.0,Moderate
95473,Sonoma County,38.52999999999998,-122.92999999999998,0.008877997293191978,Negligible,0.9911124841299812,0.0,0.0,0.0,971.1111111111111,0.0,Negligible
92281,Riverside County,33.73000000000001,-116.0,0.008865245374198588,Negligible,0.9915986890695468,0.6174999999999999,-0.030000000000000027,0.0821398724184854,811.8878952797675,0.0,Negligible
93555,Santa Barbara County,34.539999999999985,-120.03999999999998,0.008854291320475709,Negligible,0.9987931535848347,0.8375,0.07999999999999996,0.08124988609705654,784.9283156732224,2.0,Moderate
94402,San Mateo County,37.40999999999998,-122.36999999999992,0.008815113811425393,Negligible,0.9975309625677646,0.8175,0.05999999999999994,0.10371680347356685,1441.3551635863582,1.0,Low
95324,Santa Clara County,37.22000000000002,-121.69000000000004,0.008801726660803706,Negligible,0.9963242529191144,0.2825,-0.010000000000000009,0.06817364984469124,798.7426350681736,1.0,Low
92233,Riverside County,33.73000000000001,-116.0,0.00879097578190309,Negligible,0.9852363838073604,0.565,-0.06000000000000005,0.0,850.9080555902176,0.0,Negligible
92635,Orange County,33.67999999999998,-117.78000000000009,0.008541338867578139,Negligible,0.9949499871120039,0.0,0.0,0.0,988.75,0.0,Negligible
92345,San Bernardino County,34.86,-116.17999999999998,0.00828634515072134,Negligible,0.9922205374172096,1.025,-0.020000000000000018,0.2992203375726895,898.5087162103783,2.0,Moderate
93928,Monterey County,36.24,-121.32000000000002,0.00822536823969784,Negligible,0.9925472400570003,1.0,0.0,0.0,1957.5116094147584,-1.0,Outlier
92010,San Diego County,33.01999999999999,-116.78000000000009,0.008213377873821426,Negligible,0.9964889738587934,0.96,0.010000000000000009,0.007075538977634945,1182.1000454586658,2.0,Moderate
93620,Fresno County,36.76,-119.65999999999995,0.008028586798040523,Negligible,0.9960101863503736,0.19,0.03,0.13128620478657518,759.5264427040838,0.0,Negligible
93210,Kern County,35.35000000000001,-118.73000000000002,0.007958021270838082,Negligible,0.9974761782412819,0.4525,0.06,0.04205469131937981,857.9978658047178,0.0,Negligible
93021,Ventura County,34.36000000000001,-119.13000000000008,0.007945807727319508,Negligible,0.9972508639544293,0.8625,0.06000000000000005,0.05642947477098164,1338.5905272022283,2.0,Moderate
92665,Orange County,33.67999999999998,-117.78000000000009,0.007941591230362734,Negligible,0.9928742315210465,0.0,0.0,0.0,1020.25,0.0,Negligible
92009,San Diego County,33.01999999999999,-116.78000000000009,0.007911469158704746,Negligible,0.9987221119358215,1.095,0.06999999999999984,0.012126198134148947,1719.0967342858403,2.0,Moderate
95044,0,0.0,0.0,0.007762307761514896,Negligible,0.9930689853014273,3.0,0.0,0.0,1028.4444444444443,0.0,0
95823,Sacramento County,38.45000000000002,-121.34000000000005,0.007753928546976069,Negligible,0.9989678191587618,0.185,0.06999999999999998,0.23477900263902013,810.9704792458206,1.0,Low
91377,Los Angeles County,34.20000000000002,-118.26000000000008,0.007512637769432378,Negligible,0.9859815681174124,0.9625,-0.17000000000000015,1.5069425122827262,1598.4584571609857,2.0,Moderate
94531,Contra Costa County,37.919999999999995,-121.94999999999996,0.007497321212192397,Negligible,0.9979786967988857,0.3725,0.06,0.15328994791955028,1238.4548026464095,1.0,Low
93246,0,0.0,0.0,0.007249705608803528,Negligible,0.9962426253957994,1.01,0.020000000000000018,0.0,1414.0,0.0,0
92687,Orange County,33.67999999999998,-117.78000000000009,0.007213420998136283,Negligible,0.992659814367051,0.0,0.0,0.0,1024.75,0.0,Negligible
91362,Los Angeles County,34.20000000000002,-118.26000000000008,0.007139750465679778,Negligible,0.9902832480819952,1.02,-0.06000000000000005,2.0337849934653858,1829.0284309089038,2.0,Moderate
92667,Orange County,33.67999999999998,-117.78000000000009,0.0070686952220860196,Negligible,0.9909422021266096,0.0,0.0,0.0,1727.1588541666667,0.0,Negligible
93622,Fresno County,36.76,-119.65999999999995,0.007032078453066247,Negligible,0.9948397406684647,0.12,0.03,0.2393781178428666,813.7004901760167,0.0,Negligible
94619,Alameda County,37.64999999999999,-121.90999999999995,0.006890659738110508,Negligible,0.9962719789656989,0.79,0.020000000000000018,0.13792001045805738,1480.8717349741166,1.0,Low
92373,San Bernardino County,34.86,-116.17999999999998,0.006846032702419201,Negligible,0.996406873002711,1.09,0.019999999999999796,0.09429159611572203,1468.318989583028,2.0,Moderate
95742,Sacramento County,38.45000000000002,-121.34000000000005,0.006774467975934065,Negligible,0.9989099070457332,0.3625,0.06,0.07214801555512745,835.9088371126913,1.0,Low
94004,0,0.0,0.0,0.0067705200412493385,Negligible,0.9925705660298834,3.0,0.0,0.0,1373.2558139534883,0.0,0
95038,0,0.0,0.0,0.0067705200412493385,Negligible,0.9925705660298834,3.0,0.0,0.0,1400.0,0.0,0
94525,Contra Costa County,37.919999999999995,-121.94999999999996,0.0067684506043299945,Negligible,0.9964014891044981,1.2025,-0.1200000000000001,0.034065208331861815,1188.9324560066748,1.0,Low
94945,Marin County,38.049999999999976,-122.75,0.006696340002586213,Negligible,0.9964406641548161,1.08,-0.040000000000000036,0.08216676970985984,1350.4356664439679,1.0,Low
92392,San Bernardino County,34.86,-116.17999999999998,0.006550571849411496,Negligible,0.9964961030018668,0.45999999999999996,0.03999999999999998,0.10054885534524537,985.2075904204136,2.0,Moderate
95708,0,0.0,0.0,0.006464490192233131,Negligible,0.9915309828816528,3.0,0.0,0.0,1116.6666666666667,0.0,0
95373,0,0.0,0.0,0.006464490192233131,Negligible,0.9915309828816528,3.0,0.0,0.0,1100.0,0.0,0
95340,Santa Clara County,37.22000000000002,-121.69000000000004,0.006130056121862091,Negligible,0.9960208246515815,0.2875,0.0,0.23111073387853964,851.7005654742582,1.0,Low
92323,0,0.0,0.0,0.006042114801892726,Negligible,0.9951443401200787,1.0,0.0,0.0,1318.051282051282,0.0,0
96045,0,0.0,0.0,0.006036863379936736,Negligible,0.9916261230421629,2.0,0.0,0.0,987.9310344827587,0.0,0
92329,San Bernardino County,34.86,-116.17999999999998,0.006003093148686351,Negligible,0.9929519220603056,1.2850000000000001,-0.040000000000000036,0.0,1555.799885321101,0.0,Negligible
94953,Marin County,38.049999999999976,-122.75,0.005998714627887034,Negligible,0.9940913220843286,0.0,0.0,0.0,1147.75,1.0,Low
93950,Monterey County,36.24,-121.32000000000002,0.005841170419534971,Negligible,0.9938627359162194,0.6725,-0.020000000000000018,0.05433173970110518,1045.1768952941043,2.0,Moderate
95765,Sacramento County,38.45000000000002,-121.34000000000005,0.005745631312642146,Negligible,0.9947836270568745,0.44,0.020000000000000018,0.14975077587307475,1030.9870928603646,1.0,Low
92134,0,0.0,0.0,0.0056944720329835975,Negligible,0.992480341404148,1.0,0.0,0.0,1140.1242937853108,0.0,0
95824,Sacramento County,38.45000000000002,-121.34000000000005,0.005427744741268697,Negligible,0.9982389983463306,0.2225,0.04000000000000001,0.2787481294361602,725.5719429097954,1.0,Low
95828,Sacramento County,38.45000000000002,-121.34000000000005,0.005384975791590158,Negligible,0.9979696205120034,0.2125,0.03,0.29104265893538384,826.166912805994,1.0,Low
93640,Fresno County,36.76,-119.65999999999995,0.005321472830735398,Negligible,0.9975152533658388,0.07500000000000001,0.03,0.13853652387501997,731.459197489566,0.0,Negligible
92025,San Diego County,33.01999999999999,-116.78000000000009,0.005292542468178265,Negligible,0.9956534258956399,1.0550000000000002,-0.010000000000000009,0.04287099589502044,1398.3614125040172,2.0,Moderate
95772,0,0.0,0.0,0.005253410448745536,Negligible,0.9939124259329041,3.0,0.0,0.0,1271.9298245614036,0.0,0
94708,Alameda County,37.64999999999999,-121.90999999999995,0.005217256317903145,Negligible,0.9703244620618914,2.1,-0.8100000000000003,0.03611331872707278,2093.087531671005,-1.0,Outlier
95487,Sonoma County,38.52999999999998,-122.92999999999998,0.005160553236735516,Negligible,0.9941867446506756,0.0,0.0,0.0,1177.25,1.0,Low
95061,Santa Clara County,37.22000000000002,-121.69000000000004,0.004944881875368883,Negligible,0.9959352063505555,1.72,0.020000000000000018,0.0,2140.642857142857,-1.0,Outlier
92344,San Bernardino County,34.86,-116.17999999999998,0.004898059748458096,Negligible,0.99618283513237,0.85,0.020000000000000018,0.07334623765417386,1172.2722605583563,2.0,Moderate
94406,0,0.0,0.0,0.00476920544906128,Negligible,0.9933067398050782,2.0,0.0,0.0,1160.0,0.0,0
94044,San Francisco County,37.73000000000001,-123.03000000000009,0.004719014791639408,Negligible,0.9941047080221415,1.1375,-0.05999999999999983,0.16525491004473813,1051.810361496225,1.0,Low
92252,Riverside County,33.73000000000001,-116.0,0.004703729547594907,Negligible,0.9878320568365615,1.2525,-0.13000000000000012,0.1562129009078358,889.3489468638687,2.0,Moderate
94610,Alameda County,37.64999999999999,-121.90999999999995,0.004673786340599777,Negligible,0.9962349728927098,0.805,0.019999999999999907,0.07808221460017754,2003.250383069247,1.0,Low
94602,Alameda County,37.64999999999999,-121.90999999999995,0.004548736613209764,Negligible,0.9979069892851373,0.725,0.030000000000000027,0.09166274236664143,1502.3195802494738,1.0,Low
93102,0,0.0,0.0,0.004419367507927696,Negligible,0.9938022187583878,2.0,0.0,0.0,1062.0,0.0,0
93717,0,0.0,0.0,0.0043101180424639845,Negligible,0.9958631637843455,1.0,0.0,0.0,3957.0,0.0,0
94950,Marin County,38.049999999999976,-122.75,0.004294122885677036,Negligible,0.9680530093250798,1.3125,-0.3899999999999999,0.0,1924.1252620545074,-1.0,Outlier
92284,Riverside County,33.73000000000001,-116.0,0.004214013311604027,Negligible,0.9968816532239834,0.985,0.020000000000000018,0.0705440538726576,896.6144870576455,2.0,Moderate
95734,0,0.0,0.0,0.004163243039033184,Negligible,0.9941586354616797,2.0,0.0,0.0,1339.1304347826087,0.0,0
91381,Los Angeles County,34.20000000000002,-118.26000000000008,0.004154576810558758,Negligible,0.9941267243851579,1.1025,-0.039999999999999813,0.0026732412695315176,1968.7899542737855,2.0,Moderate
91604,Los Angeles County,34.20000000000002,-118.26000000000008,0.004063731745456994,Negligible,0.9978694653185216,1.2475,0.020000000000000018,0.03420277385896214,2602.6632339487096,2.0,Moderate
95053,0,0.0,0.0,0.003988149248872588,Negligible,0.9966940251328475,0.0,0.0,0.0,1468.258064516129,0.0,0
92226,0,0.0,0.0,0.003979755759590477,Negligible,0.9953949973811271,1.0,0.0,0.0,1472.0,0.0,0
92202,0,0.0,0.0,0.0038963373591798726,Negligible,0.9956294988416075,1.0,0.0,0.0,734.5,0.0,0
93201,Kern County,35.35000000000001,-118.73000000000002,0.0038927775275602134,Negligible,0.9935814858202664,0.24,-0.02999999999999997,0.0,858.3230581770766,0.0,Negligible
92103,San Diego County,33.01999999999999,-116.78000000000009,0.003834192433132634,Negligible,0.995890543592326,0.955,-0.030000000000000027,0.039114141807414224,1381.7432430534968,2.0,Moderate
94526,Contra Costa County,37.919999999999995,-121.94999999999996,0.003755329172073908,Negligible,0.998937479701327,1.0375,0.030000000000000027,0.06148365055897846,1661.7256267358025,1.0,Low
90294,0,0.0,0.0,0.003573280910781324,Negligible,0.9954498078617604,1.0,0.0,0.0,5368.0,0.0,0
95052,0,0.0,0.0,0.003412451941191766,Negligible,0.9955568989989776,0.0,0.0,0.0,1022.4489795918367,0.0,0
92277,Riverside County,33.73000000000001,-116.0,0.003330078106186218,Negligible,0.9953306235598656,0.725,0.0,0.1872138018112114,796.9792080995638,2.0,Moderate
92720,Orange County,33.67999999999998,-117.78000000000009,0.0032853252905999087,Negligible,0.9955566756208364,0.0,0.0,0.0,1038.6666666666667,0.0,Negligible
92552,Riverside County,33.73000000000001,-116.0,0.0032424363778804297,Negligible,0.9963710122690571,0.0,0.0,0.0,1191.2083333333333,2.0,Moderate
92023,0,0.0,0.0,0.0032317079637771188,Negligible,0.9980504599508159,2.0,0.0,0.0,2810.4057971014495,0.0,0
95308,0,0.0,0.0,0.0030570912743946633,Negligible,0.9957205116940525,0.0,0.0,0.0,902.3809523809524,0.0,0
92809,Orange County,33.67999999999998,-117.78000000000009,0.0028643148991207832,Negligible,0.9966721499217074,0.0,0.0,0.0,1618.75,2.0,Moderate
92522,0,0.0,0.0,0.0028384286951086434,Negligible,0.9983779890665614,2.0,0.0,0.0,2533.0,0.0,0
92357,0,0.0,0.0,0.002815367004008883,Negligible,0.9979262545822701,1.0,0.0,0.0,569.0,0.0,0
94648,0,0.0,0.0,0.0027139776895217156,Negligible,0.9963624709796204,0.0,0.0,0.0,1143.1818181818182,0.0,0
94312,0,0.0,0.0,0.0027139776895217156,Negligible,0.9963624709796204,0.0,0.0,0.0,1153.6231884057972,0.0,0
94955,0,0.0,0.0,0.0027084772013832685,Negligible,0.9963587936150318,0.0,0.0,0.0,1097.4358974358975,0.0,0
93912,Monterey County,36.24,-121.32000000000002,0.002692816997739194,Negligible,0.9963482534816593,0.0,0.0,0.0,1084.6153846153845,0.0,Negligible
92714,Orange County,33.67999999999998,-117.78000000000009,0.002677930903735795,Negligible,0.9981091353413271,0.0,0.0,0.0,786.675,0.0,Negligible
95759,0,0.0,0.0,0.0025623518884816433,Negligible,0.9963880210499829,1.0,0.0,0.0,1081.6728395061727,0.0,0
95538,Humboldt County,40.710000000000015,-123.92999999999996,0.00252407818986392,Negligible,0.9970907322788565,0.0,0.0,0.0,1399.75,0.0,Negligible
94145,0,0.0,0.0,0.0025022593974164723,Negligible,0.9970789545788195,0.0,0.0,0.0,1412.0,0.0,0
94017,San Francisco County,37.73000000000001,-123.03000000000009,0.0024907553349401957,Negligible,0.9967270518875598,0.0,0.0,0.0,1616.6690140845071,1.0,Low
94083,0,0.0,0.0,0.002427714579219599,Negligible,0.9966152718035381,0.0,0.0,0.0,932.4324324324324,0.0,0
93663,0,0.0,0.0,0.002427714579219599,Negligible,0.9966152718035381,0.0,0.0,0.0,917.391304347826,0.0,0
94148,0,0.0,0.0,0.002427714579219599,Negligible,0.9966152718035381,0.0,0.0,0.0,931.8181818181818,0.0,0
93412,San Luis Obispo County,35.38999999999999,-120.44999999999992,0.0024229034019662638,Negligible,0.9966119136760891,0.0,0.0,0.0,912.5,0.0,Negligible
93760,Fresno County,36.76,-119.65999999999995,0.0024115285809683334,Negligible,0.9968989450574657,0.0,0.0,0.0,1173.75,0.0,Negligible
91380,Los Angeles County,34.20000000000002,-118.26000000000008,0.002325910180681761,Negligible,0.9968427957654901,0.0,0.0,0.0,1184.9056603773583,0.0,Negligible
92589,Riverside County,33.73000000000001,-116.0,0.002310717127109797,Negligible,0.9979761094896475,1.0,0.0,0.0,4176.25,2.0,Moderate
95518,0,0.0,0.0,0.002289422561017045,Negligible,0.9979381053465062,0.16666666666666666,0.0,0.0,860.4852941176471,0.0,0
95860,0,0.0,0.0,0.002067100681856089,Negligible,0.9973714448836932,0.0,0.0,0.0,1496.969696969697,0.0,0
92122,San Diego County,33.01999999999999,-116.78000000000009,0.0020378862509131588,Negligible,0.9965202769456151,1.09,-0.029999999999999805,0.07619874485794152,1232.0492963884283,2.0,Moderate
95927,Butte County,39.67,-121.59999999999992,0.0020374194896107547,Negligible,0.9973526343668154,0.0,0.0,0.0,1496.2264150943395,0.0,Negligible
92513,0,0.0,0.0,0.0019174535173292302,Negligible,0.9972951092424945,1.0,0.0,0.0,1195.6521739130435,0.0,0
92821,Orange County,33.67999999999998,-117.78000000000009,0.0018901534045195822,Negligible,0.9961583149149147,0.9675,-0.030000000000000027,0.04995105745966119,1127.9615768420806,2.0,Moderate
92116,San Diego County,33.01999999999999,-116.78000000000009,0.0018195239655333611,Negligible,0.9949666144202538,0.9975,-0.020000000000000018,0.09858409456354796,1017.9211775944016,2.0,Moderate
95208,0,0.0,0.0,0.0018195177618581012,Negligible,0.9975340183037786,0.0,0.0,0.0,1290.909090909091,0.0,0
94570,0,0.0,0.0,0.0018140812444016497,Negligible,0.99784449990916,0.0,0.0,0.0,1469.2307692307693,0.0,0
90051,0,0.0,0.0,0.0018088485013394758,Negligible,0.9975267712862546,0.0,0.0,0.0,1265.909090909091,0.0,0
95267,0,0.0,0.0,0.0016985576309919545,Negligible,0.9976855746320912,0.0,0.0,0.0,1193.3333333333335,0.0,0
92609,0,0.0,0.0,0.0016941260246827764,Negligible,0.997682554755669,0.0,0.0,0.0,1248.0,0.0,0
95440,0,0.0,0.0,0.0016843553158256723,Negligible,0.9976758507538359,0.0,0.0,0.0,1242.2222222222222,0.0,0
92078,San Diego County,33.01999999999999,-116.78000000000009,0.00168255792753089,Negligible,0.9973893103524569,1.23,-0.07000000000000006,0.08894726159166085,1406.3242427571497,2.0,Moderate
91030,Los Angeles County,34.20000000000002,-118.26000000000008,0.001642528932542936,Negligible,0.9959610490950507,1.045,-0.08000000000000007,0.0,1381.5164325096755,2.0,Moderate
91384,Los Angeles County,34.20000000000002,-118.26000000000008,0.0015863348358585243,Negligible,0.996791605079802,1.22,-0.010000000000000009,0.07266858782944274,1329.8141018450344,2.0,Moderate
91793,Los Angeles County,34.20000000000002,-118.26000000000008,0.0015229615051575312,Negligible,0.9979029900568335,0.0,0.0,0.0,1682.5,0.0,Negligible
95164,Santa Clara County,37.22000000000002,-121.69000000000004,0.001514341150665081,Negligible,0.9978970341251601,0.0,0.0,0.0,1666.4887640449438,0.0,Negligible
94321,0,0.0,0.0,0.0015108535295220865,Negligible,0.9978946092057294,0.0,0.0,0.0,1700.0,0.0,0
92222,0,0.0,0.0,0.0015053621894095478,Negligible,0.9979041736576789,0.0,0.0,0.0,1599.6950354609928,0.0,0
94150,San Francisco County,37.73000000000001,-123.03000000000009,0.0015026106150527404,Negligible,0.9979022561351355,0.0,0.0,0.0,1566.5490196078433,0.0,Negligible
93649,Fresno County,36.76,-119.65999999999995,0.0015012527855440584,Negligible,0.9979013078751027,0.0,0.0,0.0,1594.3333333333333,0.0,Negligible
95731,0,0.0,0.0,0.001494066163762557,Negligible,0.9979072741257705,2.0,0.0,0.0,873.4375,0.0,0
91715,0,0.0,0.0,0.0014911611148469524,Negligible,0.997930945176159,0.0,0.0,0.0,873.5,0.0,0
92022,0,0.0,0.0,0.0014803790108434845,Negligible,0.9979429022784608,0.0,0.0,0.0,1884.0,0.0,0
95353,Santa Clara County,37.22000000000002,-121.69000000000004,0.0014767645309541673,Negligible,0.9979403872284612,0.0,0.0,0.0,1883.7777777777776,0.0,Negligible
94104,San Francisco County,37.73000000000001,-123.03000000000009,0.0014634208422458876,Negligible,0.9980695424507492,0.0,0.0,0.0,2219.943467336683,0.0,Negligible
91109,0,0.0,0.0,0.0014217946104933433,Negligible,0.998092165167188,0.0,0.0,0.0,2110.7692307692305,0.0,0
92652,0,0.0,0.0,0.0013834911336832185,Negligible,0.9980526892064243,1.0,0.0,0.0,1721.9787234042553,0.0,0
90625,0,0.0,0.0,0.0013482895103354212,Negligible,0.9981023007598909,2.0,0.0,0.0,822.2222222222223,0.0,0
95843,Sacramento County,38.45000000000002,-121.34000000000005,0.0013451239496559135,Negligible,0.9979085133646446,0.27749999999999997,-0.020000000000000018,0.1080168038285254,902.099802065764,1.0,Low
95762,Sacramento County,38.45000000000002,-121.34000000000005,0.0013014385207454626,Negligible,0.9981446647800611,1.1675,-0.010000000000000009,0.10301518978229186,1467.9810797882255,-1.0,Outlier
92654,0,0.0,0.0,0.0012909340545969302,Negligible,0.9982400599367286,0.0,0.0,0.0,1666.0,0.0,0
93530,0,0.0,0.0,0.0011487003373422168,Negligible,0.9983956728430666,1.0,0.0,0.0,808.25,0.0,0
90402,Los Angeles County,34.20000000000002,-118.26000000000008,0.0011055734341000518,Negligible,0.9982061587270996,1.0425,-0.020000000000000018,0.013670308568712417,4873.941851905222,2.0,Moderate
91361,Los Angeles County,34.20000000000002,-118.26000000000008,0.0010314563584801059,Negligible,0.9979597772503911,1.1925,-0.030000000000000027,0.23108940661081118,2285.0182153655137,2.0,Moderate
95031,Santa Clara County,37.22000000000002,-121.69000000000004,0.0010272313023173666,Negligible,0.9986064091302399,0.0,0.0,0.0,650.5,1.0,Low
91210,Los Angeles County,34.20000000000002,-118.26000000000008,0.0010200826157537705,Negligible,0.9986015436379454,0.0,0.0,0.0,754.0,0.0,Negligible
92631,Orange County,33.67999999999998,-117.78000000000009,0.0010196292775133421,Negligible,0.9986012331966909,0.0,0.0,0.0,629.25,0.0,Negligible
93627,Fresno County,36.76,-119.65999999999995,0.0010160562786156334,Negligible,0.9986970264471954,0.0,0.0,0.0,420.75,0.0,Negligible
92633,Orange County,33.67999999999998,-117.78000000000009,0.0009499675832299218,Negligible,0.9986630704057127,0.0,0.0,0.0,730.155303030303,0.0,Negligible
91773,Los Angeles County,34.20000000000002,-118.26000000000008,0.0009027455616053438,Negligible,0.9904279791076595,1.1525,-0.09999999999999987,0.1753117638902475,1201.6683003972478,2.0,Moderate
94160,0,0.0,0.0,0.0008655795454889336,Negligible,0.9988462161610354,2.0,0.0,0.0,2637.6458333333335,0.0,0
93212,Kern County,35.35000000000001,-118.73000000000002,0.000795352101721933,Negligible,0.9942104111123243,0.235,-0.06999999999999998,0.4545125531317765,739.5646689868493,0.0,Negligible
92532,Riverside County,33.73000000000001,-116.0,0.0007826701719988957,Negligible,0.9960811042210882,0.67,-0.020000000000000018,0.03959697907595467,1159.08757423268,2.0,Moderate
93920,Monterey County,36.24,-121.32000000000002,0.000707782856018295,Negligible,0.9749409369906088,2.9,-1.0300000000000002,2.0780619917333154,4941.46693521713,2.0,Moderate
95381,Santa Clara County,37.22000000000002,-121.69000000000004,0.0006685723296099783,Negligible,0.9990574527915603,0.3333333333333333,0.0,0.0,501.8095238095238,0.0,Negligible
93661,Fresno County,36.76,-119.65999999999995,0.0006251141245268477,Negligible,0.9991231899506448,0.0,0.0,0.0,847.8333333333334,0.0,Negligible
92172,0,0.0,0.0,0.0006251141245268477,Negligible,0.9991231899506448,0.0,0.0,0.0,857.5,0.0,0
94537,Contra Costa County,37.919999999999995,-121.94999999999996,0.0006242164082362101,Negligible,0.9991225597289555,0.0,0.0,0.0,829.8565400843881,0.0,Negligible
92052,San Diego County,33.01999999999999,-116.78000000000009,0.0006242164082362101,Negligible,0.9991225597289555,0.0,0.0,0.0,830.1387137452712,0.0,Negligible
94016,San Francisco County,37.73000000000001,-123.03000000000009,0.0006242164082362101,Negligible,0.9991225597289555,0.0,0.0,0.0,838.0952380952381,0.0,Negligible
93464,0,0.0,0.0,0.0006189595037222186,Negligible,0.9991543684838569,1.0,0.0,0.0,2501.0,0.0,0
95952,0,0.0,0.0,0.0005631241316704919,Negligible,0.9992048374752835,1.0,0.0,0.0,760.0,0.0,0
95036,0,0.0,0.0,0.0005630040258465389,Negligible,0.9992047526638849,1.0,0.0,0.0,221.95121951219514,0.0,0
92546,0,0.0,0.0,0.0005604408497008348,Negligible,0.9992158499007069,0.0,0.0,0.0,719.5,0.0,0
93443,0,0.0,0.0,0.0005604408497008348,Negligible,0.9992158499007069,0.0,0.0,0.0,562.0,0.0,0
92670,Orange County,33.67999999999998,-117.78000000000009,0.0005596061294091331,Negligible,0.9992152653640348,0.0,0.0,0.0,757.8939393939394,0.0,Negligible
93755,0,0.0,0.0,0.0005596061294091331,Negligible,0.9992152653640348,0.0,0.0,0.0,782.2627737226277,0.0,0
92645,Orange County,33.67999999999998,-117.78000000000009,0.0005596061294091331,Negligible,0.9992152653640348,0.0,0.0,0.0,538.9388489208634,0.0,Negligible
92349,San Bernardino County,34.86,-116.17999999999998,0.0005596061294091331,Negligible,0.9992152653640348,0.0,0.0,0.0,616.75,0.0,Negligible
92669,0,0.0,0.0,0.0005596061294091331,Negligible,0.9992152653640348,0.0,0.0,0.0,786.8157894736842,0.0,0
93607,Fresno County,36.76,-119.65999999999995,0.0005596061294091331,Negligible,0.9992152653640348,0.0,0.0,0.0,711.0769230769232,0.0,Negligible
93031,0,0.0,0.0,0.0005593940349415147,Negligible,0.9992151166253245,0.0,0.0,0.0,0.0,0.0,0
94146,0,0.0,0.0,0.0005593940349415147,Negligible,0.9992151166253245,0.0,0.0,0.0,0.0,0.0,0
91126,0,0.0,0.0,0.0005593940349415147,Negligible,0.9992151166253245,0.0,0.0,0.0,0.0,0.0,0
91337,0,0.0,0.0,0.0005593940349415147,Negligible,0.9992151166253245,0.0,0.0,0.0,0.0,0.0,0
91125,0,0.0,0.0,0.0005593940349415147,Negligible,0.9992151166253245,0.0,0.0,0.0,0.0,0.0,0
91130,0,0.0,0.0,0.0005593940349415147,Negligible,0.9992151166253245,0.0,0.0,0.0,0.0,0.0,0
91124,0,0.0,0.0,0.0005593940349415147,Negligible,0.9992151166253245,0.0,0.0,0.0,0.0,0.0,0
93009,0,0.0,0.0,0.0005593940349415147,Negligible,0.9992151166253245,0.0,0.0,0.0,0.0,0.0,0
94228,0,0.0,0.0,0.0005593940349415147,Negligible,0.9992151166253245,0.0,0.0,0.0,717.9487179487179,0.0,0
91334,0,0.0,0.0,0.0005593940349415147,Negligible,0.9992151166253245,0.0,0.0,0.0,0.0,0.0,0
91329,0,0.0,0.0,0.0005593940349415147,Negligible,0.9992151166253245,0.0,0.0,0.0,0.0,0.0,0
91330,0,0.0,0.0,0.0005593940349415147,Negligible,0.9992151166253245,0.0,0.0,0.0,0.0,0.0,0
93032,0,0.0,0.0,0.0005593940349415147,Negligible,0.9992151166253245,0.0,0.0,0.0,0.0,0.0,0
91328,0,0.0,0.0,0.0005593940349415147,Negligible,0.9992151166253245,0.0,0.0,0.0,0.0,0.0,0
94128,0,0.0,0.0,0.0005593940349415147,Negligible,0.9992151166253245,0.0,0.0,0.0,0.0,0.0,0
93016,0,0.0,0.0,0.0005593940349415147,Negligible,0.9992151166253245,0.0,0.0,0.0,0.0,0.0,0
91319,0,0.0,0.0,0.0005593940349415147,Negligible,0.9992151166253245,0.0,0.0,0.0,0.0,0.0,0
95992,0,0.0,0.0,0.0005593940349415147,Negligible,0.9992151166253245,0.0,0.0,0.0,0.0,0.0,0
91353,0,0.0,0.0,0.0005593940349415147,Negligible,0.9992151166253245,0.0,0.0,0.0,805.8823529411765,0.0,0
91188,0,0.0,0.0,0.0005593940349415147,Negligible,0.9992151166253245,0.0,0.0,0.0,0.0,0.0,0
94119,0,0.0,0.0,0.0005593940349415147,Negligible,0.9992151166253245,0.0,0.0,0.0,0.0,0.0,0
91310,0,0.0,0.0,0.0005593940349415147,Negligible,0.9992151166253245,0.0,0.0,0.0,0.0,0.0,0
91209,0,0.0,0.0,0.0005593940349415147,Negligible,0.9992151166253245,0.0,0.0,0.0,0.0,0.0,0
91308,0,0.0,0.0,0.0005593940349415147,Negligible,0.9992151166253245,0.0,0.0,0.0,0.0,0.0,0
93024,0,0.0,0.0,0.0005593940349415147,Negligible,0.9992151166253245,0.0,0.0,0.0,0.0,0.0,0
91305,0,0.0,0.0,0.0005593940349415147,Negligible,0.9992151166253245,0.0,0.0,0.0,0.0,0.0,0
93020,0,0.0,0.0,0.0005593940349415147,Negligible,0.9992151166253245,0.0,0.0,0.0,0.0,0.0,0
92132,0,0.0,0.0,0.0005593940349415147,Negligible,0.9992151166253245,0.0,0.0,0.0,0.0,0.0,0
91357,0,0.0,0.0,0.0005593940349415147,Negligible,0.9992151166253245,0.0,0.0,0.0,0.0,0.0,0
94604,0,0.0,0.0,0.0005593940349415147,Negligible,0.9992151166253245,0.0,0.0,0.0,780.0,0.0,0
95534,0,0.0,0.0,0.0005593940349415147,Negligible,0.9992151166253245,0.0,0.0,0.0,0.0,0.0,0
94575,0,0.0,0.0,0.0005593940349415147,Negligible,0.9992151166253245,0.0,0.0,0.0,0.0,0.0,0
94581,0,0.0,0.0,0.0005593940349415147,Negligible,0.9992151166253245,0.0,0.0,0.0,0.0,0.0,0
92803,0,0.0,0.0,0.0005593940349415147,Negligible,0.9992151166253245,0.0,0.0,0.0,0.0,0.0,0
91716,0,0.0,0.0,0.0005593940349415147,Negligible,0.9992151166253245,0.0,0.0,0.0,0.0,0.0,0
92731,0,0.0,0.0,0.0005593940349415147,Negligible,0.9992151166253245,0.0,0.0,0.0,0.0,0.0,0
95903,0,0.0,0.0,0.0005593940349415147,Negligible,0.9992151166253245,0.0,0.0,0.0,0.0,0.0,0
95899,0,0.0,0.0,0.0005593940349415147,Negligible,0.9992151166253245,0.0,0.0,0.0,640.0,0.0,0
92816,0,0.0,0.0,0.0005593940349415147,Negligible,0.9992151166253245,0.0,0.0,0.0,0.0,0.0,0
94614,0,0.0,0.0,0.0005593940349415147,Negligible,0.9992151166253245,0.0,0.0,0.0,0.0,0.0,0
94701,0,0.0,0.0,0.0005593940349415147,Negligible,0.9992151166253245,0.0,0.0,0.0,0.0,0.0,0
91729,0,0.0,0.0,0.0005593940349415147,Negligible,0.9992151166253245,0.0,0.0,0.0,0.0,0.0,0
92693,0,0.0,0.0,0.0005593940349415147,Negligible,0.9992151166253245,0.0,0.0,0.0,0.0,0.0,0
92690,0,0.0,0.0,0.0005593940349415147,Negligible,0.9992151166253245,0.0,0.0,0.0,0.0,0.0,0
94802,0,0.0,0.0,0.0005593940349415147,Negligible,0.9992151166253245,0.0,0.0,0.0,0.0,0.0,0
94808,0,0.0,0.0,0.0005593940349415147,Negligible,0.9992151166253245,0.0,0.0,0.0,272.8395061728395,0.0,0
92814,0,0.0,0.0,0.0005593940349415147,Negligible,0.9992151166253245,0.0,0.0,0.0,0.0,0.0,0
91678,0,0.0,0.0,0.0005593940349415147,Negligible,0.9992151166253245,0.0,0.0,0.0,0.0,0.0,0
92952,0,0.0,0.0,0.0005593940349415147,Negligible,0.9992151166253245,0.0,0.0,0.0,0.0,0.0,0
91413,0,0.0,0.0,0.0005593940349415147,Negligible,0.9992151166253245,0.0,0.0,0.0,0.0,0.0,0
92862,0,0.0,0.0,0.0005593940349415147,Negligible,0.9992151166253245,0.0,0.0,0.0,0.0,0.0,0
91385,0,0.0,0.0,0.0005593940349415147,Negligible,0.9992151166253245,0.0,0.0,0.0,0.0,0.0,0
93042,0,0.0,0.0,0.0005593940349415147,Negligible,0.9992151166253245,0.0,0.0,0.0,0.0,0.0,0
91396,0,0.0,0.0,0.0005593940349415147,Negligible,0.9992151166253245,0.0,0.0,0.0,0.0,0.0,0
94540,0,0.0,0.0,0.0005593940349415147,Negligible,0.9992151166253245,0.0,0.0,0.0,0.0,0.0,0
91404,0,0.0,0.0,0.0005593940349415147,Negligible,0.9992151166253245,0.0,0.0,0.0,0.0,0.0,0
92842,0,0.0,0.0,0.0005593940349415147,Negligible,0.9992151166253245,0.0,0.0,0.0,0.0,0.0,0
92838,0,0.0,0.0,0.0005593940349415147,Negligible,0.9992151166253245,0.0,0.0,0.0,0.0,0.0,0
91637,0,0.0,0.0,0.0005593940349415147,Negligible,0.9992151166253245,0.0,0.0,0.0,0.0,0.0,0
95929,0,0.0,0.0,0.0005593940349415147,Negligible,0.9992151166253245,0.0,0.0,0.0,0.0,0.0,0
94557,0,0.0,0.0,0.0005593940349415147,Negligible,0.9992151166253245,0.0,0.0,0.0,0.0,0.0,0
92836,0,0.0,0.0,0.0005593940349415147,Negligible,0.9992151166253245,0.0,0.0,0.0,0.0,0.0,0
92834,0,0.0,0.0,0.0005593940349415147,Negligible,0.9992151166253245,0.0,0.0,0.0,0.0,0.0,0
91510,0,0.0,0.0,0.0005593940349415147,Negligible,0.9992151166253245,0.0,0.0,0.0,0.0,0.0,0
91610,0,0.0,0.0,0.0005593940349415147,Negligible,0.9992151166253245,0.0,0.0,0.0,0.0,0.0,0
91617,0,0.0,0.0,0.0005593940349415147,Negligible,0.9992151166253245,0.0,0.0,0.0,0.0,0.0,0
91117,0,0.0,0.0,0.0005593940349415147,Negligible,0.9992151166253245,0.0,0.0,0.0,0.0,0.0,0
93043,0,0.0,0.0,0.0005593940349415147,Negligible,0.9992151166253245,0.0,0.0,0.0,0.0,0.0,0
94064,0,0.0,0.0,0.0005593940349415147,Negligible,0.9992151166253245,0.0,0.0,0.0,0.0,0.0,0
90231,0,0.0,0.0,0.0005593940349415147,Negligible,0.9992151166253245,0.0,0.0,0.0,0.0,0.0,0
90089,0,0.0,0.0,0.0005593940349415147,Negligible,0.9992151166253245,0.0,0.0,0.0,0.0,0.0,0
93556,0,0.0,0.0,0.0005593940349415147,Negligible,0.9992151166253245,0.0,0.0,0.0,0.0,0.0,0
90095,0,0.0,0.0,0.0005593940349415147,Negligible,0.9992151166253245,0.0,0.0,0.0,0.0,0.0,0
90096,0,0.0,0.0,0.0005593940349415147,Negligible,0.9992151166253245,0.0,0.0,0.0,0.0,0.0,0
90213,0,0.0,0.0,0.0005593940349415147,Negligible,0.9992151166253245,0.0,0.0,0.0,0.0,0.0,0
93403,0,0.0,0.0,0.0005593940349415147,Negligible,0.9992151166253245,0.0,0.0,0.0,0.0,0.0,0
93584,0,0.0,0.0,0.0005593940349415147,Negligible,0.9992151166253245,0.0,0.0,0.0,0.0,0.0,0
93590,0,0.0,0.0,0.0005593940349415147,Negligible,0.9992151166253245,0.0,0.0,0.0,0.0,0.0,0
93639,0,0.0,0.0,0.0005593940349415147,Negligible,0.9992151166253245,0.0,0.0,0.0,695.8333333333334,0.0,0
93390,0,0.0,0.0,0.0005593940349415147,Negligible,0.9992151166253245,0.0,0.0,0.0,0.0,0.0,0
93389,0,0.0,0.0,0.0005593940349415147,Negligible,0.9992151166253245,0.0,0.0,0.0,0.0,0.0,0
93387,0,0.0,0.0,0.0005593940349415147,Negligible,0.9992151166253245,0.0,0.0,0.0,0.0,0.0,0
93386,0,0.0,0.0,0.0005593940349415147,Negligible,0.9992151166253245,0.0,0.0,0.0,0.0,0.0,0
93384,0,0.0,0.0,0.0005593940349415147,Negligible,0.9992151166253245,0.0,0.0,0.0,0.0,0.0,0
90261,0,0.0,0.0,0.0005593940349415147,Negligible,0.9992151166253245,0.0,0.0,0.0,0.0,0.0,0
90263,0,0.0,0.0,0.0005593940349415147,Negligible,0.9992151166253245,0.0,0.0,0.0,0.0,0.0,0
90084,0,0.0,0.0,0.0005593940349415147,Negligible,0.9992151166253245,0.0,0.0,0.0,0.0,0.0,0
90082,0,0.0,0.0,0.0005593940349415147,Negligible,0.9992151166253245,0.0,0.0,0.0,0.0,0.0,0
90079,0,0.0,0.0,0.0005593940349415147,Negligible,0.9992151166253245,0.0,0.0,0.0,0.0,0.0,0
90078,0,0.0,0.0,0.0005593940349415147,Negligible,0.9992151166253245,0.0,0.0,0.0,0.0,0.0,0
93483,0,0.0,0.0,0.0005593940349415147,Negligible,0.9992151166253245,0.0,0.0,0.0,0.0,0.0,0
96152,0,0.0,0.0,0.0005593940349415147,Negligible,0.9992151166253245,0.0,0.0,0.0,0.0,0.0,0
93448,0,0.0,0.0,0.0005593940349415147,Negligible,0.9992151166253245,0.0,0.0,0.0,0.0,0.0,0
93515,0,0.0,0.0,0.0005593940349415147,Negligible,0.9992151166253245,0.0,0.0,0.0,0.0,0.0,0
93522,0,0.0,0.0,0.0005593940349415147,Negligible,0.9992151166253245,0.0,0.0,0.0,0.0,0.0,0
90030,0,0.0,0.0,0.0005593940349415147,Negligible,0.9992151166253245,0.0,0.0,0.0,780.6451612903226,0.0,0
93437,0,0.0,0.0,0.0005593940349415147,Negligible,0.9992151166253245,0.0,0.0,0.0,0.0,0.0,0
93524,0,0.0,0.0,0.0005593940349415147,Negligible,0.9992151166253245,0.0,0.0,0.0,0.0,0.0,0
93423,0,0.0,0.0,0.0005593940349415147,Negligible,0.9992151166253245,0.0,0.0,0.0,0.0,0.0,0
93542,0,0.0,0.0,0.0005593940349415147,Negligible,0.9992151166253245,0.0,0.0,0.0,0.0,0.0,0
93410,0,0.0,0.0,0.0005593940349415147,Negligible,0.9992151166253245,0.0,0.0,0.0,0.0,0.0,0
90060,0,0.0,0.0,0.0005593940349415147,Negligible,0.9992151166253245,0.0,0.0,0.0,0.0,0.0,0
93407,0,0.0,0.0,0.0005593940349415147,Negligible,0.9992151166253245,0.0,0.0,0.0,0.0,0.0,0
96127,0,0.0,0.0,0.0005593940349415147,Negligible,0.9992151166253245,0.0,0.0,0.0,0.0,0.0,0
90073,0,0.0,0.0,0.0005593940349415147,Negligible,0.9992151166253245,0.0,0.0,0.0,0.0,0.0,0
93303,0,0.0,0.0,0.0005593940349415147,Negligible,0.9992151166253245,0.0,0.0,0.0,0.0,0.0,0
96079,0,0.0,0.0,0.0005593940349415147,Negligible,0.9992151166253245,0.0,0.0,0.0,0.0,0.0,0
91066,0,0.0,0.0,0.0005593940349415147,Negligible,0.9992151166253245,0.0,0.0,0.0,0.0,0.0,0
91012,0,0.0,0.0,0.0005593940349415147,Negligible,0.9992151166253245,0.0,0.0,0.0,0.0,0.0,0
94013,0,0.0,0.0,0.0005593940349415147,Negligible,0.9992151166253245,0.0,0.0,0.0,0.0,0.0,0
90734,0,0.0,0.0,0.0005593940349415147,Negligible,0.9992151166253245,0.0,0.0,0.0,0.0,0.0,0
90801,0,0.0,0.0,0.0005593940349415147,Negligible,0.9992151166253245,0.0,0.0,0.0,0.0,0.0,0
94023,0,0.0,0.0,0.0005593940349415147,Negligible,0.9992151166253245,0.0,0.0,0.0,0.0,0.0,0
94026,0,0.0,0.0,0.0005593940349415147,Negligible,0.9992151166253245,0.0,0.0,0.0,0.0,0.0,0
94035,0,0.0,0.0,0.0005593940349415147,Negligible,0.9992151166253245,0.0,0.0,0.0,0.0,0.0,0
93064,0,0.0,0.0,0.0005593940349415147,Negligible,0.9992151166253245,0.0,0.0,0.0,0.0,0.0,0
93062,0,0.0,0.0,0.0005593940349415147,Negligible,0.9992151166253245,0.0,0.0,0.0,0.0,0.0,0
93237,0,0.0,0.0,0.0005593940349415147,Negligible,0.9992151166253245,0.0,0.0,0.0,0.0,0.0,0
91021,0,0.0,0.0,0.0005593940349415147,Negligible,0.9992151166253245,0.0,0.0,0.0,0.0,0.0,0
91023,0,0.0,0.0,0.0005593940349415147,Negligible,0.9992151166253245,0.0,0.0,0.0,0.0,0.0,0
91025,0,0.0,0.0,0.0005593940349415147,Negligible,0.9992151166253245,0.0,0.0,0.0,0.0,0.0,0
92684,0,0.0,0.0,0.0005593940349415147,Negligible,0.9992151166253245,0.0,0.0,0.0,0.0,0.0,0
91031,0,0.0,0.0,0.0005593940349415147,Negligible,0.9992151166253245,0.0,0.0,0.0,0.0,0.0,0
91041,0,0.0,0.0,0.0005593940349415147,Negligible,0.9992151166253245,0.0,0.0,0.0,0.0,0.0,0
91046,0,0.0,0.0,0.0005593940349415147,Negligible,0.9992151166253245,0.0,0.0,0.0,0.0,0.0,0
94011,0,0.0,0.0,0.0005593940349415147,Negligible,0.9992151166253245,0.0,0.0,0.0,0.0,0.0,0
93107,0,0.0,0.0,0.0005593940349415147,Negligible,0.9992151166253245,0.0,0.0,0.0,0.0,0.0,0
93121,0,0.0,0.0,0.0005593940349415147,Negligible,0.9992151166253245,0.0,0.0,0.0,0.0,0.0,0
93944,0,0.0,0.0,0.0005593940349415147,Negligible,0.9992151166253245,0.0,0.0,0.0,0.0,0.0,0
93232,0,0.0,0.0,0.0005593940349415147,Negligible,0.9992151166253245,0.0,0.0,0.0,0.0,0.0,0
93670,0,0.0,0.0,0.0005593940349415147,Negligible,0.9992151166253245,0.0,0.0,0.0,0.0,0.0,0
90408,0,0.0,0.0,0.0005593940349415147,Negligible,0.9992151166253245,0.0,0.0,0.0,0.0,0.0,0
90409,0,0.0,0.0,0.0005593940349415147,Negligible,0.9992151166253245,0.0,0.0,0.0,0.0,0.0,0
93724,0,0.0,0.0,0.0005593940349415147,Negligible,0.9992151166253245,0.0,0.0,0.0,0.0,0.0,0
90506,0,0.0,0.0,0.0005593940349415147,Negligible,0.9992151166253245,0.0,0.0,0.0,0.0,0.0,0
90509,0,0.0,0.0,0.0005593940349415147,Negligible,0.9992151166253245,0.0,0.0,0.0,0.0,0.0,0
93740,0,0.0,0.0,0.0005593940349415147,Negligible,0.9992151166253245,0.0,0.0,0.0,0.0,0.0,0
93216,0,0.0,0.0,0.0005593940349415147,Negligible,0.9992151166253245,0.0,0.0,0.0,0.0,0.0,0
93902,0,0.0,0.0,0.0005593940349415147,Negligible,0.9992151166253245,0.0,0.0,0.0,642.8571428571428,0.0,0
90607,0,0.0,0.0,0.0005593940349415147,Negligible,0.9992151166253245,0.0,0.0,0.0,0.0,0.0,0
90608,0,0.0,0.0,0.0005593940349415147,Negligible,0.9992151166253245,0.0,0.0,0.0,0.0,0.0,0
93915,0,0.0,0.0,0.0005593940349415147,Negligible,0.9992151166253245,0.0,0.0,0.0,0.0,0.0,0
90639,0,0.0,0.0,0.0005593940349415147,Negligible,0.9992151166253245,0.0,0.0,0.0,0.0,0.0,0
96049,0,0.0,0.0,0.0005593940349415147,Negligible,0.9992151166253245,0.0,0.0,0.0,0.0,0.0,0
94912,0,0.0,0.0,0.0005593940349415147,Negligible,0.9992151166253245,0.0,0.0,0.0,0.0,0.0,0
92811,0,0.0,0.0,0.0005593940349415147,Negligible,0.9992151166253245,0.0,0.0,0.0,0.0,0.0,0
92018,0,0.0,0.0,0.0005593940349415147,Negligible,0.9992151166253245,0.0,0.0,0.0,0.0,0.0,0
92055,0,0.0,0.0,0.0005593940349415147,Negligible,0.9992151166253245,0.0,0.0,0.0,0.0,0.0,0
91785,0,0.0,0.0,0.0005593940349415147,Negligible,0.9992151166253245,0.0,0.0,0.0,0.0,0.0,0
92581,0,0.0,0.0,0.0005593940349415147,Negligible,0.9992151166253245,0.0,0.0,0.0,0.0,0.0,0
92364,0,0.0,0.0,0.0005593940349415147,Negligible,0.9992151166253245,0.0,0.0,0.0,0.0,0.0,0
91769,0,0.0,0.0,0.0005593940349415147,Negligible,0.9992151166253245,0.0,0.0,0.0,0.0,0.0,0
92607,0,0.0,0.0,0.0005593940349415147,Negligible,0.9992151166253245,0.0,0.0,0.0,0.0,0.0,0
92039,0,0.0,0.0,0.0005593940349415147,Negligible,0.9992151166253245,0.0,0.0,0.0,0.0,0.0,0
95115,0,0.0,0.0,0.0005593940349415147,Negligible,0.9992151166253245,0.0,0.0,0.0,0.0,0.0,0
92049,0,0.0,0.0,0.0005593940349415147,Negligible,0.9992151166253245,0.0,0.0,0.0,0.0,0.0,0
92051,0,0.0,0.0,0.0005593940349415147,Negligible,0.9992151166253245,0.0,0.0,0.0,0.0,0.0,0
95378,0,0.0,0.0,0.0005593940349415147,Negligible,0.9992151166253245,0.0,0.0,0.0,529.2307692307692,0.0,0
95406,0,0.0,0.0,0.0005593940349415147,Negligible,0.9992151166253245,0.0,0.0,0.0,0.0,0.0,0
92381,0,0.0,0.0,0.0005593940349415147,Negligible,0.9992151166253245,0.0,0.0,0.0,0.0,0.0,0
95700,0,0.0,0.0,0.0005593940349415147,Negligible,0.9992151166253245,0.0,0.0,0.0,482.3529411764706,0.0,0
92328,0,0.0,0.0,0.0005593940349415147,Negligible,0.9992151166253245,0.0,0.0,0.0,0.0,0.0,0
92310,0,0.0,0.0,0.0005593940349415147,Negligible,0.9992151166253245,0.0,0.0,0.0,0.0,0.0,0
92615,0,0.0,0.0,0.0005593940349415147,Negligible,0.9992151166253245,0.0,0.0,0.0,0.0,0.0,0
95617,0,0.0,0.0,0.0005593940349415147,Negligible,0.9992151166253245,0.0,0.0,0.0,0.0,0.0,0
92068,0,0.0,0.0,0.0005593940349415147,Negligible,0.9992151166253245,0.0,0.0,0.0,0.0,0.0,0
92304,0,0.0,0.0,0.0005593940349415147,Negligible,0.9992151166253245,0.0,0.0,0.0,0.0,0.0,0
95431,0,0.0,0.0,0.0005593940349415147,Negligible,0.9992151166253245,0.0,0.0,0.0,0.0,0.0,0
92079,0,0.0,0.0,0.0005593940349415147,Negligible,0.9992151166253245,0.0,0.0,0.0,0.0,0.0,0
95611,0,0.0,0.0,0.0005593940349415147,Negligible,0.9992151166253245,0.0,0.0,0.0,0.0,0.0,0
95343,0,0.0,0.0,0.0005593940349415147,Negligible,0.9992151166253245,0.0,0.0,0.0,0.0,0.0,0
95652,0,0.0,0.0,0.0005593940349415147,Negligible,0.9992151166253245,0.0,0.0,0.0,0.0,0.0,0
92263,0,0.0,0.0,0.0005593940349415147,Negligible,0.9992151166253245,0.0,0.0,0.0,0.0,0.0,0
95300,0,0.0,0.0,0.0005593940349415147,Negligible,0.9992151166253245,0.0,0.0,0.0,0.0,0.0,0
91951,0,0.0,0.0,0.0005593940349415147,Negligible,0.9992151166253245,0.0,0.0,0.0,0.0,0.0,0
95241,0,0.0,0.0,0.0005593940349415147,Negligible,0.9992151166253245,0.0,0.0,0.0,0.0,0.0,0
92517,0,0.0,0.0,0.0005593940349415147,Negligible,0.9992151166253245,0.0,0.0,0.0,0.0,0.0,0
92427,0,0.0,0.0,0.0005593940349415147,Negligible,0.9992151166253245,0.0,0.0,0.0,0.0,0.0,0
95671,0,0.0,0.0,0.0005593940349415147,Negligible,0.9992151166253245,0.0,0.0,0.0,0.0,0.0,0
92518,0,0.0,0.0,0.0005593940349415147,Negligible,0.9992151166253245,0.0,0.0,0.0,0.0,0.0,0
92415,0,0.0,0.0,0.0005593940349415147,Negligible,0.9992151166253245,0.0,0.0,0.0,0.0,0.0,0
92521,0,0.0,0.0,0.0005593940349415147,Negligible,0.9992151166253245,0.0,0.0,0.0,0.0,0.0,0
91912,0,0.0,0.0,0.0005593940349415147,Negligible,0.9992151166253245,0.0,0.0,0.0,138.0,0.0,0
92531,0,0.0,0.0,0.0005593940349415147,Negligible,0.9992151166253245,0.0,0.0,0.0,0.0,0.0,0
92554,0,0.0,0.0,0.0005593940349415147,Negligible,0.9992151166253245,0.0,0.0,0.0,0.0,0.0,0
91788,0,0.0,0.0,0.0005593940349415147,Negligible,0.9992151166253245,0.0,0.0,0.0,0.0,0.0,0
95213,0,0.0,0.0,0.0005593940349415147,Negligible,0.9992151166253245,0.0,0.0,0.0,0.0,0.0,0
91802,0,0.0,0.0,0.0005593940349415147,Negligible,0.9992151166253245,0.0,0.0,0.0,0.0,0.0,0
92406,0,0.0,0.0,0.0005593940349415147,Negligible,0.9992151166253245,0.0,0.0,0.0,0.0,0.0,0
95211,0,0.0,0.0,0.0005593940349415147,Negligible,0.9992151166253245,0.0,0.0,0.0,0.0,0.0,0
95201,0,0.0,0.0,0.0005593940349415147,Negligible,0.9992151166253245,0.0,0.0,0.0,0.0,0.0,0
95192,0,0.0,0.0,0.0005593940349415147,Negligible,0.9992151166253245,0.0,0.0,0.0,0.0,0.0,0
95153,0,0.0,0.0,0.0005593940349415147,Negligible,0.9992151166253245,0.0,0.0,0.0,0.0,0.0,0
95152,0,0.0,0.0,0.0005593940349415147,Negligible,0.9992151166253245,0.0,0.0,0.0,0.0,0.0,0
92013,0,0.0,0.0,0.0005593940349415147,Negligible,0.9992151166253245,0.0,0.0,0.0,0.0,0.0,0
92403,0,0.0,0.0,0.0005593940349415147,Negligible,0.9992151166253245,0.0,0.0,0.0,0.0,0.0,0
93457,0,0.0,0.0,0.0005593940349415147,Negligible,0.9992151166253245,0.0,0.0,0.0,0.0,0.0,0
95109,0,0.0,0.0,0.0005593940349415147,Negligible,0.9992151166253245,0.0,0.0,0.0,817.6470588235294,0.0,0
95077,0,0.0,0.0,0.0005593940349415147,Negligible,0.9992151166253245,0.0,0.0,0.0,0.0,0.0,0
92150,0,0.0,0.0,0.0005593940349415147,Negligible,0.9992151166253245,0.0,0.0,0.0,0.0,0.0,0
94978,0,0.0,0.0,0.0005593940349415147,Negligible,0.9992151166253245,0.0,0.0,0.0,0.0,0.0,0
92182,0,0.0,0.0,0.0005593940349415147,Negligible,0.9992151166253245,0.0,0.0,0.0,0.0,0.0,0
92178,0,0.0,0.0,0.0005593940349415147,Negligible,0.9992151166253245,0.0,0.0,0.0,0.0,0.0,0
92170,0,0.0,0.0,0.0005593940349415147,Negligible,0.9992151166253245,0.0,0.0,0.0,0.0,0.0,0
92112,0,0.0,0.0,0.0005593940349415147,Negligible,0.9992151166253245,0.0,0.0,0.0,0.0,0.0,0
92161,0,0.0,0.0,0.0005593940349415147,Negligible,0.9992151166253245,0.0,0.0,0.0,0.0,0.0,0
94966,0,0.0,0.0,0.0005593940349415147,Negligible,0.9992151166253245,0.0,0.0,0.0,0.0,0.0,0
92155,0,0.0,0.0,0.0005593940349415147,Negligible,0.9992151166253245,0.0,0.0,0.0,0.0,0.0,0
91734,0,0.0,0.0,0.0005593940349415147,Negligible,0.9992151166253245,0.0,0.0,0.0,0.0,0.0,0
95812,0,0.0,0.0,0.0005593940349415147,Negligible,0.9992151166253245,0.0,0.0,0.0,0.0,0.0,0
92147,0,0.0,0.0,0.0005593940349415147,Negligible,0.9992151166253245,0.0,0.0,0.0,0.0,0.0,0
94979,0,0.0,0.0,0.0005593940349415147,Negligible,0.9992151166253245,0.0,0.0,0.0,0.0,0.0,0
92145,0,0.0,0.0,0.0005593940349415147,Negligible,0.9992151166253245,0.0,0.0,0.0,0.0,0.0,0
95502,0,0.0,0.0,0.0005593940349415147,Negligible,0.9992151166253245,0.0,0.0,0.0,0.0,0.0,0
92143,0,0.0,0.0,0.0005593940349415147,Negligible,0.9992151166253245,0.0,0.0,0.0,0.0,0.0,0
92140,0,0.0,0.0,0.0005593940349415147,Negligible,0.9992151166253245,0.0,0.0,0.0,0.0,0.0,0
92138,0,0.0,0.0,0.0005593940349415147,Negligible,0.9992151166253245,0.0,0.0,0.0,0.0,0.0,0
92136,0,0.0,0.0,0.0005593940349415147,Negligible,0.9992151166253245,0.0,0.0,0.0,0.0,0.0,0
94942,0,0.0,0.0,0.0005593940349415147,Negligible,0.9992151166253245,0.0,0.0,0.0,0.0,0.0,0
92135,0,0.0,0.0,0.0005593940349415147,Negligible,0.9992151166253245,0.0,0.0,0.0,0.0,0.0,0
92674,0,0.0,0.0,0.0005593940349415147,Negligible,0.9992151166253245,0.0,0.0,0.0,0.0,0.0,0
92133,0,0.0,0.0,0.0005593940349415147,Negligible,0.9992151166253245,0.0,0.0,0.0,0.0,0.0,0
95609,0,0.0,0.0,0.0005593940349415147,Negligible,0.9992151166253245,0.0,0.0,0.0,433.33333333333337,0.0,0
95763,0,0.0,0.0,0.0005593940349415147,Negligible,0.9992151166253245,0.0,0.0,0.0,0.0,0.0,0
95001,0,0.0,0.0,0.0005593940349415147,Negligible,0.9992151166253245,0.0,0.0,0.0,0.0,0.0,0
95042,0,0.0,0.0,0.0005593940349415147,Negligible,0.9992151166253245,0.0,0.0,0.0,-1012.2448979591837,0.0,0
95067,0,0.0,0.0,0.0005593940349415147,Negligible,0.9992151166253245,0.0,0.0,0.0,0.0,0.0,0
92619,0,0.0,0.0,0.0005593940349415147,Negligible,0.9992151166253245,0.0,0.0,0.0,0.0,0.0,0
92261,0,0.0,0.0,0.0005593940349415147,Negligible,0.9992151166253245,0.0,0.0,0.0,0.0,0.0,0
92085,0,0.0,0.0,0.0005593940349415147,Negligible,0.9992151166253245,0.0,0.0,0.0,0.0,0.0,0
95063,0,0.0,0.0,0.0005593940349415147,Negligible,0.9992151166253245,0.0,0.0,0.0,0.0,0.0,0
92092,0,0.0,0.0,0.0005593940349415147,Negligible,0.9992151166253245,0.0,0.0,0.0,0.0,0.0,0
92623,0,0.0,0.0,0.0005593940349415147,Negligible,0.9992151166253245,0.0,0.0,0.0,0.0,0.0,0
95055,0,0.0,0.0,0.0005593940349415147,Negligible,0.9992151166253245,0.0,0.0,0.0,0.0,0.0,0
92658,0,0.0,0.0,0.0005593940349415147,Negligible,0.9992151166253245,0.0,0.0,0.0,0.0,0.0,0
91747,0,0.0,0.0,0.0005593940349415147,Negligible,0.9992151166253245,0.0,0.0,0.0,0.0,0.0,0
92093,0,0.0,0.0,0.0005593940349415147,Negligible,0.9992151166253245,0.0,0.0,0.0,0.0,0.0,0
92628,0,0.0,0.0,0.0005593940349415147,Negligible,0.9992151166253245,0.0,0.0,0.0,0.0,0.0,0
92096,0,0.0,0.0,0.0005593940349415147,Negligible,0.9992151166253245,0.0,0.0,0.0,0.0,0.0,0
95026,0,0.0,0.0,0.0005593940349415147,Negligible,0.9992151166253245,0.0,0.0,0.0,0.0,0.0,0
95021,0,0.0,0.0,0.0005593940349415147,Negligible,0.9992151166253245,0.0,0.0,0.0,0.0,0.0,0
95016,0,0.0,0.0,0.0005593940349415147,Negligible,0.9992151166253245,0.0,0.0,0.0,0.0,0.0,0
95015,0,0.0,0.0,0.0005593940349415147,Negligible,0.9992151166253245,0.0,0.0,0.0,0.0,0.0,0
95011,0,0.0,0.0,0.0005593940349415147,Negligible,0.9992151166253245,0.0,0.0,0.0,0.0,0.0,0
92235,0,0.0,0.0,0.0005593940349415147,Negligible,0.9992151166253245,0.0,0.0,0.0,0.0,0.0,0
92192,0,0.0,0.0,0.0005593940349415147,Negligible,0.9992151166253245,0.0,0.0,0.0,0.0,0.0,0
92502,0,0.0,0.0,0.0005593940349415147,Negligible,0.9992151166253245,0.0,0.0,0.0,0.0,0.0,0
95269,0,0.0,0.0,0.0005587787188779319,Negligible,0.9992146846243958,0.0,0.0,0.0,712.1666666666667,0.0,0
93220,Kern County,35.35000000000001,-118.73000000000002,0.0005587787188779319,Negligible,0.9992146846243958,0.0,0.0,0.0,532.8333333333333,0.0,Negligible
90014,Los Angeles County,34.20000000000002,-118.26000000000008,0.0005587787188779319,Negligible,0.9992146846243958,0.0,0.0,0.0,600.0,0.0,Negligible
93456,0,0.0,0.0,0.0005587787188779319,Negligible,0.9992146846243958,0.0,0.0,0.0,746.6666666666666,0.0,0
94615,Alameda County,37.64999999999999,-121.90999999999995,0.0005587787188779319,Negligible,0.9992146846243958,0.0,0.0,0.0,723.3333333333334,0.0,Negligible
95866,0,0.0,0.0,0.0005587787188779319,Negligible,0.9992146846243958,0.0,0.0,0.0,645.1612903225806,0.0,0
94529,0,0.0,0.0,0.0005587787188779319,Negligible,0.9992146846243958,0.0,0.0,0.0,0.0,0.0,0
94130,San Francisco County,37.73000000000001,-123.03000000000009,0.0005587787188779319,Negligible,0.9992146846243958,0.0,0.0,0.0,392.60240963855426,0.0,Negligible
91365,0,0.0,0.0,0.0005587787188779319,Negligible,0.9992146846243958,0.0,0.0,0.0,807.0,0.0,0
94803,Marin County,38.049999999999976,-122.75,0.0005305101367524506,Negligible,0.9964808608917983,1.12,-0.019999999999999796,0.10706105499257697,1207.7341605548936,1.0,Low
93599,0,0.0,0.0,0.0005247740092057311,Negligible,0.9992590896208714,1.0,0.0,0.0,833.3333333333334,0.0,0
93592,0,0.0,0.0,0.0004745154438128367,Negligible,0.9993311229196419,1.0,0.0,0.0,613.5,0.0,0
95503,Humboldt County,40.710000000000015,-123.92999999999996,0.00036614938043721935,Negligible,0.99807490570639,0.9725,-0.010000000000000009,0.05548372517478337,874.4914602461699,-1.0,Outlier
95101,0,0.0,0.0,0.0003640166412101122,Negligible,0.9994917541180418,1.0,0.0,0.0,6465.0,0.0,0
92384,San Bernardino County,34.86,-116.17999999999998,0.000363921386774534,Negligible,0.9994891181208704,1.0,0.0,0.0,747.125,2.0,Moderate
94302,0,0.0,0.0,0.00036337011704849764,Negligible,0.999491302253201,1.0,0.0,0.0,6666.0,0.0,0
95716,Sacramento County,38.45000000000002,-121.34000000000005,0.00036058815216807074,Negligible,0.999510027659118,0.0,0.0,0.0,3171.5,2.0,Moderate
95250,Alameda County,37.64999999999999,-121.90999999999995,0.0,Negligible,0.986476902076936,1.89,-2.59,0.0,1305.3640038463466,0.0,Negligible
92651,Orange County,33.67999999999998,-117.78000000000009,0.0,Negligible,0.9935977779726605,1.455,-0.19999999999999996,0.02659703511583323,2648.108215855233,2.0,Moderate
96112,Shasta County,40.76,-122.04,0.0,Negligible,0.9907043003750231,1.8425,-0.24,0.0,1011.2017121418676,-1.0,Outlier
92223,Riverside County,33.73000000000001,-116.0,0.0,Negligible,0.9957535994017234,0.79,-0.06000000000000005,0.06691328901715643,942.3638835361946,2.0,Moderate
92657,Orange County,33.67999999999998,-117.78000000000009,0.0,Negligible,0.994637816684858,1.38,-0.24,0.03312220437883154,3981.8270974527723,2.0,Moderate
92108,San Diego County,33.01999999999999,-116.78000000000009,0.0,Negligible,0.9920010747618588,0.9725,-0.22000000000000008,0.0,853.1624660039853,2.0,Moderate
94974,Marin County,38.049999999999976,-122.75,0.0,Negligible,0.9978545591325647,0.7675,-1.66,0.0,1208.6610452186806,0.0,Negligible
95568,Humboldt County,40.710000000000015,-123.92999999999996,0.0,Negligible,0.9837604982446516,2.7225,-0.5699999999999998,0.0,1401.8584905660377,-1.0,Outlier
90210,Los Angeles County,34.20000000000002,-118.26000000000008,0.0,Negligible,0.9958713173527866,1.8925,-0.22999999999999998,0.04342706954032017,10861.666345696818,2.0,Moderate
94563,Contra Costa County,37.919999999999995,-121.94999999999996,0.0,Negligible,0.9838755581610147,2.1475,-0.96,0.15349808053964872,2282.4284196440644,-1.0,Outlier
92243,Riverside County,33.73000000000001,-116.0,0.0,Negligible,0.9967802741763553,0.4,-0.10999999999999999,0.14321688788086637,1048.6767878351127,0.0,Negligible
95030,Santa Clara County,37.22000000000002,-121.69000000000004,0.0,Negligible,0.9840192860743211,1.71,-0.25,0.027793793295019277,2431.3738472175746,-1.0,Outlier
96108,Shasta County,40.76,-122.04,0.0,Negligible,0.9862851683522716,1.8175,-1.0999999999999999,0.0763365147166789,1309.428939452125,-1.0,Outlier
93581,Santa Barbara County,34.539999999999985,-120.03999999999998,0.0,Negligible,0.9993081747060765,0.75,-1.0,0.0,559.0,0.0,Negligible
92091,San Diego County,33.01999999999999,-116.78000000000009,0.0,Negligible,0.9889388453130312,1.1675,-0.1200000000000001,0.0,3394.5141408374966,2.0,Moderate
96099,0,0.0,0.0,0.0,Negligible,0.99238933502936,1.0,-3.0,0.0,1494.2857142857144,0.0,0
92621,Orange County,33.67999999999998,-117.78000000000009,0.0,Negligible,0.9939068754637199,1.1225,-0.51,0.0,865.125,0.0,Negligible
95604,Sacramento County,38.45000000000002,-121.34000000000005,0.0,Negligible,0.9980541034276856,1.46,-3.38,0.0,6919.11111111111,-1.0,Outlier
92251,Riverside County,33.73000000000001,-116.0,0.0,Negligible,0.9979152810922973,0.4425,-0.13000000000000006,0.05767536727386362,943.4020864783206,0.0,Negligible
92084,San Diego County,33.01999999999999,-116.78000000000009,0.0,Negligible,0.9964001600139358,1.1125,-0.04999999999999982,0.1091188214229521,1258.9517193743982,2.0,Moderate
92255,Riverside County,33.73000000000001,-116.0,0.0,Negligible,0.9981834976546183,0.5,-1.0,0.0,2084.6176470588234,0.0,Negligible
94553,Contra Costa County,37.919999999999995,-121.94999999999996,0.0,Negligible,0.9980096194027971,0.665,-0.09999999999999998,0.07169118160148238,1113.4341103233587,1.0,Low
96119,Shasta County,40.76,-122.04,0.0,Negligible,0.9954123622624919,1.905,-1.71,0.0,1270.0164650537633,-1.0,Outlier
94611,Alameda County,37.64999999999999,-121.90999999999995,0.0,Negligible,0.9792350707517595,2.0475,-0.6400000000000001,0.07566913270041803,2373.5163036674944,-1.0,Outlier
94605,Alameda County,37.64999999999999,-121.90999999999995,0.0,Negligible,0.9936680904189353,1.02,-0.1200000000000001,0.17617671411780736,1402.6708837486328,1.0,Low
94965,Marin County,38.049999999999976,-122.75,0.0,Negligible,0.96896205123787,1.755,-0.3999999999999999,0.03258705512713679,2319.833823338203,-1.0,Outlier
92129,San Diego County,33.01999999999999,-116.78000000000009,0.0,Negligible,0.9986900533645716,1.16,-0.050000000000000044,0.07116924076334633,1310.9278274746202,2.0,Moderate
94920,Marin County,38.049999999999976,-122.75,0.0,Negligible,0.9915978597773679,1.445,-0.3700000000000001,0.003981206627493579,3063.9276088190754,-1.0,Outlier
96158,Shasta County,40.76,-122.04,0.0,Negligible,0.9664735102257994,2.005,-0.4999999999999998,0.0,2407.459388185654,-1.0,Outlier
93452,San Luis Obispo County,35.38999999999999,-120.44999999999992,0.0,Negligible,0.9942109984930878,1.95,-0.19999999999999996,0.0,3310.497058823529,-1.0,Outlier
94914,Marin County,38.049999999999976,-122.75,0.0,Negligible,0.9979659546683942,1.8875,-0.27,0.0,13309.25,-1.0,Outlier
93502,Santa Barbara County,34.539999999999985,-120.03999999999998,0.0,Negligible,0.9994253073997371,0.2525,-0.5,0.0,727.875,0.0,Negligible
94904,Marin County,38.049999999999976,-122.75,0.0,Negligible,0.9868820928141973,1.7325,-0.45999999999999996,0.012114097365172523,2598.6972638639454,-1.0,Outlier
94946,Marin County,38.049999999999976,-122.75,0.0,Negligible,0.98915862192808,2.195,-0.43999999999999995,0.0,3024.2140367254465,-1.0,Outlier
94957,Marin County,38.049999999999976,-122.75,0.0,Negligible,0.9899944966443625,1.9275,-0.6099999999999999,0.00028388309604692786,4768.565646941719,-1.0,Outlier
93519,Santa Barbara County,34.539999999999985,-120.03999999999998,0.0,Negligible,0.995765354506893,1.0875,-0.17999999999999994,0.0,1073.5447580434761,0.0,Negligible
95832,Sacramento County,38.45000000000002,-121.34000000000005,0.0,Negligible,0.9920974750752813,0.3225,-0.15999999999999998,0.05888541356502319,774.0708591735685,1.0,Low
92120,San Diego County,33.01999999999999,-116.78000000000009,0.0,Negligible,0.9969540147609128,1.1625,-0.09000000000000008,0.06018584664289112,1122.2207808455191,2.0,Moderate
93435,San Luis Obispo County,35.38999999999999,-120.44999999999992,0.0,Negligible,0.9837655451052437,2.2275,-0.6699999999999999,0.0,2113.4375,-1.0,Outlier
90077,Los Angeles County,34.20000000000002,-118.26000000000008,0.0,Negligible,0.9708204137912718,2.555,-0.5199999999999996,0.037115259818686415,8905.541138483675,2.0,Moderate
93539,Santa Barbara County,34.539999999999985,-120.03999999999998,0.0,Negligible,0.9993087544684062,0.3333333333333333,-1.0,0.0,25.0,0.0,Negligible
94705,Alameda County,37.64999999999999,-121.90999999999995,0.0,Negligible,0.9960519604638323,1.3199999999999998,-0.28,0.010232168482124956,2650.6967972658003,-1.0,Outlier
92697,Orange County,33.67999999999998,-117.78000000000009,0.0,Negligible,0.9993087544684062,0.3333333333333333,-1.0,0.0,51.0,0.0,Negligible
90046,Los Angeles County,34.20000000000002,-118.26000000000008,0.0,Negligible,0.9988419461658488,1.8399999999999999,-0.33000000000000007,0.03800936669865685,3364.020225191382,2.0,Moderate
90049,Los Angeles County,34.20000000000002,-118.26000000000008,0.0,Negligible,0.9891331502343771,1.6625,-0.3500000000000001,0.21247567916317114,5626.374323681412,2.0,Moderate
95836,Sacramento County,38.45000000000002,-121.34000000000005,0.0,Negligible,0.9977334714260291,0.5,-1.0,0.0,499.1546391752577,-1.0,Outlier
94613,Alameda County,37.64999999999999,-121.90999999999995,0.0,Negligible,0.999111532481625,0.6666666666666666,-2.0,0.0,849.9999999999999,0.0,Negligible
90065,Los Angeles County,34.20000000000002,-118.26000000000008,0.0,Negligible,0.9974602838697192,1.1925000000000001,-0.21999999999999997,0.09859860041458682,1089.8043654549424,2.0,Moderate
95486,Sonoma County,38.52999999999998,-122.92999999999998,0.0,Negligible,0.9770179264065209,2.35,-0.4500000000000002,0.0,1207.7276730965025,-1.0,Outlier
90068,Los Angeles County,34.20000000000002,-118.26000000000008,0.0,Negligible,0.983219283041492,1.91,-0.42999999999999994,0.08114601420759344,3148.7886189643227,2.0,Moderate
90069,Los Angeles County,34.20000000000002,-118.26000000000008,0.0,Negligible,0.9937229317143764,1.4275,-0.33000000000000007,0.007244040118926273,5828.616953869238,2.0,Moderate
90071,Los Angeles County,34.20000000000002,-118.26000000000008,0.0,Negligible,0.9955061804599971,0.3333333333333333,-1.0,0.0,3620.0,2.0,Moderate
94549,Contra Costa County,37.919999999999995,-121.94999999999996,0.0,Negligible,0.9776004312898475,1.9825,-0.7699999999999998,0.04565439997129251,2061.405825328764,-1.0,Outlier
92616,0,0.0,0.0,0.0,Negligible,0.9995286495165367,0.5,-1.0,0.0,2370.0,0.0,0
93613,Fresno County,36.76,-119.65999999999995,0.0,Negligible,0.9994420265540213,0.95,-1.8,0.0,2841.231231231231,2.0,Moderate
90272,Los Angeles County,34.20000000000002,-118.26000000000008,0.0,Negligible,0.9937593048794434,1.78,-0.55,0.04834300527518154,4807.37952621767,2.0,Moderate
94010,San Francisco County,37.73000000000001,-123.03000000000009,0.0,Negligible,0.9977666279840622,1.2325,-0.21999999999999997,0.07470046834992031,2370.3940490670607,-1.0,Outlier
95347,Santa Clara County,37.22000000000002,-121.69000000000004,0.0,Negligible,0.9916744816180464,2.07,-1.78,0.0,1003.3728448275863,-1.0,Outlier
90704,Los Angeles County,34.20000000000002,-118.26000000000008,0.0,Negligible,0.9786004047605439,2.6425,-1.02,0.0,2271.828292371805,2.0,Moderate
94142,San Francisco County,37.73000000000001,-123.03000000000009,0.0,Negligible,0.9990452535343829,0.6666666666666666,-2.0,0.0,596.2962962962963,0.0,Negligible
92375,San Bernardino County,34.86,-116.17999999999998,0.0,Negligible,0.9994329555464112,0.6666666666666666,-2.0,0.0,3585.0,2.0,Moderate
91786,Los Angeles County,34.20000000000002,-118.26000000000008,0.0,Negligible,0.9935463988144383,0.4075,-0.18000000000000005,0.14389151092207084,983.1948790847779,0.0,Negligible
94022,San Francisco County,37.73000000000001,-123.03000000000009,0.0,Negligible,0.9981535080317381,1.1724999999999999,-0.08000000000000007,0.2685226312624762,2469.2005752214754,-1.0,Outlier
92393,San Bernardino County,34.86,-116.17999999999998,0.0,Negligible,0.9857164143703181,0.83,-0.28,0.0,1045.25,2.0,Moderate
94025,San Francisco County,37.73000000000001,-123.03000000000009,0.0,Negligible,0.993160829810648,1.1925000000000001,-0.1499999999999999,0.27746833237732,1577.710518519908,1.0,Low
92394,San Bernardino County,34.86,-116.17999999999998,0.0,Negligible,0.997983445352625,0.4875,-0.030000000000000027,0.10354573800224832,861.5995625633904,2.0,Moderate
94027,San Francisco County,37.73000000000001,-123.03000000000009,0.0,Negligible,0.990167989394006,1.7325,-0.42999999999999994,0.005929100331074301,5627.320938033186,-1.0,Outlier
94028,San Francisco County,37.73000000000001,-123.03000000000009,0.0,Negligible,0.9873481693363138,2.0300000000000002,-0.6300000000000001,0.01319860310538202,3481.0698759987326,-1.0,Outlier
92395,San Bernardino County,34.86,-116.17999999999998,0.0,Negligible,0.9971297214327112,0.6125,-0.07000000000000006,0.07419006764830628,914.8394800396474,2.0,Moderate
91008,Los Angeles County,34.20000000000002,-118.26000000000008,0.0,Negligible,0.9689109535685803,2.32,-0.8000000000000003,0.01650298745792445,3799.062992792869,2.0,Moderate
92401,San Bernardino County,34.86,-116.17999999999998,0.0,Negligible,0.9836769941411819,0.775,-1.2,0.0,921.2339159261219,0.0,Negligible
91011,Los Angeles County,34.20000000000002,-118.26000000000008,0.0,Negligible,0.9994033843369173,1.305,-0.3400000000000001,0.030548921492690527,2466.3158765012354,2.0,Moderate
95967,Butte County,39.67,-121.59999999999992,0.0,Negligible,0.9990452535343829,0.6666666666666666,-2.0,0.0,817.6470588235294,0.0,Negligible
95150,Santa Clara County,37.22000000000002,-121.69000000000004,0.0,Negligible,0.995226521310154,1.3325,-1.33,0.0,1026.8333333333333,0.0,Negligible
92686,Orange County,33.67999999999998,-117.78000000000009,0.0,Negligible,0.9932955750137537,0.5,-0.17000000000000004,0.0,1076.4583333333333,0.0,Negligible
92014,San Diego County,33.01999999999999,-116.78000000000009,0.0,Negligible,0.9963500765878802,1.375,-0.16999999999999993,0.012523409369117104,2290.1543888336896,2.0,Moderate
92564,0,0.0,0.0,0.0,Negligible,0.9930489106827406,1.0,-2.0,0.0,999.0,0.0,0
94111,San Francisco County,37.73000000000001,-123.03000000000009,0.0,Negligible,0.995903751177071,1.625,-0.6299999999999999,0.0,7127.4650726676045,-1.0,Outlier
94062,San Francisco County,37.73000000000001,-123.03000000000009,0.0,Negligible,0.995559369460609,1.3125,-0.1299999999999999,0.02756923483273739,2552.992630634844,-1.0,Outlier
94088,San Francisco County,37.73000000000001,-123.03000000000009,0.0,Negligible,0.9966391800220502,0.5,-1.0,0.0,1043.75,0.0,Negligible
94074,San Francisco County,37.73000000000001,-123.03000000000009,0.0,Negligible,0.9880413147516784,2.08,-0.4500000000000002,0.0,2745.4800768109726,-1.0,Outlier
91921,0,0.0,0.0,0.0,Negligible,0.9975015971405738,1.5,-3.0,0.0,811.0,0.0,0
91077,0,0.0,0.0,0.0,Negligible,0.9993075685406194,0.5,-1.0,0.0,0.0,0.0,0
95364,Santa Clara County,37.22000000000002,-121.69000000000004,0.0,Negligible,0.9720131875097342,2.4875,-0.5700000000000003,0.0,1263.1008763061623,-1.0,Outlier
92026,San Diego County,33.01999999999999,-116.78000000000009,0.0,Negligible,0.9978002074321523,1.25,-0.07000000000000006,0.0623462358176618,1258.322136213043,2.0,Moderate
92593,0,0.0,0.0,0.0,Negligible,0.9973991818389102,1.0,-1.0,0.0,1305.5,0.0,0
95418,Sonoma County,38.52999999999998,-122.92999999999998,0.0,Negligible,0.9927008173709725,1.37,-0.78,0.0,1327.5708044840092,0.0,Negligible
91105,Los Angeles County,34.20000000000002,-118.26000000000008,0.0,Negligible,0.9940162076082663,1.5975,-0.3700000000000001,0.06560713018253334,2304.4206744896696,2.0,Moderate
94535,Contra Costa County,37.919999999999995,-121.94999999999996,0.0,Negligible,0.9979816484497698,0.40750000000000003,-0.63,0.0,852.2025316455696,0.0,Negligible
93642,Fresno County,36.76,-119.65999999999995,0.0,Negligible,0.9962753976181931,2.25,-3.0,0.0,2581.4599156118143,-1.0,Outlier
92278,Riverside County,33.73000000000001,-116.0,0.0,Negligible,0.988823114221415,1.2375,-2.54,0.0,1027.1280842474966,0.0,Negligible
91383,0,0.0,0.0,0.0,Negligible,0.986538747708451,2.6666666666666665,-4.0,0.0,2818.0263157894738,0.0,0
94528,Contra Costa County,37.919999999999995,-121.94999999999996,0.0,Negligible,0.9965741822378954,2.0,-0.4600000000000002,0.027222775532960028,3537.2569691806484,-1.0,Outlier
94522,Contra Costa County,37.919999999999995,-121.94999999999996,0.0,Negligible,0.9959305114332491,1.2850000000000001,-2.08,0.0,867.7149843731913,0.0,Negligible
92067,San Diego County,33.01999999999999,-116.78000000000009,0.0,Negligible,0.984895863415981,1.75,-0.2999999999999998,0.1889920706568879,5417.295598974308,2.0,Moderate
94516,Contra Costa County,37.919999999999995,-121.94999999999996,0.0,Negligible,0.9662921824129443,2.58,-0.8199999999999998,0.0,1517.9093618276381,-1.0,Outlier
96070,Lassen County,40.72000000000002,-120.63000000000008,0.0,Negligible,0.9975015971405738,1.5,-3.0,0.0,823.547619047619,0.0,Negligible
93714,0,0.0,0.0,0.0,Negligible,0.9993070316468139,0.5,-1.0,0.0,617.0,0.0,0
94507,Contra Costa County,37.919999999999995,-121.94999999999996,0.0,Negligible,0.9936888813324667,1.7650000000000001,-0.44999999999999996,0.07068705611643698,2442.4184482682094,-1.0,Outlier
95416,Sonoma County,38.52999999999998,-122.92999999999998,0.0,Negligible,0.9981429311176097,0.6825,-0.040000000000000036,0.0,819.8133201186998,1.0,Low
92037,San Diego County,33.01999999999999,-116.78000000000009,0.0,Negligible,0.9994992174031752,1.1375,-0.19999999999999996,0.053238958147823624,2585.2832456720907,2.0,Moderate
93729,Fresno County,36.76,-119.65999999999995,0.0,Negligible,0.99943322614165,0.5725,-2.0,0.0,2362.690291710845,0.0,Negligible
92332,San Bernardino County,34.86,-116.17999999999998,0.0,Negligible,0.996934215453951,0.7925,-0.5,0.0,1111.507944228275,0.0,Negligible
92338,San Bernardino County,34.86,-116.17999999999998,0.0,Negligible,0.9944211422108667,1.125,-1.5,0.0,1704.0,0.0,Negligible
95699,Sacramento County,38.45000000000002,-121.34000000000005,0.0,Negligible,0.9857318309545299,1.955,-0.3900000000000001,0.0,1238.8844228429025,-1.0,Outlier
95402,Sonoma County,38.52999999999998,-122.92999999999998,0.0,Negligible,0.9988520149576057,1.5,-3.0,0.0,14096.5,-1.0,Outlier
93005,0,0.0,0.0,0.0,Negligible,0.9993070316468139,0.5,-1.0,0.0,343.0,0.0,0
95113,Santa Clara County,37.22000000000002,-121.69000000000004,0.0,Negligible,0.9974683139336558,0.335,-0.07,0.0,848.773921480818,1.0,Low
92350,0,0.0,0.0,0.0,Negligible,0.9990452535343829,0.6666666666666666,-2.0,0.0,605.2631578947369,0.0,0
94304,San Mateo County,37.40999999999998,-122.36999999999992,0.0,Negligible,0.9865295549836116,1.6175,-0.7300000000000002,0.0,2751.7149976827004,-1.0,Outlier
93922,Monterey County,36.24,-121.32000000000002,0.0,Negligible,0.9956993611845298,1.1775,-0.27,0.0,3065.147158814959,-1.0,Outlier
93923,Monterey County,36.24,-121.32000000000002,0.0,Negligible,0.9867157737465118,2.0875,-0.3999999999999999,0.03124378619799381,2354.708137087177,-1.0,Outlier
95696,Sacramento County,38.45000000000002,-121.34000000000005,0.0,Negligible,0.9979886877883204,0.8066666666666666,-2.42,0.0,1223.8461538461538,0.0,Negligible
92679,Orange County,33.67999999999998,-117.78000000000009,0.0,Negligible,0.995587239015178,1.275,-0.1100000000000001,0.0067935689751117264,2264.7380523656125,2.0,Moderate
