ZIP_Code,county,lat,lon,cluster,risk_tier,cluster_prob,avg_fire_risk_score,avg_earned_premium,avg_premium_per_policy,avg_loss_ratio,high_risk_fraction,pct_premium_change
90001,Los Angeles County,34.20000000000002,-118.26000000000009,32,Urban Low-Risk,1.0,0.1975,837718.0,777.081347156695,0.24320060987219144,0.0,78.91553244058407
90002,Los Angeles County,34.20000000000002,-118.26000000000009,32,Urban Low-Risk,1.0,0.2,1184917.75,762.6366828312538,0.09836065282091394,0.0,82.04030130386572
90003,Los Angeles County,34.20000000000002,-118.26000000000009,-1,Outlier/Anomalous,0.0,0.1875,1210824.25,841.7165597598035,0.20895518390699622,0.0,76.2465431130557
90004,Los Angeles County,34.20000000000002,-118.26000000000009,22,Risk Tier 29,1.0,0.35250000000000004,3473150.75,2557.3844129636814,0.03986743511113561,0.0,71.0975831680655
90005,Los Angeles County,34.20000000000002,-118.26000000000009,-1,Outlier/Anomalous,0.0,0.3575,1108772.5,3598.87887296996,0.05616747820413977,0.0,64.42031467625917
90006,Los Angeles County,34.20000000000002,-118.26000000000009,34,Risk Tier 11,1.0,0.255,380666.75,1304.1430183599712,0.7490249893613705,0.0,67.33402997406691
90007,Los Angeles County,34.20000000000002,-118.26000000000009,34,Risk Tier 11,1.0,0.20500000000000002,375501.5,1294.8595127763758,0.20133934369226517,0.0,72.56513692490095
90008,Los Angeles County,34.20000000000002,-118.26000000000009,34,Risk Tier 11,0.7220999277606746,0.27749999999999997,2311123.75,1477.1001991410824,0.197692717289586,0.0,102.33729488735293
90011,Los Angeles County,34.20000000000002,-118.26000000000009,33,Risk Tier 6,0.9149279814375794,0.2075,1235400.0,894.7810939706378,0.18693402177379254,0.0,89.09270493623687
90012,Los Angeles County,34.20000000000002,-118.26000000000009,30,Risk Tier 28,1.0,1.0375,96541.25,1056.3674432693304,0.0,0.0,78.72605297738433
90013,Los Angeles County,34.20000000000002,-118.26000000000009,-1,Outlier/Anomalous,0.0,0.44,1481.25,760.8311143984221,0.0,0.0,2.9858564693556837
90014,Los Angeles County,34.20000000000002,-118.26000000000009,3,Risk Tier 18,1.0,0.0,373.0,600.0,0.0,0.0,-39.59390862944163
90015,Los Angeles County,34.20000000000002,-118.26000000000009,34,Risk Tier 11,1.0,0.3625,41347.0,1333.4482671444239,0.0,0.0,49.152643691903044
90016,Los Angeles County,34.20000000000002,-118.26000000000009,33,Risk Tier 6,1.0,0.2375,1989760.0,1046.1922783943469,0.13890870372533204,0.0,85.81532281106288
90017,Los Angeles County,34.20000000000002,-118.26000000000009,10,Risk Tier 21,1.0,0.135,5347.5,946.9901864850876,0.9022304027717627,0.0,263.01429190125594
90018,Los Angeles County,34.20000000000002,-118.26000000000009,-1,Outlier/Anomalous,0.0,0.255,1760678.5,1156.0801342382374,0.3723648330036292,0.0,96.91495635763152
90019,Los Angeles County,34.20000000000002,-118.26000000000009,34,Risk Tier 11,0.7220999277606746,0.245,3230578.5,1453.243740078909,0.050890805270330144,0.0,89.60082870286563
90020,Los Angeles County,34.20000000000002,-118.26000000000009,23,Risk Tier 32,1.0,0.5975,1653180.25,5787.449067549082,0.0,0.0,61.42097920629088
90021,Los Angeles County,34.20000000000002,-118.26000000000009,32,Urban Low-Risk,0.8403356478859936,0.09,3267.0,882.4212398373984,0.0,0.0,63.35669781931465
90022,Los Angeles County,34.20000000000002,-118.26000000000009,21,Wildland-Urban Interface High-Risk,0.8512763838482295,0.185,1186417.75,674.8842364429611,0.03476137794477955,0.0,91.13517459544957
90023,Los Angeles County,34.20000000000002,-118.26000000000009,21,Wildland-Urban Interface High-Risk,1.0,0.22749999999999998,582385.5,753.9044022753728,0.16285948872495468,0.0,100.0502708897687
90024,Los Angeles County,34.20000000000002,-118.26000000000009,23,Risk Tier 32,0.762168630998213,0.615,4362500.0,4147.121741680853,0.015791088746229597,0.006525801501313082,50.27390953983365
90025,Los Angeles County,34.20000000000002,-118.26000000000009,28,Risk Tier 17,0.6409492232892839,0.2875,1347968.25,1639.2774303526699,0.03008033988723666,0.0,69.2397054992829
90026,Los Angeles County,34.20000000000002,-118.26000000000009,34,Risk Tier 11,1.0,0.4375,2634248.5,1264.8176718248756,0.026131781339199585,0.0006426415187278811,88.8183542431009
90027,Los Angeles County,34.20000000000002,-118.26000000000009,22,Risk Tier 29,1.0,0.7925,4656212.5,2652.4346750799928,0.004903135485694278,0.007632656871256294,96.35848318938132
90028,Los Angeles County,34.20000000000002,-118.26000000000009,34,Risk Tier 11,1.0,0.28500000000000003,164970.5,1318.9571436144151,0.0,0.0,84.1082370143434
90029,Los Angeles County,34.20000000000002,-118.26000000000009,34,Risk Tier 11,1.0,0.2575,496468.75,1225.249656772069,1.3083240641986464,0.0,84.94511433203613
90031,Los Angeles County,34.20000000000002,-118.26000000000009,30,Risk Tier 28,1.0,0.955,967110.0,932.1737095575198,0.1255402854210573,0.001410040638862134,117.35882928338567
90032,Los Angeles County,34.20000000000002,-118.26000000000009,-1,Outlier/Anomalous,0.0,0.6525,1837919.5,811.4749968173907,0.03889443264770498,0.0006420298593368765,115.00967213631871
90033,Los Angeles County,34.20000000000002,-118.26000000000009,-1,Outlier/Anomalous,0.0,0.22499999999999998,472484.5,802.8656767204717,0.08539881171052612,0.0,103.64306142161783
90034,Los Angeles County,34.20000000000002,-118.26000000000009,34,Risk Tier 11,1.0,0.22,2663214.75,1405.5703935228237,0.026235430788839744,0.0,69.7357477258213
90035,Los Angeles County,34.20000000000002,-118.26000000000009,28,Risk Tier 17,0.6409492232892839,0.275,2894034.75,1802.9067208168412,0.021563388556164534,0.0,73.59316839215955
90036,Los Angeles County,34.20000000000002,-118.26000000000009,22,Risk Tier 29,1.0,0.3175,3118603.25,2510.3448386229884,0.025564636810315063,0.0,56.39796764963351
90037,Los Angeles County,34.20000000000002,-118.26000000000009,33,Risk Tier 6,1.0,0.2225,1014505.75,984.2650961221261,0.366079833371832,0.0,84.25988046932666
90038,Los Angeles County,34.20000000000002,-118.26000000000009,34,Risk Tier 11,0.7220999277606746,0.3075,415040.0,1443.1094160169955,0.0,0.0,101.20358906487925
90039,Los Angeles County,34.20000000000002,-118.26000000000009,34,Risk Tier 11,1.0,0.3825,2696306.75,1243.8446896382443,0.11719985294016658,0.0019529834735979878,91.0855269626536
90040,Los Angeles County,34.20000000000002,-118.26000000000009,21,Wildland-Urban Interface High-Risk,1.0,0.2025,343183.5,725.0791182161196,0.20437320446451776,0.0,94.66576519596083
90041,Los Angeles County,34.20000000000002,-118.26000000000009,30,Risk Tier 28,1.0,0.61,2479473.5,1119.84126488325,0.04220561336053702,0.0002956061107695218,105.29491346766532
90042,Los Angeles County,34.20000000000002,-118.26000000000009,30,Risk Tier 28,1.0,0.685,2913308.0,950.941538812247,0.14247435214338386,0.0009531288578762673,102.7647707403939
90043,Los Angeles County,34.20000000000002,-118.26000000000009,33,Risk Tier 6,1.0,0.22250000000000003,3551494.0,1104.514415197927,0.19400062651325817,0.0,83.93395959465782
90044,Los Angeles County,34.20000000000002,-118.26000000000009,33,Risk Tier 6,0.9149279814375794,0.21500000000000002,2284315.75,879.5484300244127,0.23368041847802198,0.0,84.58927359131026
90045,Los Angeles County,34.20000000000002,-118.26000000000009,34,Risk Tier 11,0.6639504769044842,0.27749999999999997,3875171.5,1158.1364985132507,0.037566784090041966,0.0,109.1946900179602
90046,Los Angeles County,34.20000000000002,-118.26000000000009,23,Risk Tier 32,0.7293839527906725,1.8399999999999999,7709309.5,3364.020225191382,0.03800936669865685,0.0863713926680573,60.79465131604659
90047,Los Angeles County,34.20000000000002,-118.26000000000009,-1,Outlier/Anomalous,0.0,0.215,3258595.25,876.8245619013873,0.13892335714555457,0.0,76.04452814594772
90048,Los Angeles County,34.20000000000002,-118.26000000000009,22,Risk Tier 29,0.5662752211587775,0.38,2512726.0,2163.6446039866105,0.028017081366571023,0.0,74.89237649991183
90049,Los Angeles County,34.20000000000002,-118.26000000000009,23,Risk Tier 32,1.0,1.6625,17538761.75,5626.374323681412,0.21247567916317114,0.0928770968998166,64.48751892876929
90056,Los Angeles County,34.20000000000002,-118.26000000000009,28,Risk Tier 17,0.6409492232892839,0.2475,1536894.5,1745.1717608189801,0.4147967678548265,0.0,78.23003293723727
90057,Los Angeles County,34.20000000000002,-118.26000000000009,32,Urban Low-Risk,0.5505180009058268,0.1775,75811.25,1160.3255150651976,0.0,0.0,47.93343613902493
90058,Los Angeles County,34.20000000000002,-118.26000000000009,34,Risk Tier 11,0.6639504769044842,0.2,10974.5,656.5496090278133,0.24334495031884917,0.0,145.05616199968358
90059,Los Angeles County,34.20000000000002,-118.26000000000009,21,Wildland-Urban Interface High-Risk,0.9593407716479575,0.2,1249927.5,778.0095423249637,0.22498238741905238,0.00038203517779917173,91.88847219347453
90061,Los Angeles County,34.20000000000002,-118.26000000000009,-1,Outlier/Anomalous,0.0,0.1925,790381.0,770.2720383915994,0.45267688162599357,0.0,85.89523759830584
90062,Los Angeles County,34.20000000000002,-118.26000000000009,-1,Outlier/Anomalous,0.0,0.22,1294421.5,969.7119346458902,0.04476325064527723,0.0,98.07319235094583
90063,Los Angeles County,34.20000000000002,-118.26000000000009,21,Wildland-Urban Interface High-Risk,1.0,0.20500000000000002,1083848.5,738.1574078431654,0.027935951088331117,0.0,96.48515738111482
90064,Los Angeles County,34.20000000000002,-118.26000000000009,28,Risk Tier 17,0.6409492232892839,0.315,4282080.0,1738.44575472218,0.07928287997910666,0.0,77.51792332242687
90065,Los Angeles County,34.20000000000002,-118.26000000000009,30,Risk Tier 28,1.0,1.1925000000000001,3770212.75,1089.8043654549424,0.09859860041458682,0.013808545657287738,93.49968147481171
90066,Los Angeles County,34.20000000000002,-118.26000000000009,34,Risk Tier 11,0.744988789587946,0.235,4687274.0,1207.6553299785646,0.037431486938405714,0.0,92.55321064014163
90067,Los Angeles County,34.20000000000002,-118.26000000000009,23,Risk Tier 32,1.0,0.9875,68500.5,7101.784117717318,0.0,0.0,134.25438490090002
90068,Los Angeles County,34.20000000000002,-118.26000000000009,22,Risk Tier 29,0.4701382640807752,1.91,8324010.25,3148.7886189643227,0.08114601420759344,0.0481694806500288,70.63502801134302
90069,Los Angeles County,34.20000000000002,-118.26000000000009,23,Risk Tier 32,1.0,1.4275,6119936.75,5828.616953869238,0.007244040118926273,0.03362545133186237,55.396330171718134
90071,Los Angeles County,34.20000000000002,-118.26000000000009,23,Risk Tier 32,0.6029188900383009,0.3333333333333333,1206.6666666666667,3620.0,0.0,0.0,-100.0
90077,Los Angeles County,34.20000000000002,-118.26000000000009,23,Risk Tier 32,1.0,2.555,11663237.0,8905.541138483675,0.037115259818686415,0.2036494884568715,46.81589623914029
90094,Los Angeles County,34.20000000000002,-118.26000000000009,-1,Outlier/Anomalous,0.0,0.345,268866.0,1561.88759171132,0.0,0.0,109.17449218411397
90201,Los Angeles County,34.20000000000002,-118.26000000000009,21,Wildland-Urban Interface High-Risk,1.0,0.20750000000000002,1151763.25,679.2099631048725,0.17274869983492624,0.0,100.56009392604625
90210,Los Angeles County,34.20000000000002,-118.26000000000009,23,Risk Tier 32,1.0,1.8925,30429445.75,10861.666345696818,0.04342706954032017,0.16229392212375723,45.417612248161
90211,Los Angeles County,34.20000000000002,-118.26000000000009,22,Risk Tier 29,1.0,0.2975,1073288.25,2353.922133503114,0.3129855489344819,0.0,59.97339127038374
90212,Los Angeles County,34.20000000000002,-118.26000000000009,22,Risk Tier 29,0.4924684492898387,0.395,1552161.25,3229.791244612121,0.00014779473764373185,0.0017152860526354501,69.91753806625314
90220,Los Angeles County,34.20000000000002,-118.26000000000009,21,Wildland-Urban Interface High-Risk,0.9593407716479575,0.1975,2130465.25,793.9015021191517,0.11905775634488519,0.0,91.30319747150278
90221,Los Angeles County,34.20000000000002,-118.26000000000009,-1,Outlier/Anomalous,0.0,0.21000000000000002,1803034.75,791.0255623244417,0.5049387333703451,0.0,85.18433852757775
90222,Los Angeles County,34.20000000000002,-118.26000000000009,32,Urban Low-Risk,1.0,0.2025,1182925.75,787.1561623652101,0.18331751222108794,0.0,77.79156239671372
90230,Los Angeles County,34.20000000000002,-118.26000000000009,32,Urban Low-Risk,0.5505180009058268,0.205,1905498.0,1063.6127248008086,0.055397794213656995,0.0,70.34044561534506
90232,Los Angeles County,34.20000000000002,-118.26000000000009,34,Risk Tier 11,1.0,0.2125,1222654.25,1202.012773344085,0.10602856537519556,0.0,73.34662931444113
90240,Los Angeles County,34.20000000000002,-118.26000000000009,33,Risk Tier 6,1.0,0.1975,2232522.25,1002.3721653713378,0.11172550555044287,0.0,82.36021574613468
90241,Los Angeles County,34.20000000000002,-118.26000000000009,33,Risk Tier 6,1.0,0.1875,2397673.75,916.7001876477368,0.061434791355960756,0.0,81.54833929970548
90242,Los Angeles County,34.20000000000002,-118.26000000000009,32,Urban Low-Risk,1.0,0.1725,1976381.0,736.7831121444351,0.20010302526648377,0.0,76.89713286786488
90245,Los Angeles County,34.20000000000002,-118.26000000000009,34,Risk Tier 11,0.7200647568866199,0.3425,1238420.5,1171.9619925325837,0.5298187880819489,0.0,150.94787293757324
90247,Los Angeles County,34.20000000000002,-118.26000000000009,32,Urban Low-Risk,1.0,0.19,1475520.25,775.6429428392012,0.04173655898801812,0.0,74.19870486825369
90248,Los Angeles County,34.20000000000002,-118.26000000000009,32,Urban Low-Risk,0.9973449909445445,0.20500000000000002,603162.75,803.3791652925561,0.05743625317676264,0.0,77.08090188687814
90249,Los Angeles County,34.20000000000002,-118.26000000000009,32,Urban Low-Risk,0.8403356478859936,0.1725,1602116.5,774.4704867827389,0.11171409240023,0.0,66.35968882743254
90250,Los Angeles County,34.20000000000002,-118.26000000000009,32,Urban Low-Risk,1.0,0.16249999999999998,3273672.25,757.0009762236396,0.13203741514772557,0.0,74.85053963356481
90254,Los Angeles County,34.20000000000002,-118.26000000000009,-1,Outlier/Anomalous,0.0,0.385,2588032.5,1679.8233492529343,0.4289259806447209,0.0,109.1116452308405
90255,Los Angeles County,34.20000000000002,-118.26000000000009,21,Wildland-Urban Interface High-Risk,1.0,0.2175,1257749.75,732.6667923336398,0.22231784560071893,0.0,99.65312984875425
90260,Los Angeles County,34.20000000000002,-118.26000000000009,32,Urban Low-Risk,0.876884487474151,0.16999999999999998,1167001.25,713.1592183531693,0.23944779016211362,0.0,65.90447258303647
90262,Los Angeles County,34.20000000000002,-118.26000000000009,21,Wildland-Urban Interface High-Risk,0.6091766330419532,0.20249999999999999,1831746.5,708.8031598652979,0.1863876812527901,0.0,87.2217455736682
90264,Los Angeles County,34.20000000000002,-118.26000000000009,23,Risk Tier 32,1.0,2.0,36427.75,29947.75,2.0427806712962964,0.0,-34.44637345679013
90265,Los Angeles County,34.20000000000002,-118.26000000000009,23,Risk Tier 32,1.0,2.1675,16138923.0,7162.124321428527,6.813131451315179,0.0938613141145383,-14.832860676020648
90266,Los Angeles County,34.20000000000002,-118.26000000000009,29,Risk Tier 25,1.0,0.435,8006424.5,2118.5859737856886,0.06808040328467033,0.0,116.16241317462143
90270,Los Angeles County,34.20000000000002,-118.26000000000009,21,Wildland-Urban Interface High-Risk,1.0,0.21000000000000002,389110.5,654.6673061734263,0.012051739797676094,0.0,107.25523384605783
90272,Los Angeles County,34.20000000000002,-118.26000000000009,23,Risk Tier 32,1.0,1.78,14239198.25,4807.37952621767,0.04834300527518154,0.058165694131743634,95.59597598516622
90274,Los Angeles County,34.20000000000002,-118.26000000000009,-1,Outlier/Anomalous,0.0,0.6525000000000001,7870419.0,2540.0632827541795,0.03398180014858836,0.004505569730305314,140.80138336270153
90275,Los Angeles County,34.20000000000002,-118.26000000000009,-1,Outlier/Anomalous,0.0,0.41500000000000004,7395589.5,1627.2230129904906,0.035835042066962974,0.0006504916757054783,121.99836198068692
90277,Los Angeles County,34.20000000000002,-118.26000000000009,34,Risk Tier 11,0.6645402930098523,0.3175,2928859.0,1317.9409485566339,0.02045908241471594,0.0,131.1719672825336
90278,Los Angeles County,34.20000000000002,-118.26000000000009,34,Risk Tier 11,0.6639504769044842,0.2975,2931569.0,1055.492659171284,0.011637923886959856,0.0,103.5492199118958
90280,Los Angeles County,34.20000000000002,-118.26000000000009,21,Wildland-Urban Interface High-Risk,1.0,0.215,2641921.75,709.5917389865899,0.1005533476550598,0.0,90.93333816084048
90290,Los Angeles County,34.20000000000002,-118.26000000000009,6,Risk Tier 46,1.0,3.0175,1247665.75,2516.370795052577,0.05512203897238366,0.5297595662577588,107.26781561413692
90291,Los Angeles County,34.20000000000002,-118.26000000000009,28,Risk Tier 17,0.6409492232892839,0.3725,3302853.75,1802.4249701382805,0.05429209001847002,0.0,74.85942898979344
90292,Los Angeles County,34.20000000000002,-118.26000000000009,22,Risk Tier 29,0.561198193409505,0.485,1130376.5,3113.876331645046,0.004597703856066555,0.0,65.74386845268721
90293,Los Angeles County,34.20000000000002,-118.26000000000009,29,Risk Tier 25,1.0,0.3625,1108923.75,1941.2600960269533,0.0,0.0,90.55270023276522
90301,Los Angeles County,34.20000000000002,-118.26000000000009,21,Wildland-Urban Interface High-Risk,0.8949715811985107,0.21000000000000002,710893.5,791.1734035174911,0.009164376445353084,0.0,95.05052032048637
90302,Los Angeles County,34.20000000000002,-118.26000000000009,33,Risk Tier 6,0.9149279814375794,0.24,803240.0,933.4483723357641,0.36956515214653557,0.0,85.73498325956191
90303,Los Angeles County,34.20000000000002,-118.26000000000009,33,Risk Tier 6,0.8563822477190388,0.21250000000000002,923602.25,875.5547974789101,0.22756027661852513,0.0,84.10843809978957
90304,Los Angeles County,34.20000000000002,-118.26000000000009,32,Urban Low-Risk,1.0,0.16999999999999998,610793.75,782.6279219600004,0.04888880385379065,0.0,74.56077649448855
90305,Los Angeles County,34.20000000000002,-118.26000000000009,33,Risk Tier 6,1.0,0.2375,1437076.0,1032.7363796294064,0.1771380701419018,0.0,81.49815676262445
90401,Los Angeles County,34.20000000000002,-118.26000000000009,-1,Outlier/Anomalous,0.0,0.39249999999999996,83289.0,2865.1052091667557,0.22771826300469297,0.0,54.96808641217626
90402,Los Angeles County,34.20000000000002,-118.26000000000009,23,Risk Tier 32,1.0,1.0425,6453580.5,4873.941851905222,0.013670308568712417,0.013784156676468599,72.95034521155083
90403,Los Angeles County,34.20000000000002,-118.26000000000009,29,Risk Tier 25,1.0,0.4175,984032.25,2231.5721631446627,0.07187166362383272,0.0,112.15208716814706
90404,Los Angeles County,34.20000000000002,-118.26000000000009,34,Risk Tier 11,1.0,0.2875,270327.5,1265.751471632128,0.0,0.0,75.09910306718987
90405,Los Angeles County,34.20000000000002,-118.26000000000009,28,Risk Tier 17,0.7403434199636063,0.315,2272420.5,1601.5186749786044,0.3354246908423717,0.0,93.5637553447161
90501,Los Angeles County,34.20000000000002,-118.26000000000009,33,Risk Tier 6,0.8703019881222585,0.23249999999999998,2056625.5,881.7588627580059,0.010530359587908222,0.0,103.14940158029282
90502,Los Angeles County,34.20000000000002,-118.26000000000009,32,Urban Low-Risk,0.8672305226411589,0.15000000000000002,855185.75,753.907080030816,0.2605761170134876,0.0,66.9677417343358
90503,Los Angeles County,34.20000000000002,-118.26000000000009,34,Risk Tier 11,0.6639504769044842,0.2675,2447619.0,940.2838557391415,0.032322216305801295,0.0,114.82357368811856
90504,Los Angeles County,34.20000000000002,-118.26000000000009,21,Wildland-Urban Interface High-Risk,0.9593407716479575,0.22749999999999998,2040023.25,786.5313850435822,0.004980995533106638,0.0,90.70879563692677
90505,Los Angeles County,34.20000000000002,-118.26000000000009,34,Risk Tier 11,0.6639504769044842,0.265,2878160.5,1053.6304703054006,0.38379961202048174,0.0,105.05206556118003
90601,Los Angeles County,34.20000000000002,-118.26000000000009,30,Risk Tier 28,1.0,0.87,3035194.25,1118.623784554646,0.09932817332806347,0.010907278577936488,109.753668525487
90602,Los Angeles County,34.20000000000002,-118.26000000000009,30,Risk Tier 28,1.0,0.7775,1438588.25,1024.051603188357,0.06713138115897638,0.006611984986395378,107.86570925223322
90603,Los Angeles County,34.20000000000002,-118.26000000000009,30,Risk Tier 28,1.0,0.6825,2262596.75,1005.8338999210707,0.052337541957615565,0.0006039671120479227,105.1478018992058
90604,Los Angeles County,34.20000000000002,-118.26000000000009,32,Urban Low-Risk,1.0,0.175,2965230.5,787.4826899292611,0.13961111512905672,0.0,81.83957970668214
90605,Los Angeles County,34.20000000000002,-118.26000000000009,33,Risk Tier 6,0.8703019881222585,0.3825,3182363.5,933.3167879201688,0.15222914689936407,0.000487983590130456,95.54177236310497
90606,Los Angeles County,34.20000000000002,-118.26000000000009,32,Urban Low-Risk,0.8704655326787856,0.1925,1973387.0,754.3132931997266,0.13705965015292,0.0,83.28518114230711
90620,Los Angeles County,34.20000000000002,-118.26000000000009,32,Urban Low-Risk,0.9317655893977306,0.2,3587023.5,808.6668477587242,0.12866042417113369,0.0,80.8095072955702
90621,Los Angeles County,34.20000000000002,-118.26000000000009,33,Risk Tier 6,0.9044624872250594,0.2275,1417914.5,980.3171313349803,0.040222102770594126,0.0,83.15945976710795
90623,Los Angeles County,34.20000000000002,-118.26000000000009,32,Urban Low-Risk,0.5374858135304228,0.2025,1609446.25,936.6065013569221,0.18041404449591988,0.0,72.06265790462771
90630,Los Angeles County,34.20000000000002,-118.26000000000009,33,Risk Tier 6,1.0,0.23249999999999998,3770888.5,936.8450934493707,0.151701479797853,0.0,82.90335226190876
90631,Los Angeles County,34.20000000000002,-118.26000000000009,30,Risk Tier 28,1.0,0.75,6098372.5,1049.0402077428203,0.057046358559872654,0.007416482384854621,100.00544268332064
90638,Los Angeles County,34.20000000000002,-118.26000000000009,33,Risk Tier 6,1.0,0.21250000000000002,4461772.0,894.2363563265892,0.08421170152175032,0.0,81.28476746162126
90640,Los Angeles County,34.20000000000002,-118.26000000000009,21,Wildland-Urban Interface High-Risk,0.6481972075748706,0.245,2579149.0,836.6099114525069,0.13845026273695832,0.0,90.17648759210456
90650,Los Angeles County,34.20000000000002,-118.26000000000009,32,Urban Low-Risk,0.9339668631304525,0.16999999999999998,5594879.75,666.4361330128088,0.1587082808919176,0.0,70.70747525997349
90660,Los Angeles County,34.20000000000002,-118.26000000000009,21,Wildland-Urban Interface High-Risk,1.0,0.2025,3391468.75,730.8363006946437,0.2535053406777261,0.0,93.8082111925024
90670,Los Angeles County,34.20000000000002,-118.26000000000009,32,Urban Low-Risk,0.9339668631304525,0.16999999999999998,1037451.75,752.6650164299674,0.06676350866463865,0.0,69.16317573400457
90680,Los Angeles County,34.20000000000002,-118.26000000000009,32,Urban Low-Risk,1.0,0.20750000000000002,801126.25,689.0746940942258,0.2043026015423007,0.0,76.21465068965577
90701,Los Angeles County,34.20000000000002,-118.26000000000009,32,Urban Low-Risk,0.8403356478859936,0.15000000000000002,959639.25,862.1065048947889,0.2742628706790611,0.0,62.2978302129312
90703,Los Angeles County,34.20000000000002,-118.26000000000009,32,Urban Low-Risk,0.5505180009058268,0.1825,4786821.75,958.340179612376,0.08752324185622061,0.0,68.03179829929736
90704,Los Angeles County,34.20000000000002,-118.26000000000009,6,Risk Tier 46,1.0,2.6425,277582.5,2271.828292371805,0.0,0.37283622397481453,82.3363638118401
90706,Los Angeles County,34.20000000000002,-118.26000000000009,32,Urban Low-Risk,1.0,0.175,2825097.0,760.8888624496803,0.14303150948457793,0.0,76.95143107072346
90710,Los Angeles County,34.20000000000002,-118.26000000000009,33,Risk Tier 6,0.8910984431960257,0.2125,1310748.75,931.3376041543028,0.15831065389923477,0.0,91.21047750945746
90712,Los Angeles County,34.20000000000002,-118.26000000000009,21,Wildland-Urban Interface High-Risk,1.0,0.1975,2567285.0,705.766556647794,0.16406187364293973,0.0,92.76003874166354
90713,Los Angeles County,34.20000000000002,-118.26000000000009,21,Wildland-Urban Interface High-Risk,1.0,0.225,2358384.0,682.8800300883588,0.05751897394319701,0.0,108.59200013453196
90715,Los Angeles County,34.20000000000002,-118.26000000000009,32,Urban Low-Risk,1.0,0.16,921285.5,694.0453782324909,0.31773864523009654,0.0,68.10503794501558
90716,Los Angeles County,34.20000000000002,-118.26000000000009,32,Urban Low-Risk,0.8408771013414499,0.1875,309223.75,673.7463992176645,0.3391044733678744,0.0,76.05082039792318
90717,Los Angeles County,34.20000000000002,-118.26000000000009,34,Risk Tier 11,0.6639504769044842,0.2375,1130881.75,905.2326552499521,0.013298999074146806,0.0,115.06071058173876
90720,Los Angeles County,34.20000000000002,-118.26000000000009,34,Risk Tier 11,0.8388585903302798,0.295,2358762.25,1245.24683196289,0.024672282808351844,0.0,104.12504812919188
90723,Los Angeles County,34.20000000000002,-118.26000000000009,21,Wildland-Urban Interface High-Risk,1.0,0.1825,1024585.0,650.5452411935908,0.11799005788123663,0.0,96.90624108437312
90731,Los Angeles County,34.20000000000002,-118.26000000000009,33,Risk Tier 6,0.9156695904253671,0.24,2520236.75,1008.7325608382209,0.025679816984234716,0.0,90.03676662156491
90732,Los Angeles County,34.20000000000002,-118.26000000000009,34,Risk Tier 11,0.6639504769044842,0.2475,1651269.75,1092.7071982008524,0.1491346801732817,0.0,101.95749567751882
90740,Los Angeles County,34.20000000000002,-118.26000000000009,34,Risk Tier 11,0.6645402930098523,0.3325,1837840.25,1141.325580145965,0.05139748832454811,0.0,128.44236762857315
90742,Los Angeles County,34.20000000000002,-118.26000000000009,29,Risk Tier 25,1.0,0.3375,185884.25,1961.6618132608091,0.04000172891444755,0.0,157.58696001588396
90743,Los Angeles County,34.20000000000002,-118.26000000000009,29,Risk Tier 25,1.0,0.4475,98077.25,1780.6255911126545,0.0,0.0,123.44557426237705
90744,Los Angeles County,34.20000000000002,-118.26000000000009,21,Wildland-Urban Interface High-Risk,0.9593407716479575,0.1775,1892201.75,783.0968054751286,0.13869185659292918,0.0,89.28491415613126
90745,Los Angeles County,34.20000000000002,-118.26000000000009,32,Urban Low-Risk,0.6921610482400786,0.135,3061908.75,787.4119563886795,0.1342571838562232,0.0,64.67200329259097
90746,Los Angeles County,34.20000000000002,-118.26000000000009,32,Urban Low-Risk,0.5505180009058268,0.16999999999999998,3082604.5,1099.0618785686195,0.24764288914411714,0.0,68.78981727405481
90755,Los Angeles County,34.20000000000002,-118.26000000000009,33,Risk Tier 6,1.0,0.3775,540248.0,1034.0602098248946,0.005406798326344102,0.0,80.14477051107679
90802,Los Angeles County,34.20000000000002,-118.26000000000009,21,Wildland-Urban Interface High-Risk,0.5234596057447224,0.2175,189430.5,786.7330495589015,1.1844799395529184,0.0,96.1688623027923
90803,Los Angeles County,34.20000000000002,-118.26000000000009,34,Risk Tier 11,0.7170168492407564,0.295,2977050.5,1345.7680133273193,0.07473022386006997,0.0,120.95130425044596
90804,Los Angeles County,34.20000000000002,-118.26000000000009,21,Wildland-Urban Interface High-Risk,0.6952052657090365,0.2525,763907.0,737.0411605892837,0.030018588471236757,0.0,86.5639991786601
90805,Los Angeles County,34.20000000000002,-118.26000000000009,32,Urban Low-Risk,1.0,0.175,3257977.5,702.6350389272276,0.28975679862159104,0.0,77.63949172274681
90806,Los Angeles County,34.20000000000002,-118.26000000000009,32,Urban Low-Risk,0.9770395880152056,0.1825,1496115.25,722.3659248022411,0.18221818965754782,0.0,83.69318788575252
90807,Los Angeles County,34.20000000000002,-118.26000000000009,33,Risk Tier 6,0.8703019881222585,0.22749999999999998,2733124.5,933.27269595954,0.10244651932081744,0.0,98.25347419489374
90808,Los Angeles County,34.20000000000002,-118.26000000000009,-1,Outlier/Anomalous,0.0,0.25,3946696.75,825.9915565748215,0.035239509377286135,0.0,106.05985162533041
90810,Los Angeles County,34.20000000000002,-118.26000000000009,32,Urban Low-Risk,0.9770395880152056,0.1775,1771470.5,705.5181495637762,0.2766244928245957,0.0,81.55935864881963
90813,Los Angeles County,34.20000000000002,-118.26000000000009,32,Urban Low-Risk,1.0,0.185,525519.0,736.1814570643173,0.047749232154642475,0.0,70.229814459373
90814,Los Angeles County,34.20000000000002,-118.26000000000009,34,Risk Tier 11,0.6639504769044842,0.2475,1129321.75,1067.7243976460286,0.011614633561280835,0.0,103.04941620097227
90815,Los Angeles County,34.20000000000002,-118.26000000000009,34,Risk Tier 11,0.6639504769044842,0.255,3549762.25,922.274584867795,0.044673148914645425,0.0,107.87971343210623
91001,Los Angeles County,34.20000000000002,-118.26000000000009,30,Risk Tier 28,0.8643077667632851,0.87,5819133.0,1286.6399758060925,0.11393723284167659,0.024323615341608176,117.13198438568145
91006,Los Angeles County,34.20000000000002,-118.26000000000009,34,Risk Tier 11,0.6570145857224222,0.39,4629351.5,1418.6037823369345,0.055518646176188007,0.004158339281439407,111.27448372716538
91007,Los Angeles County,34.20000000000002,-118.26000000000009,34,Risk Tier 11,0.7220999277606746,0.26,3337964.25,1446.707335896026,0.002801025310400266,0.0,112.44540694447795
91008,Los Angeles County,34.20000000000002,-118.26000000000009,23,Risk Tier 32,1.0,2.32,558815.0,3799.062992792869,0.01650298745792445,0.149874949179459,101.57678638328895
91010,Los Angeles County,34.20000000000002,-118.26000000000009,-1,Outlier/Anomalous,0.0,0.5075000000000001,1765333.25,941.2915489241285,0.1169224617683436,0.0028899026411316046,115.01332414875466
91011,Los Angeles County,34.20000000000002,-118.26000000000009,22,Risk Tier 29,1.0,1.305,6665413.5,2466.3158765012354,0.030548921492690527,0.028889721165381344,123.83385949303491
91016,Los Angeles County,34.20000000000002,-118.26000000000009,30,Risk Tier 28,0.8643077667632851,0.745,3145330.0,1055.6393379694796,0.06936991013494169,0.01701747105930022,139.3723124796854
91020,Los Angeles County,34.20000000000002,-118.26000000000009,34,Risk Tier 11,0.6639504769044842,0.2925,305471.5,955.5861933024177,0.2790244644228929,0.0,109.66823934696323
91024,Los Angeles County,34.20000000000002,-118.26000000000009,30,Risk Tier 28,0.8643077667632851,1.0225,1784375.0,1450.3453772112687,0.14959395665945968,0.05079102737438082,146.693184116497
91030,Los Angeles County,34.20000000000002,-118.26000000000009,30,Risk Tier 28,0.8643077667632851,1.045,2556802.75,1381.5164325096755,0.0,0.011284997477676872,101.69937630660004
91040,Los Angeles County,34.20000000000002,-118.26000000000009,30,Risk Tier 28,0.8643077667632851,0.915,3228602.5,1234.1038368919699,0.03767311677386076,0.01337695001019167,110.26279944599449
91042,Los Angeles County,34.20000000000002,-118.26000000000009,30,Risk Tier 28,1.0,0.8775,2809347.0,1031.1476990705,0.5929468500480879,0.014679863186943556,101.7897108352745
91101,Los Angeles County,34.20000000000002,-118.26000000000009,-1,Outlier/Anomalous,0.0,0.2875,101796.75,1092.022417380937,0.39065419941418933,0.0,127.14663976799898
91103,Los Angeles County,34.20000000000002,-118.26000000000009,30,Risk Tier 28,0.8643077667632851,0.855,2417273.5,1405.4085304081814,0.28693893370913565,0.025767810367923402,101.10672267305685
91104,Los Angeles County,34.20000000000002,-118.26000000000009,34,Risk Tier 11,0.6639504769044842,0.27,3161680.25,1002.4509001043327,0.07679180804447576,0.0,102.5502997038383
91105,Los Angeles County,34.20000000000002,-118.26000000000009,22,Risk Tier 29,1.0,1.5975,2682712.25,2304.4206744896696,0.06560713018253334,0.02179477229211391,90.2140468762926
91106,Los Angeles County,34.20000000000002,-118.26000000000009,29,Risk Tier 25,1.0,0.4475,1967616.75,2077.80947043209,0.05409475170712297,0.0,116.5183164326227
91107,Los Angeles County,34.20000000000002,-118.26000000000009,30,Risk Tier 28,0.8643077667632851,0.6425000000000001,4489681.75,1294.7007510322699,0.1292725648044756,0.012358351647527323,108.86094619010198
91108,Los Angeles County,34.20000000000002,-118.26000000000009,29,Risk Tier 25,1.0,0.34750000000000003,3322710.75,1922.6434351910189,0.007674575627704038,0.0,99.9149262627605
91201,Los Angeles County,34.20000000000002,-118.26000000000009,34,Risk Tier 11,1.0,0.335,1505406.5,1223.5686744280533,0.0337526491738554,0.0006794092831678197,95.02440984351564
91202,Los Angeles County,34.20000000000002,-118.26000000000009,34,Risk Tier 11,0.7220999277606746,0.4075,2175866.25,1384.5149412387625,0.25394180015629103,0.002139664772499671,103.1640472806493
91203,Los Angeles County,34.20000000000002,-118.26000000000009,32,Urban Low-Risk,0.8403356478859936,0.1975,200714.5,868.441672481553,0.0516508677405622,0.0,56.073269701919145
91204,Los Angeles County,34.20000000000002,-118.26000000000009,-1,Outlier/Anomalous,0.0,0.1975,174255.75,857.9034805144322,0.011119282596318086,0.0,82.47823131453728
91205,Los Angeles County,34.20000000000002,-118.26000000000009,33,Risk Tier 6,0.9149279814375794,0.22499999999999998,791177.5,934.2399052627406,0.5885436011973479,0.0,94.09270543272574
91206,Los Angeles County,34.20000000000002,-118.26000000000009,30,Risk Tier 28,0.7815670898414147,1.52,2955607.5,1598.6366558046818,0.10061257512711792,0.043330185827075804,121.03958952521623
91207,Los Angeles County,34.20000000000002,-118.26000000000009,29,Risk Tier 25,1.0,0.8625,2292545.0,1795.8934210700234,0.04868445585590485,0.008112352392108176,102.71207771877829
91208,Los Angeles County,34.20000000000002,-118.26000000000009,30,Risk Tier 28,0.7815670898414147,1.3675,3307509.25,1644.3284403698015,0.1548734415656319,0.04118436990536602,140.58628255715772
91210,Los Angeles County,34.20000000000002,-118.26000000000009,-1,Outlier/Anomalous,0.0,0.0,754.0,754.0,0.0,0.0,31.221020092735703
91214,Los Angeles County,34.20000000000002,-118.26000000000009,30,Risk Tier 28,1.0,0.5,4123880.25,1147.9603015161233,0.11942348233847004,0.004795971878309511,99.95288590854484
91301,Los Angeles County,34.20000000000002,-118.26000000000009,-1,Outlier/Anomalous,0.0,0.8225,6466359.75,1959.2929842814626,3.7005313256550525,0.012290044470018276,70.9510567673622
91302,Los Angeles County,34.20000000000002,-118.26000000000009,23,Risk Tier 32,1.0,1.3475000000000001,11607457.5,3443.7331359752834,0.6388404077276512,0.03943756333443244,101.88057561898209
91303,Los Angeles County,34.20000000000002,-118.26000000000009,32,Urban Low-Risk,0.5505180009058268,0.16,839210.5,1061.9886144135783,0.04516376643265202,0.0,68.52242436065747
91304,Los Angeles County,34.20000000000002,-118.26000000000009,34,Risk Tier 11,0.9768807956390135,0.385,5359621.25,1446.4819543862247,0.1455219930155767,0.004458447760109496,74.67429411826114
91306,Los Angeles County,34.20000000000002,-118.26000000000009,32,Urban Low-Risk,0.5505180009058268,0.16499999999999998,3972235.75,1131.6376555396537,0.11234934265394067,0.0,63.944398649742006
91307,Los Angeles County,34.20000000000002,-118.26000000000009,-1,Outlier/Anomalous,0.0,0.45,5535164.75,1563.1066970287077,1.6679223873847056,0.008007332657424588,70.45718209546622
91311,Los Angeles County,34.20000000000002,-118.26000000000009,28,Risk Tier 17,0.5966726853276295,0.5275,6266765.5,1795.9787127633138,0.08198152029033844,0.004338695821791583,82.59637352666431
91316,Los Angeles County,34.20000000000002,-118.26000000000009,22,Risk Tier 29,1.0,0.585,5431089.5,2446.033616308557,0.044868410101360334,0.004051787136387293,86.72598028883344
91320,Los Angeles County,34.20000000000002,-118.26000000000009,30,Risk Tier 28,0.8643077667632851,0.915,7598704.75,1379.1168865014747,0.10239000217648642,0.007728848757966401,104.0551596337148
91321,Los Angeles County,34.20000000000002,-118.26000000000009,30,Risk Tier 28,0.8643077667632851,0.9875,3223913.75,1497.2379137790904,0.021943244933664705,0.011529733031549682,104.75299189196335
91324,Los Angeles County,34.20000000000002,-118.26000000000009,34,Risk Tier 11,0.8972172406359186,0.1875,3120702.25,1391.4255776304271,0.065827252760065,0.0,66.5113171124923
91325,Los Angeles County,34.20000000000002,-118.26000000000009,28,Risk Tier 17,1.0,0.2,4058027.25,1554.4429494967776,0.13768550684608158,0.0,77.85855421318296
91326,Los Angeles County,34.20000000000002,-118.26000000000009,-1,Outlier/Anomalous,0.0,0.6075,9458715.5,1837.0803358771202,0.9365067377440555,0.002296843394519899,94.18709641340838
91331,Los Angeles County,34.20000000000002,-118.26000000000009,32,Urban Low-Risk,0.6525807843718475,0.1975,4401379.0,852.5193965398212,0.17835426451314887,0.0,69.50380874352916
91335,Los Angeles County,34.20000000000002,-118.26000000000009,32,Urban Low-Risk,0.5505180009058268,0.18,5131856.75,1049.3931507368454,0.18100679854463547,0.0,68.36184055812495
91340,Los Angeles County,34.20000000000002,-118.26000000000009,32,Urban Low-Risk,0.5966351659537453,0.20750000000000002,1649774.5,853.2333637034769,0.2839749890860581,0.0,72.3520427644139
91342,Los Angeles County,34.20000000000002,-118.26000000000009,-1,Outlier/Anomalous,0.0,0.4525,7013253.0,1162.3035137096103,0.23947792476988586,0.005752165634549524,81.20098757438481
91343,Los Angeles County,34.20000000000002,-118.26000000000009,34,Risk Tier 11,1.0,0.195,4565749.75,1193.974646196929,0.25062578661765655,0.0,70.58837220333251
91344,Los Angeles County,34.20000000000002,-118.26000000000009,34,Risk Tier 11,0.8587727736624069,0.3125,8817342.25,1436.766949778634,0.36899676656312264,0.001982405365350272,76.56429546163687
91345,Los Angeles County,34.20000000000002,-118.26000000000009,32,Urban Low-Risk,0.5505180009058268,0.1925,1512531.25,998.6648369375993,0.24626419355072565,0.0,70.62153465080733
91350,Los Angeles County,34.20000000000002,-118.26000000000009,30,Risk Tier 28,0.8324655430256883,0.9825,6411378.75,1181.6813925289434,0.06736058870347489,0.02730514932058574,123.3583465516336
91351,Los Angeles County,34.20000000000002,-118.26000000000009,30,Risk Tier 28,1.0,0.7775,3497784.0,1125.5752811225111,0.12067141633611926,0.003713580606573337,82.71116424998016
91352,Los Angeles County,34.20000000000002,-118.26000000000009,33,Risk Tier 6,1.0,0.43,3185970.75,1108.7366232279517,0.12572345301404264,0.004335031144737848,75.96610692122879
91354,Los Angeles County,34.20000000000002,-118.26000000000009,30,Risk Tier 28,1.0,0.5725,4899878.0,1230.8084024023426,0.024771362622742252,0.011024635007788455,101.84958664772034
91355,Los Angeles County,34.20000000000002,-118.26000000000009,34,Risk Tier 11,1.0,0.35250000000000004,3480075.75,1305.5830095116085,0.019018565241570067,0.0,93.5935433420542
91356,Los Angeles County,34.20000000000002,-118.26000000000009,22,Risk Tier 29,0.8395017856469019,0.79,7558434.5,2687.2771130450365,0.0503095223977732,0.005281600650106476,96.29123874268575
91360,Los Angeles County,34.20000000000002,-118.26000000000009,30,Risk Tier 28,1.0,0.7275,5785027.75,1141.2797934059001,0.15995016094171877,0.004201670279752634,101.59555148740007
91361,Los Angeles County,34.20000000000002,-118.26000000000009,22,Risk Tier 29,1.0,1.1925,6275635.5,2285.0182153655137,0.23108940661081118,0.03684718454092363,96.6220764222809
91362,Los Angeles County,34.20000000000002,-118.26000000000009,-1,Outlier/Anomalous,0.0,1.02,7933689.0,1829.0284309089038,2.0337849934653858,0.011076926595626015,101.22207840473658
91364,Los Angeles County,34.20000000000002,-118.26000000000009,29,Risk Tier 25,1.0,0.695,7486172.75,1912.1729225052545,0.03588846358475631,0.008251412033672826,90.97281061908076
91367,Los Angeles County,34.20000000000002,-118.26000000000009,28,Risk Tier 17,0.6409492232892839,0.2575,6073045.25,1693.2589476852054,0.11910490563856214,0.00016760806530010224,70.65292502829425
91377,Los Angeles County,34.20000000000002,-118.26000000000009,-1,Outlier/Anomalous,0.0,0.9625,2944213.0,1598.4584571609857,1.5069425122827262,0.014469561972759698,90.95627867925187
91380,Los Angeles County,34.20000000000002,-118.26000000000009,3,Risk Tier 18,0.8267387082319098,0.0,209.33333333333334,1184.9056603773583,0.0,0.0,-100.0
91381,Los Angeles County,34.20000000000002,-118.26000000000009,29,Risk Tier 25,1.0,1.1025,4039251.5,1968.7899542737855,0.0026732412695315176,0.015919908069481237,113.81217295976673
91384,Los Angeles County,34.20000000000002,-118.26000000000009,30,Risk Tier 28,0.7649884822919357,1.22,3775641.5,1329.8141018450344,0.07266858782944274,0.020231685913980887,86.65831718635204
91387,Los Angeles County,34.20000000000002,-118.26000000000009,30,Risk Tier 28,0.7815670898414147,1.2875,6205696.25,1565.3819997804387,0.44113751916763966,0.040513262494441885,110.81061496513784
91390,Los Angeles County,34.20000000000002,-118.26000000000009,30,Risk Tier 28,0.7815670898414147,1.54,4413333.5,1666.151277142592,0.13491145983548844,0.02109684102090366,103.40975081021023
91401,Los Angeles County,34.20000000000002,-118.26000000000009,34,Risk Tier 11,0.8717848427089103,0.2275,3243117.0,1416.6841779295555,0.26524216771051295,0.0,77.26148877237438
91402,Los Angeles County,34.20000000000002,-118.26000000000009,32,Urban Low-Risk,0.6130092361312388,0.16999999999999998,2167255.25,932.2229244756656,0.00981053203713636,0.0,63.172679269644085
91403,Los Angeles County,34.20000000000002,-118.26000000000009,22,Risk Tier 29,1.0,1.2125,4882924.75,2294.874761628855,0.008052973891310041,0.019070885283796635,74.74052519939453
91405,Los Angeles County,34.20000000000002,-118.26000000000009,32,Urban Low-Risk,0.5505180009058268,0.1825,2065501.75,1049.1660858692978,0.0845628061166639,0.0,67.7792812435871
91406,Los Angeles County,34.20000000000002,-118.26000000000009,32,Urban Low-Risk,0.5505180009058268,0.18,3639959.25,1078.8919336521587,0.1604481986661705,0.0,65.05832983543202
91411,Los Angeles County,34.20000000000002,-118.26000000000009,33,Risk Tier 6,1.0,0.2,1121894.25,1104.9916245159702,0.18379313051294435,0.0,85.03888900761689
91423,Los Angeles County,34.20000000000002,-118.26000000000009,22,Risk Tier 29,1.0,0.8625,5639734.75,2279.410103147942,0.02105079476717215,0.025523215130377523,78.43088427551808
91436,Los Angeles County,34.20000000000002,-118.26000000000009,22,Risk Tier 29,0.5873787954725428,1.01,7262190.0,3090.6733592910514,0.005853807662473391,0.003946033475920485,98.14998456849851
91501,Los Angeles County,34.20000000000002,-118.26000000000009,30,Risk Tier 28,0.7064877753783981,0.5575,1669726.25,1524.7244329193109,0.0914812083280852,0.024310493374069018,115.70960528270801
91502,Los Angeles County,34.20000000000002,-118.26000000000009,32,Urban Low-Risk,0.5277420438376162,0.2325,91286.75,934.3213553735848,0.0,0.0,63.59601100819696
91504,Los Angeles County,34.20000000000002,-118.26000000000009,30,Risk Tier 28,0.8643077667632851,0.56,2587582.25,1222.5880728580955,0.07168589666028152,0.0042398465648841345,112.91709972838208
91505,Los Angeles County,34.20000000000002,-118.26000000000009,33,Risk Tier 6,1.0,0.2175,2874121.0,973.8655401036226,0.012999158844220936,0.0,88.87987753370005
91506,Los Angeles County,34.20000000000002,-118.26000000000009,-1,Outlier/Anomalous,0.0,0.22499999999999998,1893264.5,988.7180251572629,0.10718239689634017,0.0,90.88221376762175
91601,Los Angeles County,34.20000000000002,-118.26000000000009,33,Risk Tier 6,1.0,0.215,1297305.5,1104.0599199421279,0.15838619245389796,0.0,83.44664188909351
91602,Los Angeles County,34.20000000000002,-118.26000000000009,22,Risk Tier 29,1.0,0.3725,2099418.25,2340.973171255946,0.268219286743347,0.0,70.12205639847377
91604,Los Angeles County,34.20000000000002,-118.26000000000009,22,Risk Tier 29,1.0,1.2475,7036572.25,2602.6632339487096,0.03420277385896214,0.04009485487441373,81.96119535624807
91605,Los Angeles County,34.20000000000002,-118.26000000000009,33,Risk Tier 6,1.0,0.21,2655575.25,972.8481762202344,0.12843329957210867,0.00015693659761456373,80.1540388325752
91606,Los Angeles County,34.20000000000002,-118.26000000000009,33,Risk Tier 6,1.0,0.2,1997522.0,982.5430065504698,0.012220759373651698,0.0,76.15813985833765
91607,Los Angeles County,34.20000000000002,-118.26000000000009,28,Risk Tier 17,1.0,0.2375,2638124.25,1554.7430203673441,0.07608166288354368,0.0,73.64677923637835
91701,Los Angeles County,34.20000000000002,-118.26000000000009,33,Risk Tier 6,1.0,0.2975,5318979.0,1107.2173523254826,0.06854265206555893,0.0016388926275322983,78.41061714998695
91702,Los Angeles County,34.20000000000002,-118.26000000000009,-1,Outlier/Anomalous,0.0,0.3275,2981495.25,857.5234566195056,0.09365494967049709,0.0020064148167680024,91.68870996768078
91706,Los Angeles County,34.20000000000002,-118.26000000000009,21,Wildland-Urban Interface High-Risk,1.0,0.2,3047591.75,720.3221719794743,0.180360003553795,0.0,92.15954765541724
91708,Los Angeles County,34.20000000000002,-118.26000000000009,34,Risk Tier 11,0.6639504769044842,0.21250000000000002,901336.25,861.0529848303745,0.004180827283521408,0.0,134.3069498917052
91709,Los Angeles County,34.20000000000002,-118.26000000000009,30,Risk Tier 28,0.9949460969908058,0.7075,12621821.75,1234.9324100567846,0.11161907931375646,0.015700365870571036,79.19342884150483
91710,Los Angeles County,34.20000000000002,-118.26000000000009,33,Risk Tier 6,1.0,0.20500000000000002,7455373.25,944.3974390727351,0.1099844375636081,0.0,79.45789190247173
91711,Los Angeles County,34.20000000000002,-118.26000000000009,-1,Outlier/Anomalous,0.0,0.605,4667197.0,1397.7088766217216,0.12153566062339596,0.004633083090768945,127.0638001259768
91719,Los Angeles County,34.20000000000002,-118.26000000000009,3,Risk Tier 18,1.0,0.0075,13687.0,1194.4673602856462,0.0,0.0,-17.42823485646971
91720,Los Angeles County,34.20000000000002,-118.26000000000009,3,Risk Tier 18,1.0,0.4225,10729.25,1305.6931818181818,0.0,0.0,-22.972051806407634
91722,Los Angeles County,34.20000000000002,-118.26000000000009,32,Urban Low-Risk,0.8663385940322146,0.175,2278643.5,782.4328564167682,0.09112191877820455,0.0,83.25956607840513
91723,Los Angeles County,34.20000000000002,-118.26000000000009,33,Risk Tier 6,0.8703019881222585,0.2175,967465.5,896.7911586689038,0.07472887960131501,0.0,96.05072513344919
91724,Los Angeles County,34.20000000000002,-118.26000000000009,30,Risk Tier 28,1.0,0.7575000000000001,2629258.5,1161.2698219459114,0.16608640274015826,0.005609711110156853,95.56586537018029
91730,Los Angeles County,34.20000000000002,-118.26000000000009,33,Risk Tier 6,0.9235634794933905,0.20750000000000002,3868790.25,912.0322857241791,0.07336673993190995,0.0,77.49949770378875
91731,Los Angeles County,34.20000000000002,-118.26000000000009,21,Wildland-Urban Interface High-Risk,0.5848930777655235,0.1925,809768.0,682.5520710822909,0.001208003389729162,0.0,84.82343483735829
91732,Los Angeles County,34.20000000000002,-118.26000000000009,32,Urban Low-Risk,1.0,0.185,1854979.5,750.3978856358797,0.2758233987988698,0.0,78.86509949828063
91733,Los Angeles County,34.20000000000002,-118.26000000000009,32,Urban Low-Risk,1.0,0.22999999999999998,1177794.0,729.2107283569657,0.23649008358221482,0.0,81.73642172905853
91737,Los Angeles County,34.20000000000002,-118.26000000000009,28,Risk Tier 17,1.0,0.5425,4721943.0,1570.6428954164219,0.027389619325152655,0.01144852170902177,76.79024789394617
91739,Los Angeles County,34.20000000000002,-118.26000000000009,34,Risk Tier 11,1.0,0.41500000000000004,6117776.5,1319.3249535007237,0.06600753755370482,0.004931326509831103,74.59939943340994
91740,Los Angeles County,34.20000000000002,-118.26000000000009,33,Risk Tier 6,0.8703019881222585,0.3525,1767297.75,859.8882010445003,0.11049547701782926,0.0017018277561861809,102.92686591116286
91741,Los Angeles County,34.20000000000002,-118.26000000000009,30,Risk Tier 28,0.8643077667632851,0.8674999999999999,3860684.5,1321.1223981057997,0.03200208572377432,0.01543543524381933,126.43654824858888
91744,Los Angeles County,34.20000000000002,-118.26000000000009,32,Urban Low-Risk,0.6525807843718475,0.1875,4631310.25,880.8515277910194,0.12410910701169947,0.0,73.12524177360208
91745,Los Angeles County,34.20000000000002,-118.26000000000009,30,Risk Tier 28,1.0,0.5825,5875379.75,1064.603089637953,0.1308915182193161,0.007973956099453318,93.58604942602523
91746,Los Angeles County,34.20000000000002,-118.26000000000009,32,Urban Low-Risk,0.8403356478859936,0.1825,1839416.0,840.449139278908,0.03290003770967825,0.0,68.34202327863925
91748,Los Angeles County,34.20000000000002,-118.26000000000009,33,Risk Tier 6,1.0,0.3925,4199397.0,1078.8837574718332,0.06978648915556263,0.00037527275449967515,87.41108481404093
91750,Los Angeles County,34.20000000000002,-118.26000000000009,30,Risk Tier 28,0.82433866798649,0.7725,4098582.75,1201.5363331927947,0.0888143162860121,0.008458050572215495,114.35132549918445
91752,Los Angeles County,34.20000000000002,-118.26000000000009,33,Risk Tier 6,1.0,0.245,3600897.75,1038.622658317171,0.13235468139051987,0.0,80.95325689372373
91754,Los Angeles County,34.20000000000002,-118.26000000000009,21,Wildland-Urban Interface High-Risk,0.9593407716479575,0.225,1733287.25,781.089305641075,0.012286897577101422,0.0,91.36521521475738
91755,Los Angeles County,34.20000000000002,-118.26000000000009,21,Wildland-Urban Interface High-Risk,1.0,0.22,1125769.25,769.8028047568928,0.08413932626251916,0.0,94.54687379041623
91759,Los Angeles County,34.20000000000002,-118.26000000000009,45,Risk Tier 45,1.0,3.0324999999999998,106455.25,1356.70683420094,0.0,0.24940242482298286,642.2195819255188
91760,Los Angeles County,34.20000000000002,-118.26000000000009,3,Risk Tier 18,1.0,0.4675,7836.5,1489.5039198606273,0.0,0.0,-55.89342600637127
91761,Los Angeles County,34.20000000000002,-118.26000000000009,32,Urban Low-Risk,0.5811615237096001,0.1775,4768509.75,863.4420072143347,0.11754327848007426,0.0,77.16406062133684
91762,Los Angeles County,34.20000000000002,-118.26000000000009,21,Wildland-Urban Interface High-Risk,0.7618024921666392,0.1825,3714183.25,813.7992615740429,0.24392249207783756,0.0,88.62054864899815
91763,Los Angeles County,34.20000000000002,-118.26000000000009,32,Urban Low-Risk,0.8403356478859936,0.185,2061142.25,808.7224962572753,0.2722177854782853,0.0,67.22617333801689
91764,Los Angeles County,34.20000000000002,-118.26000000000009,32,Urban Low-Risk,0.8403356478859936,0.22249999999999998,2728748.5,833.8180954763916,0.17451989904660475,0.00018949371070374173,61.393531540699065
91765,Los Angeles County,34.20000000000002,-118.26000000000009,30,Risk Tier 28,0.8643077667632851,0.9375,7094084.0,1424.4588897861108,0.05510555850851034,0.011854050447230209,106.32866412331924
91766,Los Angeles County,34.20000000000002,-118.26000000000009,33,Risk Tier 6,1.0,0.38,3617656.5,921.1489634388613,0.17609529115721065,0.0029141263355775987,81.87279182079179
91767,Los Angeles County,34.20000000000002,-118.26000000000009,32,Urban Low-Risk,0.6515434965185666,0.21000000000000002,2598351.0,818.5469359291023,0.2705300502189747,0.0,77.94553315341797
91768,Los Angeles County,34.20000000000002,-118.26000000000009,21,Wildland-Urban Interface High-Risk,0.6744009313082883,0.2425,1562596.5,830.8842317058336,0.06323036219073197,0.0,90.69401849412925
91770,Los Angeles County,34.20000000000002,-118.26000000000009,21,Wildland-Urban Interface High-Risk,0.8593183803928037,0.21000000000000002,2707614.25,747.6964640892088,0.1773206400540013,0.0,89.80328859368478
91773,Los Angeles County,34.20000000000002,-118.26000000000009,30,Risk Tier 28,0.849356675293285,1.1525,3818392.0,1201.6683003972478,0.1753117638902475,0.015023179188270987,105.70024334295658
91775,Los Angeles County,34.20000000000002,-118.26000000000009,33,Risk Tier 6,0.9149279814375794,0.22499999999999998,2197745.75,899.8220373255887,0.09285480672166166,0.0,89.2463125446952
91776,Los Angeles County,34.20000000000002,-118.26000000000009,21,Wildland-Urban Interface High-Risk,1.0,0.2025,1284174.5,732.3362736545141,0.16886508780362317,0.0,90.69735795924197
91780,Los Angeles County,34.20000000000002,-118.26000000000009,21,Wildland-Urban Interface High-Risk,0.9125096171172942,0.21250000000000002,2463589.5,814.8423841062435,0.09815800778319765,0.0,90.01525621781617
91784,Los Angeles County,34.20000000000002,-118.26000000000009,34,Risk Tier 11,1.0,0.34750000000000003,5121121.25,1327.6106572567476,0.0788868227885088,0.003733771962887093,91.76985756764768
91786,Los Angeles County,34.20000000000002,-118.26000000000009,-1,Outlier/Anomalous,0.0,0.4075,3549792.5,983.1948790847779,0.14389151092207084,0.0,25.65696130348248
91789,Los Angeles County,34.20000000000002,-118.26000000000009,30,Risk Tier 28,1.0,0.7250000000000001,5826355.0,1344.735229217291,0.10998846820486972,0.0012066037912474236,85.55193705355559
91790,Los Angeles County,34.20000000000002,-118.26000000000009,21,Wildland-Urban Interface High-Risk,0.529045722962777,0.20750000000000002,3168184.75,832.5002571670052,0.30903600469552606,0.0,87.34740897210725
91791,Los Angeles County,34.20000000000002,-118.26000000000009,30,Risk Tier 28,1.0,0.97,3453489.0,1185.641169602883,0.15842087309512015,0.004126134338398114,87.69055633780029
91792,Los Angeles County,34.20000000000002,-118.26000000000009,32,Urban Low-Risk,0.5505180009058268,0.35750000000000004,1795067.5,906.9473965348403,0.15061533175467573,0.0,71.43149808715764
91793,Los Angeles County,34.20000000000002,-118.26000000000009,3,Risk Tier 18,1.0,0.0,1682.5,1682.5,0.0,0.0,-4.4136191677175285
91801,Los Angeles County,34.20000000000002,-118.26000000000009,21,Wildland-Urban Interface High-Risk,1.0,0.2175,1706270.0,809.5804374120006,0.2687430883091203,0.0,98.07788082671236
91803,Los Angeles County,34.20000000000002,-118.26000000000009,21,Wildland-Urban Interface High-Risk,0.7439136281777929,0.2275,1470922.5,775.3463134107876,0.11814723092860938,0.0,101.23148793582078
91901,San Diego County,33.01999999999999,-116.78000000000009,9,Risk Tier 43,1.0,2.37,3757970.75,1663.0609570978718,1.029061019144272,0.09161317027402478,78.62343876705647
91902,San Diego County,33.01999999999999,-116.78000000000009,14,Risk Tier 33,1.0,1.1125,2880411.5,1485.937945426631,0.08306224491119762,0.001198233921302418,85.62225468640095
91905,San Diego County,33.01999999999999,-116.78000000000009,14,Risk Tier 33,1.0,2.045,221686.0,1497.6123154894358,0.01919847838767393,0.015601599465028398,46.73593917749392
91906,San Diego County,33.01999999999999,-116.78000000000009,9,Risk Tier 43,0.5117407852395806,2.135,511799.5,1126.166132515254,0.03676331534910331,0.0626816671392885,102.09760633598202
91910,San Diego County,33.01999999999999,-116.78000000000009,13,Risk Tier 23,1.0,0.6075,4746327.75,1082.664446045751,0.12263149980598745,0.0,84.44378120300283
91911,San Diego County,33.01999999999999,-116.78000000000009,13,Risk Tier 23,0.5033376523912647,0.3,4145802.25,905.6354322297132,0.05383483481989514,0.0,79.71880739804345
91913,San Diego County,33.01999999999999,-116.78000000000009,13,Risk Tier 23,1.0,0.34500000000000003,4045837.75,1123.6592075977674,0.017601683529689882,0.0004713205764472042,94.51411004034333
91914,San Diego County,33.01999999999999,-116.78000000000009,-1,Outlier/Anomalous,0.0,0.535,2907881.75,1611.6067408439912,0.04824948645648596,0.0023608332540851484,99.89949774843792
91915,San Diego County,33.01999999999999,-116.78000000000009,13,Risk Tier 23,1.0,0.2875,2623748.25,1223.8314860442242,0.059189460182800045,0.0,81.08383897360133
91916,San Diego County,33.01999999999999,-116.78000000000009,9,Risk Tier 43,1.0,2.7925,419077.25,1568.6171737904847,0.0,0.07537964769169697,74.34692978817102
91917,San Diego County,33.01999999999999,-116.78000000000009,14,Risk Tier 33,1.0,2.385,80006.5,1560.793265985517,0.5093862584321314,0.008771929824561403,54.33997827614849
91931,San Diego County,33.01999999999999,-116.78000000000009,14,Risk Tier 33,1.0,2.4699999999999998,31299.5,1521.1160250832245,0.0,0.0,116.14419253214894
91932,San Diego County,33.01999999999999,-116.78000000000009,13,Risk Tier 23,0.5033376523912647,0.315,865698.5,877.8393234967268,0.0016426013909279615,0.0,80.00903978793494
91934,San Diego County,33.01999999999999,-116.78000000000009,13,Risk Tier 23,0.4455328379942317,1.1275,63524.5,945.9391096237083,0.0,0.005952380952380952,76.72250419326029
91935,San Diego County,33.01999999999999,-116.78000000000009,9,Risk Tier 43,1.0,2.34,2450584.5,1864.9830714807622,0.4809660555970576,0.08862694122628303,60.00204894348068
91941,San Diego County,33.01999999999999,-116.78000000000009,14,Risk Tier 33,0.7011735635636289,0.9,4645714.0,1292.8073952321065,0.0244290058106151,0.001255107536612459,81.45974460737247
91942,San Diego County,33.01999999999999,-116.78000000000009,13,Risk Tier 23,0.5033376523912647,0.3325,2061102.25,879.5373642739783,0.10368161497557446,0.0,96.3039931399008
91945,San Diego County,33.01999999999999,-116.78000000000009,13,Risk Tier 23,0.5033376523912647,0.2425,1900447.25,848.3533091771915,0.23864554554685993,0.0,66.64214251952554
91948,San Diego County,33.01999999999999,-116.78000000000009,-1,Outlier/Anomalous,0.0,3.0225,49008.25,1061.1205361514722,0.0,0.1743135822987753,73.71119499690123
91950,San Diego County,33.01999999999999,-116.78000000000009,13,Risk Tier 23,0.5033376523912647,0.235,2145604.5,818.9107212212043,0.07151720986500387,0.00023894291653723924,75.32995151732807
91962,San Diego County,33.01999999999999,-116.78000000000009,9,Risk Tier 43,1.0,2.65,516357.25,1561.179631389119,0.0,0.0737473205964365,88.33559413998915
91963,San Diego County,33.01999999999999,-116.78000000000009,14,Risk Tier 33,1.0,2.135,61718.0,1327.0292103084762,0.13167720416189577,0.026948051948051947,91.61956547661634
91977,San Diego County,33.01999999999999,-116.78000000000009,13,Risk Tier 23,1.0,0.545,4763730.75,986.3934144491743,0.09869135770909532,0.0006694505516652769,79.78938679210763
91978,San Diego County,33.01999999999999,-116.78000000000009,14,Risk Tier 33,1.0,1.4,1049755.5,1343.1433858716423,0.14925019037745077,0.034068484855450505,83.07749262887893
91980,San Diego County,33.01999999999999,-116.78000000000009,14,Risk Tier 33,1.0,2.6025,6111.5,1144.6677170868347,0.0,0.0,88.67745004757374
92003,San Diego County,33.01999999999999,-116.78000000000009,14,Risk Tier 33,1.0,1.4625,1187560.75,1911.042549811712,0.04892801695218277,0.020320977158599932,99.22147995889003
92004,San Diego County,33.01999999999999,-116.78000000000009,3,Risk Tier 18,0.5592295005991056,0.6699999999999999,894210.5,1392.3699077623082,0.3034559365246508,0.0024693337547892482,-15.415310001924876
92007,San Diego County,33.01999999999999,-116.78000000000009,13,Risk Tier 23,0.8025121258762654,0.6225,1549948.75,1334.7562186003179,0.028621701338814896,0.0,83.67180558144418
92008,San Diego County,33.01999999999999,-116.78000000000009,13,Risk Tier 23,0.8025121258762654,0.6575,2941452.5,1306.2066011288948,0.022211326741940984,0.002764571759147544,71.6767137136468
92009,San Diego County,33.01999999999999,-116.78000000000009,14,Risk Tier 33,0.7642855898490211,1.095,8013510.75,1719.0967342858403,0.012126198134148947,0.00431215631995603,88.98878101747447
92010,San Diego County,33.01999999999999,-116.78000000000009,14,Risk Tier 33,0.9770469522078578,0.96,1966842.75,1182.1000454586658,0.007075538977634945,0.001269551793691453,103.04700384303361
92011,San Diego County,33.01999999999999,-116.78000000000009,14,Risk Tier 33,1.0,0.8575,2886055.25,1484.8244011308705,0.003020889200257335,0.0015379181351925974,121.06748929352682
92014,San Diego County,33.01999999999999,-116.78000000000009,22,Risk Tier 29,0.874069795865243,1.375,3719663.0,2290.1543888336896,0.012523409369117104,0.001966730990474773,98.47284587420208
92019,San Diego County,33.01999999999999,-116.78000000000009,14,Risk Tier 33,1.0,1.1825,5863506.0,1422.383257439015,0.0946151357217177,0.012761393726000735,84.8689128987041
92020,San Diego County,33.01999999999999,-116.78000000000009,13,Risk Tier 23,0.7950932271656452,0.7474999999999999,3969248.75,1200.7257162237333,0.1768174459177375,0.0002555583950932788,78.14572437449273
92021,San Diego County,33.01999999999999,-116.78000000000009,14,Risk Tier 33,1.0,1.125,5014553.75,1201.1198775929806,0.10184076282214508,0.010546425594311007,89.71542235549865
92024,San Diego County,33.01999999999999,-116.78000000000009,14,Risk Tier 33,0.8515924604148597,0.8200000000000001,8161563.75,1605.7401860085938,0.05259537539697029,0.0028370017478163414,90.84816997276334
92025,San Diego County,33.01999999999999,-116.78000000000009,14,Risk Tier 33,1.0,1.0550000000000002,3727165.5,1398.3614125040172,0.04287099589502044,0.005863786824005914,78.07294392528541
92026,San Diego County,33.01999999999999,-116.78000000000009,14,Risk Tier 33,1.0,1.25,6199454.75,1258.322136213043,0.0623462358176618,0.030803677974646206,78.07113119192296
92027,San Diego County,33.01999999999999,-116.78000000000009,13,Risk Tier 23,0.7925437797858885,0.8725,5174555.5,1142.254083835267,0.029038812147544866,0.006143902224713525,72.8931338781826
92028,San Diego County,33.01999999999999,-116.78000000000009,14,Risk Tier 33,1.0,1.425,8279434.5,1422.0616446919566,0.19269249292059148,0.030868596210119663,98.48081268157179
92029,San Diego County,33.01999999999999,-116.78000000000009,14,Risk Tier 33,1.0,1.6625,3627821.25,1523.4562620350905,0.4627725581749127,0.026130101047278725,101.80081430716832
92036,San Diego County,33.01999999999999,-116.78000000000009,9,Risk Tier 43,1.0,2.645,1123120.75,1719.0144987019912,0.0044486259748637786,0.12949108800325168,77.23129078693633
92037,San Diego County,33.01999999999999,-116.78000000000009,22,Risk Tier 29,1.0,1.1375,9158890.5,2585.2832456720907,0.053238958147823624,0.007141702497148034,93.09036463495106
92038,San Diego County,33.01999999999999,-116.78000000000009,6,Risk Tier 46,1.0,4.0,2603.75,2603.75,0.0,2.0,33.37748344370861
92040,San Diego County,33.01999999999999,-116.78000000000009,14,Risk Tier 33,1.0,1.37,4702015.5,1212.2289879269847,0.1572662192218183,0.01191319222211425,106.83519152153372
92052,San Diego County,33.01999999999999,-116.78000000000009,3,Risk Tier 18,0.9623145725848815,0.0,207.5,830.1387137452712,0.0,0.0,-100.0
92054,San Diego County,33.01999999999999,-116.78000000000009,13,Risk Tier 23,1.0,0.6224999999999999,2674676.0,1085.3470817000234,0.05885075395290405,0.0001816860465116279,59.33972137680566
92056,San Diego County,33.01999999999999,-116.78000000000009,13,Risk Tier 23,1.0,0.5475,5604539.25,1055.41110578372,0.0974456297602247,0.000603461071109933,77.35690262777022
92057,San Diego County,33.01999999999999,-116.78000000000009,13,Risk Tier 23,1.0,0.4575,5519098.0,1102.514551757447,0.0419741654196981,0.002067073624771312,74.01408067395563
92058,San Diego County,33.01999999999999,-116.78000000000009,13,Risk Tier 23,1.0,0.62,1087741.0,939.3288422224321,0.06987929335696365,0.0,85.60370948007416
92059,San Diego County,33.01999999999999,-116.78000000000009,6,Risk Tier 46,1.0,2.8475,75805.75,2497.085896731226,0.0,0.2884860804626153,26.590790723323426
92060,San Diego County,33.01999999999999,-116.78000000000009,6,Risk Tier 46,1.0,2.9425,83034.0,1677.0712077069488,0.0,0.31085529488216024,34.62041057201872
92061,San Diego County,33.01999999999999,-116.78000000000009,14,Risk Tier 33,0.9727426232880836,1.3625,491906.0,1735.510100343724,0.04147604986165767,0.027376685731955848,79.37116072598702
92064,San Diego County,33.01999999999999,-116.78000000000009,14,Risk Tier 33,0.7583834650431404,1.15,8598159.25,1601.8123736807331,0.03540774228166564,0.012524205420950146,100.99511972136439
92065,San Diego County,33.01999999999999,-116.78000000000009,14,Risk Tier 33,1.0,1.59,6405818.25,1420.0145993737601,0.08932547515128547,0.024524337435651022,69.7242264332073
92066,San Diego County,33.01999999999999,-116.78000000000009,14,Risk Tier 33,1.0,1.84,52880.75,1392.048291917871,0.701592322467126,0.0,122.03632459515075
92067,San Diego County,33.01999999999999,-116.78000000000009,23,Risk Tier 32,1.0,1.75,8036215.0,5417.295598974308,0.1889920706568879,0.06411100339147446,117.94881844003923
92069,San Diego County,33.01999999999999,-116.78000000000009,13,Risk Tier 23,0.8025121258762654,0.8300000000000001,4351502.25,1168.7860532225532,0.09108011937734593,0.009605344181473637,76.3105843184771
92070,San Diego County,33.01999999999999,-116.78000000000009,22,Risk Tier 29,0.705228704314632,2.4,218934.25,2643.963628636849,0.0,0.053100277234289416,114.18048262840921
92071,San Diego County,33.01999999999999,-116.78000000000009,-1,Outlier/Anomalous,0.0,0.6675,4622743.25,965.5779964675693,0.1992748411528329,0.017077211954044668,128.90532887998845
92075,San Diego County,33.01999999999999,-116.78000000000009,-1,Outlier/Anomalous,0.0,0.7949999999999999,1727769.5,1718.01787653885,0.049623317922934965,0.0,79.099871893904
92078,San Diego County,33.01999999999999,-116.78000000000009,14,Risk Tier 33,1.0,1.23,6058610.5,1406.3242427571497,0.08894726159166085,0.018951944388649007,119.65333992061635
92081,San Diego County,33.01999999999999,-116.78000000000009,13,Risk Tier 23,0.8025121258762654,0.6975,2653985.25,1141.4781663857061,0.01090799434674413,0.001499265536866004,80.5013122424999
92082,San Diego County,33.01999999999999,-116.78000000000009,9,Risk Tier 43,0.665486801233135,1.9275,4359834.0,1652.7456452199272,0.0640707986016234,0.07199362020859315,71.93544804826661
92083,San Diego County,33.01999999999999,-116.78000000000009,13,Risk Tier 23,0.5033376523912647,0.415,2210456.75,945.1214376356967,0.2943663288130545,0.0,58.42120473531456
92084,San Diego County,33.01999999999999,-116.78000000000009,14,Risk Tier 33,1.0,1.1125,5414951.0,1258.9517193743982,0.1091188214229521,0.01861675271393997,71.19343693695721
92086,San Diego County,33.01999999999999,-116.78000000000009,9,Risk Tier 43,1.0,2.3175,162534.0,1611.3472243984997,0.0,0.07778319118018316,70.94904253474373
92088,San Diego County,33.01999999999999,-116.78000000000009,3,Risk Tier 18,1.0,1.9375,2063.25,1556.25,0.0,0.0,-66.09960552268245
92091,San Diego County,33.01999999999999,-116.78000000000009,22,Risk Tier 29,0.6825001412956448,1.1675,1163182.0,3394.5141408374966,0.0,0.011382797531643047,192.87868485008752
92101,San Diego County,33.01999999999999,-116.78000000000009,13,Risk Tier 23,1.0,0.645,125905.25,1099.960682992695,0.012729513121582126,0.0,85.73226191001811
92102,San Diego County,33.01999999999999,-116.78000000000009,13,Risk Tier 23,0.5033376523912647,0.325,1429962.0,815.0616397290889,0.1435085458142738,0.0,69.94518532334442
92103,San Diego County,33.01999999999999,-116.78000000000009,14,Risk Tier 33,1.0,0.955,2332671.5,1381.7432430534968,0.039114141807414224,0.0,104.96138407306974
92104,San Diego County,33.01999999999999,-116.78000000000009,13,Risk Tier 23,1.0,0.5375,1840599.0,843.3446329533846,0.22576733118027967,0.0,89.20191367932664
92105,San Diego County,33.01999999999999,-116.78000000000009,13,Risk Tier 23,0.5033376523912647,0.28,2131942.25,696.2114904091702,0.04847499312969756,0.0,65.52623008294066
92106,San Diego County,33.01999999999999,-116.78000000000009,13,Risk Tier 23,0.7950932271656452,0.4375,2545874.75,1464.0131250873656,0.01124192004575042,0.0,70.9687128434385
92107,San Diego County,33.01999999999999,-116.78000000000009,13,Risk Tier 23,1.0,0.35250000000000004,1845174.5,1045.5860718287558,0.11623831760049845,0.0,97.86638558883884
92108,San Diego County,33.01999999999999,-116.78000000000009,-1,Outlier/Anomalous,0.0,0.9725,138369.75,853.1624660039853,0.0,0.023718978323261447,135.72584803175099
92109,San Diego County,33.01999999999999,-116.78000000000009,13,Risk Tier 23,0.9016772239300515,0.43,2496573.0,1265.4552962476364,0.0016905856260174782,0.0,89.18299274734296
92110,San Diego County,33.01999999999999,-116.78000000000009,13,Risk Tier 23,0.7912596115628509,0.6575,1326038.5,1079.7221473860245,0.04693262781260627,0.0,101.88036708980461
92111,San Diego County,33.01999999999999,-116.78000000000009,13,Risk Tier 23,1.0,0.6475,2526521.5,867.3497650742122,0.06130997761384227,0.0,89.16944655365111
92113,San Diego County,33.01999999999999,-116.78000000000009,13,Risk Tier 23,0.5033376523912647,0.19,1258241.0,714.3198036214583,0.07974213624545937,0.0,58.428046126366986
92114,San Diego County,33.01999999999999,-116.78000000000009,13,Risk Tier 23,0.5033376523912647,0.41500000000000004,5060339.5,860.0015858134374,0.15526054129018926,0.00037920275923172554,68.40929987826922
92115,San Diego County,33.01999999999999,-116.78000000000009,13,Risk Tier 23,1.0,0.6174999999999999,2760040.25,883.2749579593118,0.18476095675815857,0.0009439425154947485,80.04518251077151
92116,San Diego County,33.01999999999999,-116.78000000000009,13,Risk Tier 23,0.48808396217959243,0.9975,2088714.0,1017.9211775944016,0.09858409456354796,0.0004032258064516129,94.25610218449093
92117,San Diego County,33.01999999999999,-116.78000000000009,13,Risk Tier 23,0.48997118702998554,0.8300000000000001,4705440.75,977.56586005572,0.04968572187302845,0.00044138826039979474,97.14463037084992
92118,San Diego County,33.01999999999999,-116.78000000000009,-1,Outlier/Anomalous,0.0,0.5725,1999544.25,2002.5555665521956,0.0,0.0,61.696338779211935
92119,San Diego County,33.01999999999999,-116.78000000000009,13,Risk Tier 23,0.5009070619304153,0.7825,2629908.0,1072.7632027052084,0.07533068085062791,0.004043496810332876,101.40247101225297
92120,San Diego County,33.01999999999999,-116.78000000000009,14,Risk Tier 33,1.0,1.1625,3437655.0,1122.2207808455191,0.06018584664289112,0.0036655861180902947,98.08642680340668
92121,San Diego County,33.01999999999999,-116.78000000000009,14,Risk Tier 33,1.0,1.8399999999999999,558810.5,1480.02977629794,0.0,0.013410935486382544,118.67555446197895
92122,San Diego County,33.01999999999999,-116.78000000000009,14,Risk Tier 33,1.0,1.09,2277167.5,1232.0492963884283,0.07619874485794152,0.00037344925198114833,107.09508581948634
92123,San Diego County,33.01999999999999,-116.78000000000009,13,Risk Tier 23,0.8654764999154135,0.74,1659137.25,884.8218530499306,0.018882116295110312,0.00044947824161687723,91.4696138982953
92124,San Diego County,33.01999999999999,-116.78000000000009,14,Risk Tier 33,1.0,1.4075,2390353.75,1256.5374872109824,0.04071026764021529,0.005336686637928018,120.36979895724215
92126,San Diego County,33.01999999999999,-116.78000000000009,13,Risk Tier 23,1.0,0.655,5530740.25,949.2979988445899,0.10579335722351785,0.0019210500828147898,75.22844282663259
92127,San Diego County,33.01999999999999,-116.78000000000009,14,Risk Tier 33,0.8435811503308918,0.85,8703928.75,1620.5268988105797,0.0065727619966692834,0.015717043612150355,126.66204247244114
92128,San Diego County,33.01999999999999,-116.78000000000009,14,Risk Tier 33,1.0,0.8875,5557559.75,1271.2303752700195,0.07057799964090583,0.005138839907317901,97.75503755481637
92129,San Diego County,33.01999999999999,-116.78000000000009,14,Risk Tier 33,1.0,1.16,7562428.75,1310.9278274746202,0.07116924076334633,0.00509923630645723,92.91766454831064
92130,San Diego County,33.01999999999999,-116.78000000000009,-1,Outlier/Anomalous,0.0,0.9325,10648353.75,1864.369418880669,0.004721461513722342,0.013931620137353948,100.84098386286038
92131,San Diego County,33.01999999999999,-116.78000000000009,14,Risk Tier 33,1.0,1.6075,6351675.25,1652.3360067937601,0.009422757922346625,0.02583996134606653,124.18278071638598
92139,San Diego County,33.01999999999999,-116.78000000000009,13,Risk Tier 23,0.5033376523912647,0.345,2185115.25,852.2065656447377,0.08364921119895935,0.0,65.64399606329204
92154,San Diego County,33.01999999999999,-116.78000000000009,13,Risk Tier 23,1.0,0.56,4940895.0,970.7634153689413,0.10449880579750512,0.0022129017269399377,91.11976187600214
92173,San Diego County,33.01999999999999,-116.78000000000009,13,Risk Tier 23,0.5033376523912647,0.2925,793208.0,826.4034996921371,0.19473660831447503,0.0,94.10572949531982
92201,Riverside County,33.73000000000001,-116.0,20,Risk Tier 13,1.0,0.37,4857289.5,983.5913989202735,0.15300883825833722,0.0,79.61925195199669
92203,Riverside County,33.73000000000001,-116.0,20,Risk Tier 13,0.8525601820181065,0.3225,4998427.25,1105.1377208611837,0.1577835380940307,0.0,83.57465498753795
92210,Riverside County,33.73000000000001,-116.0,22,Risk Tier 29,0.561198193409505,0.675,3529972.25,3088.3173223991516,0.0,0.0,89.47638169007179
92211,Riverside County,33.73000000000001,-116.0,20,Risk Tier 13,0.5327988345727989,0.3925,4567183.75,1173.171130532079,0.11402144012859691,0.0,104.55291978902908
92220,Riverside County,33.73000000000001,-116.0,19,Risk Tier 27,1.0,0.6725,3100151.0,961.3262186460889,0.11262221597432819,0.03138918618364089,102.56899712205158
92223,Riverside County,33.73000000000001,-116.0,19,Risk Tier 27,1.0,0.79,7308533.5,942.3638835361946,0.06691328901715643,0.039558614961561975,88.66248748526822
92225,Riverside County,33.73000000000001,-116.0,10,Risk Tier 21,1.0,0.4425,903208.25,896.0257065215559,0.08604225295074919,0.0,202.01797166850307
92227,Riverside County,33.73000000000001,-116.0,3,Risk Tier 18,0.5592295005991056,0.5700000000000001,1734851.0,907.8435799029321,0.2446465260236529,0.0,-2.901348616958387
92230,Riverside County,33.73000000000001,-116.0,19,Risk Tier 27,0.9959431206765115,0.9850000000000001,140424.25,846.3123880365548,0.011111840078500279,0.008036984352773826,74.77391243656088
92231,Riverside County,33.73000000000001,-116.0,3,Risk Tier 18,0.5592295005991056,0.35,2616402.0,1003.0319957398804,0.15115365321845523,0.0,2.396320216234395
92233,Riverside County,33.73000000000001,-116.0,3,Risk Tier 18,0.5592295005991056,0.565,196573.5,850.9080555902176,0.0,0.0,0.14203094523539683
92234,Riverside County,33.73000000000001,-116.0,20,Risk Tier 13,0.8875573894837762,0.34,5068711.75,1084.033092089997,0.12478972433799115,0.0,66.14092631741269
92236,Riverside County,33.73000000000001,-116.0,20,Risk Tier 13,1.0,0.2625,2321773.5,875.9483971629619,0.052273121919533164,0.0,78.47011270842872
92239,Riverside County,33.73000000000001,-116.0,19,Risk Tier 27,1.0,1.0075,15145.75,907.7043476866502,0.0,0.0,66.56731669931023
92240,Riverside County,33.73000000000001,-116.0,20,Risk Tier 13,1.0,0.2825,3085403.5,912.8819206050274,0.09857161250728817,0.0,65.2198771242161
92241,Riverside County,33.73000000000001,-116.0,20,Risk Tier 13,1.0,0.2925,427296.5,1115.4251631662441,0.6136517116810377,0.0,83.36727788982061
92242,Riverside County,33.73000000000001,-116.0,10,Risk Tier 21,1.0,0.775,140619.25,1193.4890738587283,0.0,0.0,199.5521379077235
92243,Riverside County,33.73000000000001,-116.0,3,Risk Tier 18,0.5592295005991056,0.4,3268790.5,1048.6767878351127,0.14321688788086637,0.0,-1.6693172799017626
92249,Riverside County,33.73000000000001,-116.0,3,Risk Tier 18,0.5592295005991056,0.39749999999999996,524929.0,939.5943109012098,0.11179435742883156,0.0,7.548961400604909
92250,Riverside County,33.73000000000001,-116.0,3,Risk Tier 18,0.5592295005991056,0.4825,517038.25,986.9409994791589,0.3223325912888301,0.0,-18.15178522496849
92251,Riverside County,33.73000000000001,-116.0,3,Risk Tier 18,0.5592295005991056,0.4425,2301694.75,943.4020864783206,0.05767536727386362,0.0,5.224201277183202
92252,Riverside County,33.73000000000001,-116.0,-1,Outlier/Anomalous,0.0,1.2525,1142116.25,889.3489468638687,0.1562129009078358,0.00030998140111593303,107.06269913563435
92253,Riverside County,33.73000000000001,-116.0,-1,Outlier/Anomalous,0.0,0.47,10137970.75,1683.0318609864285,0.15259899331141294,0.0,86.59768313216789
92254,Riverside County,33.73000000000001,-116.0,20,Risk Tier 13,1.0,0.295,356956.5,880.4066242169141,0.0,0.0,84.84766913486996
92255,Riverside County,33.73000000000001,-116.0,3,Risk Tier 18,0.6040982090573985,0.5,697.75,2084.6176470588234,0.0,0.0,-100.0
92256,Riverside County,33.73000000000001,-116.0,-1,Outlier/Anomalous,0.0,1.43,594765.25,973.2586315990434,0.058764281972145796,0.0020882764316966077,97.29085121079555
92257,Riverside County,33.73000000000001,-116.0,-1,Outlier/Anomalous,0.0,0.3275,33855.0,814.5088033307312,5.830941782827691,0.0,97.87092776203966
92258,Riverside County,33.73000000000001,-116.0,20,Risk Tier 13,0.9978975734255136,0.2775,19112.5,986.8137443737193,0.0,0.0,83.6061776061776
92259,Riverside County,33.73000000000001,-116.0,-1,Outlier/Anomalous,0.0,0.86,23714.5,886.0665976964478,0.0,0.0,131.55430711610487
92260,Riverside County,33.73000000000001,-116.0,-1,Outlier/Anomalous,0.0,0.55,4959324.5,1797.2344424762493,0.04587610199440514,0.0,74.12299640241349
92262,Riverside County,33.73000000000001,-116.0,-1,Outlier/Anomalous,0.0,0.4575,4800292.5,1451.5546915534783,0.06189508596459874,0.0003781194857574994,96.5304011485801
92264,Riverside County,33.73000000000001,-116.0,-1,Outlier/Anomalous,0.0,0.54,3481739.5,1812.863878211663,0.181148939474439,0.0014796032677571384,102.06563560014428
92266,Riverside County,33.73000000000001,-116.0,-1,Outlier/Anomalous,0.0,0.5325,27359.75,1179.4225498618464,0.0,0.0,97.27282888118923
92267,Riverside County,33.73000000000001,-116.0,3,Risk Tier 18,0.5592295005991056,0.5,321.0,321.0,0.0,0.0,-48.268398268398265
92268,Riverside County,33.73000000000001,-116.0,14,Risk Tier 33,1.0,1.47,190491.75,1624.77862273691,0.22378974505872243,0.01857230743095562,147.82153442064353
92270,Riverside County,33.73000000000001,-116.0,-1,Outlier/Anomalous,0.0,0.5125,6214302.25,2126.739869720442,0.06351972400433491,0.000267708862495091,99.10168842507989
92273,Riverside County,33.73000000000001,-116.0,20,Risk Tier 13,1.0,0.21500000000000002,46406.25,851.5098244380798,0.0,0.0,77.43603538976566
92274,Riverside County,33.73000000000001,-116.0,20,Risk Tier 13,1.0,0.32,781772.5,1053.8484758143975,0.05539002936472571,0.0,84.06144466147022
92275,Riverside County,33.73000000000001,-116.0,3,Risk Tier 18,0.5592295005991056,0.10750000000000001,73422.75,1132.5403872018248,0.0,0.0,-1.357619948034988
92276,Riverside County,33.73000000000001,-116.0,20,Risk Tier 13,1.0,0.2875,484166.25,941.1209123691433,0.0003102795824126388,0.0,53.76476970506901
92277,Riverside County,33.73000000000001,-116.0,-1,Outlier/Anomalous,0.0,0.725,1348143.0,796.9792080995638,0.1872138018112114,0.0,110.80284259192372
92278,Riverside County,33.73000000000001,-116.0,3,Risk Tier 18,1.0,1.2375,96254.75,1027.1280842474966,0.0,0.00574514535217741,-100.0
92280,Riverside County,33.73000000000001,-116.0,10,Risk Tier 21,1.0,0.135,2307.25,993.6666666666667,0.0,0.0,440.7643312101911
92281,Riverside County,33.73000000000001,-116.0,3,Risk Tier 18,0.5592295005991056,0.6174999999999999,97760.75,811.8878952797675,0.0821398724184854,0.0,14.658202500905354
92282,Riverside County,33.73000000000001,-116.0,19,Risk Tier 27,0.9553999402535329,1.245,154097.0,1127.4417825226155,0.07396054411295733,0.04878774356686003,79.60326804381177
92283,Riverside County,33.73000000000001,-116.0,-1,Outlier/Anomalous,0.0,0.5925,30119.0,1082.9837212621132,0.0,0.0,74.45239258897232
92284,Riverside County,33.73000000000001,-116.0,-1,Outlier/Anomalous,0.0,0.985,3124316.25,896.6144870576455,0.0705440538726576,0.0007491155643294075,97.01842359863554
92285,Riverside County,33.73000000000001,-116.0,-1,Outlier/Anomalous,0.0,1.05,326039.25,1006.4056003883909,0.0,0.0,143.07336619909026
92301,San Bernardino County,34.86,-116.17999999999998,15,Risk Tier 16,1.0,0.4425,2539414.0,842.5835073833058,0.13975019442971232,0.0,81.6529810116829
92305,San Bernardino County,34.86,-116.17999999999998,-1,Outlier/Anomalous,0.0,3.0575,157825.25,1211.4259209979105,0.08141160341050123,0.1749307870971595,139.66134083550082
92307,San Bernardino County,34.86,-116.17999999999998,-1,Outlier/Anomalous,0.0,1.0025,4898736.0,1093.2127259508325,0.1688957141518711,9.563886763580719e-05,78.502847362432
92308,San Bernardino County,34.86,-116.17999999999998,-1,Outlier/Anomalous,0.0,0.95,4866004.0,957.532925383291,0.27633526930440044,0.005341146482824266,88.4946138472638
92309,San Bernardino County,34.86,-116.17999999999998,10,Risk Tier 21,1.0,0.275,6989.0,1069.744793250228,0.0,0.0,249.09468685069754
92311,San Bernardino County,34.86,-116.17999999999998,10,Risk Tier 21,0.6797544779991243,0.36,1798280.5,869.1500279394719,0.09279736201649287,0.0,150.00278561061074
92313,San Bernardino County,34.86,-116.17999999999998,15,Risk Tier 16,1.0,0.43500000000000005,1214269.5,1013.9711802568779,0.11254894302473915,0.0009602458229306702,74.9287649463632
92314,San Bernardino County,34.86,-116.17999999999998,9,Risk Tier 43,1.0,2.3475,3666662.0,1070.4987449249502,0.05938870971270312,0.06544344129093901,51.03799342711366
92315,San Bernardino County,34.86,-116.17999999999998,9,Risk Tier 43,1.0,2.575,3510454.5,1255.5413694030399,0.058103834155157054,0.10881907040643443,64.63564424219238
92316,San Bernardino County,34.86,-116.17999999999998,15,Risk Tier 16,1.0,0.24,2104429.75,952.9834107068178,0.20356072849249587,0.0007961700181859492,65.39908933760736
92317,San Bernardino County,34.86,-116.17999999999998,6,Risk Tier 46,1.0,2.9875,144780.0,1812.7306044366785,0.0,0.3566160927491806,38.23180363558982
92318,San Bernardino County,34.86,-116.17999999999998,10,Risk Tier 21,1.0,0.5549999999999999,7607.5,764.7068466035145,0.0,0.0,206.9580962234868
92320,San Bernardino County,34.86,-116.17999999999998,19,Risk Tier 27,1.0,1.2850000000000001,1076238.0,931.8298341842873,0.04643253268633921,0.09636330533819093,141.89859296513214
92321,San Bernardino County,34.86,-116.17999999999998,6,Risk Tier 46,1.0,3.05,238598.5,1586.8058852816066,0.0,0.2588655821038296,12.622498652857312
92322,San Bernardino County,34.86,-116.17999999999998,6,Risk Tier 46,1.0,3.0775,284692.75,1360.866602918751,0.0,0.23177555236034564,10.492766780013852
92324,San Bernardino County,34.86,-116.17999999999998,15,Risk Tier 16,1.0,0.5025,3970145.75,965.4969843340132,0.059750407748917066,0.002825315973067682,76.11327264524004
92325,San Bernardino County,34.86,-116.17999999999998,9,Risk Tier 43,1.0,2.97,2102585.75,1249.9327019119269,0.10233312321002769,0.050494892449359015,7.957153211628122
92326,San Bernardino County,34.86,-116.17999999999998,9,Risk Tier 43,1.0,2.7175,8243.5,1908.5908830573778,0.0,0.06443298969072166,-72.36417428725122
92327,San Bernardino County,34.86,-116.17999999999998,10,Risk Tier 21,1.0,0.45999999999999996,11952.25,884.9802304455918,0.0,0.0,207.77133388566696
92329,San Bernardino County,34.86,-116.17999999999998,3,Risk Tier 18,0.5592295005991056,1.2850000000000001,5401.25,1555.799885321101,0.0,0.0,1.521412471825695
92332,San Bernardino County,34.86,-116.17999999999998,3,Risk Tier 18,0.5592295005991056,0.7925,2907.75,1111.507944228275,0.0,0.0,-18.661735036987224
92333,San Bernardino County,34.86,-116.17999999999998,9,Risk Tier 43,0.5186092545828024,2.92,435107.0,1487.4636126764021,0.0,0.15471157311723754,82.05371821769401
92334,San Bernardino County,34.86,-116.17999999999998,3,Risk Tier 18,1.0,0.21250000000000002,4268.0,1941.875,0.0,0.0,-5.067487568079565
92335,San Bernardino County,34.86,-116.17999999999998,15,Risk Tier 16,1.0,0.16749999999999998,4399756.5,778.2030519144364,0.2578350417717096,0.0,70.42508564527272
92336,San Bernardino County,34.86,-116.17999999999998,15,Risk Tier 16,1.0,0.3125,12134525.25,1014.7112050377908,0.0516800271236145,0.010415381749286232,73.88105161674858
92337,San Bernardino County,34.86,-116.17999999999998,15,Risk Tier 16,1.0,0.43,3789399.75,997.6331169562093,0.015938978202681555,0.005047487563455197,66.70738758930825
92338,San Bernardino County,34.86,-116.17999999999998,3,Risk Tier 18,1.0,1.125,1274.25,1704.0,0.0,0.0,-100.0
92339,San Bernardino County,34.86,-116.17999999999998,9,Risk Tier 43,1.0,3.0025,281494.25,1285.1079016971676,0.12004281578067345,0.06973619684701256,41.77608217422183
92341,San Bernardino County,34.86,-116.17999999999998,9,Risk Tier 43,1.0,2.9625,372806.25,1326.8422908413668,0.3414410275280088,0.09475236720999783,76.40965591785263
92342,San Bernardino County,34.86,-116.17999999999998,15,Risk Tier 16,1.0,0.3175,1094748.25,1116.4832666869893,0.17579055262474344,0.000425531914893617,83.23279177701716
92344,San Bernardino County,34.86,-116.17999999999998,-1,Outlier/Anomalous,0.0,0.85,3211291.0,1172.2722605583563,0.07334623765417386,0.002203425195524966,78.65531145246544
92345,San Bernardino County,34.86,-116.17999999999998,-1,Outlier/Anomalous,0.0,1.025,7843271.5,898.5087162103783,0.2992203375726895,0.0009923156335386615,80.18405148450192
92346,San Bernardino County,34.86,-116.17999999999998,-1,Outlier/Anomalous,0.0,0.6775,6324491.25,1167.8442570619343,0.09458058108397116,0.006361461565559912,79.76392223974354
92347,San Bernardino County,34.86,-116.17999999999998,10,Risk Tier 21,1.0,0.655,21442.25,854.5877741654637,0.0,0.0,289.989281886388
92349,San Bernardino County,34.86,-116.17999999999998,3,Risk Tier 18,0.9112750421148523,0.0,616.75,616.75,0.0,0.0,-61.38328530259366
92352,San Bernardino County,34.86,-116.17999999999998,6,Risk Tier 46,1.0,2.975,5056599.75,1862.8495578824652,0.0629139404196755,0.26329023047403977,54.692138181264916
92354,San Bernardino County,34.86,-116.17999999999998,15,Risk Tier 16,1.0,0.4625,1612762.75,1129.508926102602,0.03710036850081791,0.001548046901365618,75.58044308037321
92356,San Bernardino County,34.86,-116.17999999999998,-1,Outlier/Anomalous,0.0,0.9099999999999999,453744.5,908.4029331100846,0.0,0.0031664299963220697,149.61828611028463
92358,San Bernardino County,34.86,-116.17999999999998,6,Risk Tier 46,1.0,2.8375,129494.5,1475.3013365855907,1.3488389132158742,0.34592503050953816,88.99797988574407
92359,San Bernardino County,34.86,-116.17999999999998,-1,Outlier/Anomalous,0.0,0.9275,841486.0,1030.437867811882,0.10255628875162624,0.013150771762834974,83.27789953449034
92363,San Bernardino County,34.86,-116.17999999999998,15,Risk Tier 16,1.0,0.41000000000000003,465948.25,1055.3590597709413,0.1682087047336887,0.0,35.97771584948918
92365,San Bernardino County,34.86,-116.17999999999998,10,Risk Tier 21,1.0,0.5775,106538.25,1141.757268673614,0.0,0.0,185.47035407500522
92366,San Bernardino County,34.86,-116.17999999999998,3,Risk Tier 18,0.6739359679422332,0.8925,694.5,714.5714285714286,0.0,0.0,-100.0
92368,San Bernardino County,34.86,-116.17999999999998,-1,Outlier/Anomalous,0.0,0.88,34290.0,1090.1568008761597,0.0,0.0,122.31522788943568
92371,San Bernardino County,34.86,-116.17999999999998,-1,Outlier/Anomalous,0.0,1.0775,2025663.75,1318.4066103987154,0.11555812209583399,0.02194884646611646,86.66168218006294
92372,San Bernardino County,34.86,-116.17999999999998,19,Risk Tier 27,1.0,1.3599999999999999,857022.25,1226.4960253567253,0.2170418876624661,0.012758013295399837,101.26801142986687
92373,San Bernardino County,34.86,-116.17999999999998,-1,Outlier/Anomalous,0.0,1.09,4700195.5,1468.318989583028,0.09429159611572203,0.008923489606429372,76.93387898979144
92374,San Bernardino County,34.86,-116.17999999999998,15,Risk Tier 16,1.0,0.33,3669986.25,988.0125414380686,0.03520643015655976,0.0013773097400976843,76.16796641757287
92375,San Bernardino County,34.86,-116.17999999999998,23,Risk Tier 32,0.6029188900383009,0.6666666666666666,1195.0,3585.0,0.0,0.0,-100.0
92376,San Bernardino County,34.86,-116.17999999999998,15,Risk Tier 16,1.0,0.1775,5324644.75,878.8830212970136,0.22796704181818678,0.0,62.880589884430464
92377,San Bernardino County,34.86,-116.17999999999998,15,Risk Tier 16,1.0,0.385,2595706.25,1164.8919557175736,0.08984522446289625,0.0006836453770608504,65.21179397652077
92378,San Bernardino County,34.86,-116.17999999999998,6,Risk Tier 46,1.0,3.0075,96411.0,1352.572464550398,0.0,0.29202588935019813,55.634336796456175
92382,San Bernardino County,34.86,-116.17999999999998,6,Risk Tier 46,1.0,3.015,1517027.25,1269.6054487066951,0.06839032683266749,0.2835238817655456,58.18137797802058
92384,San Bernardino County,34.86,-116.17999999999998,10,Risk Tier 21,1.0,1.0,2084.0,747.125,0.0,0.0,932.4468085106383
92385,San Bernardino County,34.86,-116.17999999999998,6,Risk Tier 46,1.0,2.9675000000000002,105667.5,2303.152874690008,0.0,0.2014563118495748,34.192034866914234
92386,San Bernardino County,34.86,-116.17999999999998,9,Risk Tier 43,1.0,2.6475,838385.75,858.0838594766997,0.12341194774275943,0.059671215930770585,124.96495893566082
92389,San Bernardino County,34.86,-116.17999999999998,10,Risk Tier 21,1.0,0.92,4485.75,989.8141425600303,0.0,0.0,268.0460974332111
92391,San Bernardino County,34.86,-116.17999999999998,6,Risk Tier 46,0.7759009073601001,2.9699999999999998,502613.75,1341.5706361289263,0.2674039597706033,0.21204102843193567,47.030251491314736
92392,San Bernardino County,34.86,-116.17999999999998,15,Risk Tier 16,1.0,0.45999999999999996,5640864.25,985.2075904204136,0.10054885534524537,0.0003787966791726279,75.16843543613051
92393,San Bernardino County,34.86,-116.17999999999998,-1,Outlier/Anomalous,0.0,0.83,3135.75,1045.25,0.0,0.0,51.34364820846905
92394,San Bernardino County,34.86,-116.17999999999998,15,Risk Tier 16,1.0,0.4875,2823974.5,861.5995625633904,0.10354573800224832,0.0,82.97878544284929
92395,San Bernardino County,34.86,-116.17999999999998,15,Risk Tier 16,0.8580902636740676,0.6125,3290691.25,914.8394800396474,0.07419006764830628,0.0,72.88085784823959
92397,San Bernardino County,34.86,-116.17999999999998,-1,Outlier/Anomalous,0.0,2.615,1338278.75,1261.5205598418997,0.0008936090510443788,0.16307760188286613,185.117906352631
92398,San Bernardino County,34.86,-116.17999999999998,-1,Outlier/Anomalous,0.0,0.6225,90351.75,1143.2687781205195,0.06327878517479843,0.0,158.4942234628208
92399,San Bernardino County,34.86,-116.17999999999998,-1,Outlier/Anomalous,0.0,1.1225,6458171.75,1191.22943867272,0.12377436882183061,0.027450699638234044,89.46313440885481
92401,San Bernardino County,34.86,-116.17999999999998,3,Risk Tier 18,0.5592295005991056,0.775,43309.25,921.2339159261219,0.0,0.0,-19.842369651827475
92404,San Bernardino County,34.86,-116.17999999999998,15,Risk Tier 16,1.0,0.345,4082884.75,919.959866640246,0.32677687780665576,0.004735234526316495,52.55887691104111
92405,San Bernardino County,34.86,-116.17999999999998,15,Risk Tier 16,1.0,0.305,2038368.5,881.2816750308514,0.16176891586487685,0.0007056789627078341,68.9611672812551
92407,San Bernardino County,34.86,-116.17999999999998,-1,Outlier/Anomalous,0.0,0.86,6261333.5,957.0128827338526,0.21536942333026218,0.01357969843976149,74.35243664094777
92408,San Bernardino County,34.86,-116.17999999999998,15,Risk Tier 16,1.0,0.3825,529990.25,845.0280009179639,0.1397210386773184,0.0,57.73682125442572
92410,San Bernardino County,34.86,-116.17999999999998,15,Risk Tier 16,1.0,0.2925,1484303.5,868.4883291792084,0.21807994346435328,0.0,60.698404086984034
92411,San Bernardino County,34.86,-116.17999999999998,15,Risk Tier 16,1.0,0.30000000000000004,1170068.5,801.0607605465071,0.1481337965127368,0.0,60.57850370495693
92501,Riverside County,33.73000000000001,-116.0,20,Risk Tier 13,0.9594898951772046,0.34500000000000003,1495776.25,934.5247352656269,0.13649476960854515,0.0,86.77924201541637
92503,Riverside County,33.73000000000001,-116.0,20,Risk Tier 13,0.6182769419958227,0.545,8626694.0,1043.461562989739,0.11388324689576143,0.0030663592783462547,86.97726382137884
92504,Riverside County,33.73000000000001,-116.0,20,Risk Tier 13,0.9862461691024733,0.345,5241839.75,1085.0714969914454,0.20046778607517743,8.914244963451596e-05,75.11476724104533
92505,Riverside County,33.73000000000001,-116.0,20,Risk Tier 13,1.0,0.2525,3361817.5,928.3479068621714,0.12188292463067113,0.0,78.75700371519065
92506,Riverside County,33.73000000000001,-116.0,20,Risk Tier 13,0.4103354277452432,0.395,7061509.75,1313.6740713250324,0.05021992582586612,0.0010020354605584912,88.43148526548364
92507,Riverside County,33.73000000000001,-116.0,-1,Outlier/Anomalous,0.0,0.54,2805169.0,877.2371988000137,0.15053474103182027,0.004480431903073136,109.17394624371622
92508,Riverside County,33.73000000000001,-116.0,20,Risk Tier 13,0.5287635656562475,0.3675,5377461.0,1311.2033957265367,0.06438826220465296,0.0004406256884776382,65.681792755892
92509,Riverside County,33.73000000000001,-116.0,20,Risk Tier 13,1.0,0.49250000000000005,6474715.25,968.0920430697482,0.15178178070124532,0.0014168960395934706,83.4486459153334
92530,Riverside County,33.73000000000001,-116.0,19,Risk Tier 27,1.0,0.7,5541771.5,1019.5386541590656,0.1764053134472673,0.030808450957038026,86.31132717731805
92532,Riverside County,33.73000000000001,-116.0,19,Risk Tier 27,1.0,0.67,4113609.25,1159.08757423268,0.03959697907595467,0.025316587370974777,98.11893099122628
92536,Riverside County,33.73000000000001,-116.0,9,Risk Tier 43,0.8377008664271635,2.05,424938.25,1690.0329794905313,0.5754958008050642,0.06347192594732108,55.100195739376964
92539,Riverside County,33.73000000000001,-116.0,14,Risk Tier 33,1.0,1.9274999999999998,277208.75,1734.996619293515,0.0005550868155779564,0.016946536078048614,44.4637861361517
92543,Riverside County,33.73000000000001,-116.0,20,Risk Tier 13,0.8433100566625313,0.39,1503150.25,848.5416116527504,0.20142868841086298,0.00317281617459771,85.34986387627418
92544,Riverside County,33.73000000000001,-116.0,20,Risk Tier 13,0.5554086442783986,0.54,3966543.75,1029.5113711572544,0.12517681423681398,0.007948719352602841,67.06196274466755
92545,Riverside County,33.73000000000001,-116.0,20,Risk Tier 13,1.0,0.38,3409146.0,949.5624022330501,0.05725224710537136,0.0038748286466002866,83.31747190653239
92548,Riverside County,33.73000000000001,-116.0,19,Risk Tier 27,1.0,1.175,243578.75,1187.4747241492014,0.025591321535645115,0.005190274489224303,64.58323099008226
92549,Riverside County,33.73000000000001,-116.0,9,Risk Tier 43,1.0,2.92,1466801.25,1393.1812525040352,0.29242041817387143,0.09211171580931754,90.84413018373509
92551,Riverside County,33.73000000000001,-116.0,20,Risk Tier 13,1.0,0.1625,2574511.75,928.7617544264028,0.16620188214893372,0.0,75.3853251535881
92552,Riverside County,33.73000000000001,-116.0,20,Risk Tier 13,0.7113121471594868,0.0,1794.25,1191.2083333333333,0.0,0.0,45.50658271322266
92553,Riverside County,33.73000000000001,-116.0,20,Risk Tier 13,1.0,0.14250000000000002,4444152.25,851.0837283376131,0.23914115267386918,0.0,67.10451644500222
92555,Riverside County,33.73000000000001,-116.0,20,Risk Tier 13,0.8503419441308743,0.32,5187105.0,1102.0359197233288,0.10914107535981138,0.005666550078965424,81.7752866770029
92557,Riverside County,33.73000000000001,-116.0,20,Risk Tier 13,1.0,0.3675,5393376.25,980.7294866000339,0.13694027741185677,0.007382404488607889,80.16655340081593
92561,Riverside County,33.73000000000001,-116.0,14,Risk Tier 33,1.0,1.9275,538709.25,1775.5224931076882,0.1530021728978533,0.055311863856385486,114.70514877190199
92562,Riverside County,33.73000000000001,-116.0,19,Risk Tier 27,1.0,0.84,10449483.75,1531.4607961746406,0.0672092451819281,0.013014241237301102,78.66429890851153
92563,Riverside County,33.73000000000001,-116.0,19,Risk Tier 27,1.0,0.61,8245698.0,1185.0003488588136,0.05438428075245799,0.02089026363187965,86.0408599288187
92567,Riverside County,33.73000000000001,-116.0,-1,Outlier/Anomalous,0.0,0.8425,903792.5,1178.3358662636897,0.011688826561501898,0.0005662514156285391,68.63514878126946
92570,Riverside County,33.73000000000001,-116.0,19,Risk Tier 27,1.0,0.915,3910701.75,1163.5233755373374,0.07330524964510261,0.009707240952532517,84.06904614688722
92571,Riverside County,33.73000000000001,-116.0,20,Risk Tier 13,1.0,0.2725,4205511.75,977.5582929358004,0.10940356406822424,0.000510666461954695,80.63676487101607
92582,Riverside County,33.73000000000001,-116.0,20,Risk Tier 13,0.9587481208197348,0.3025,1946591.0,955.2018952955982,0.06061523393100645,0.001022152061575004,79.75402429855106
92583,Riverside County,33.73000000000001,-116.0,20,Risk Tier 13,1.0,0.255,2066426.75,860.9968179111762,0.28321339374521665,0.002511532586990531,73.58211362821335
92584,Riverside County,33.73000000000001,-116.0,19,Risk Tier 27,1.0,0.5425,7031347.25,1065.9557651580103,0.03855320079662279,0.03043478484580571,91.3029513133165
92585,Riverside County,33.73000000000001,-116.0,20,Risk Tier 13,0.47182343044431174,0.41,2607386.25,963.5454510346885,0.05816113270616148,0.0003002101471029721,96.80513351458883
92586,Riverside County,33.73000000000001,-116.0,20,Risk Tier 13,1.0,0.335,2232247.25,808.6478151773816,0.13211151153471995,0.0,75.7468823995647
92587,Riverside County,33.73000000000001,-116.0,-1,Outlier/Anomalous,0.0,0.5075000000000001,3093441.0,1242.7298387370533,0.19110382016167143,0.004874907221388631,95.08158363230008
92589,Riverside County,33.73000000000001,-116.0,23,Risk Tier 32,0.6404811788821192,1.0,4176.25,4176.25,0.0,0.0,42.19898247597513
92590,Riverside County,33.73000000000001,-116.0,22,Risk Tier 29,0.6192463466876312,1.9224999999999999,928042.0,2858.8107627702784,0.0,0.08916399423456312,161.24999280046538
92591,Riverside County,33.73000000000001,-116.0,20,Risk Tier 13,0.5128809751438783,0.54,4610661.75,1181.949367514017,0.08358638139735987,0.0016115842072637393,65.02874676937721
92592,Riverside County,33.73000000000001,-116.0,19,Risk Tier 27,1.0,0.6575,11763728.5,1397.6180643611806,0.06880186802848157,0.0070324152657978665,69.19144373422347
92595,Riverside County,33.73000000000001,-116.0,19,Risk Tier 27,1.0,0.89,3942415.75,1271.1348985353045,0.05158696812471294,0.015318116546398032,87.78042220615737
92596,Riverside County,33.73000000000001,-116.0,19,Risk Tier 27,1.0,0.6375,4032993.25,1129.8881357894122,0.1500082977526087,0.06872758600810994,89.97170113142448
92602,Orange County,33.67999999999998,-117.78000000000009,34,Risk Tier 11,0.7035898954764082,0.375,2723031.0,1251.2327401872512,0.07057613845000098,0.005893029684899888,136.2298817215643
92603,Orange County,33.67999999999998,-117.78000000000009,29,Risk Tier 25,1.0,0.5475,3982464.75,2240.891140481079,0.0337958442604515,0.0014600651312532402,131.5833574496373
92604,Orange County,33.67999999999998,-117.78000000000009,8,Risk Tier 9,1.0,0.25,1849405.25,1037.6344938355192,0.004331429448765117,0.0,69.81810482999666
92606,Orange County,33.67999999999998,-117.78000000000009,8,Risk Tier 9,1.0,0.265,1284821.0,1114.2121470639108,0.14949122211303448,0.0,78.22510920881635
92610,Orange County,33.67999999999998,-117.78000000000009,-1,Outlier/Anomalous,0.0,0.795,2052797.25,1458.2240158095358,0.005444104826674047,0.013811910851640657,112.83601379616246
92612,Orange County,33.67999999999998,-117.78000000000009,-1,Outlier/Anomalous,0.0,0.355,619604.5,1347.3807726511052,0.019487596399734207,0.0,78.27915012003321
92614,Orange County,33.67999999999998,-117.78000000000009,8,Risk Tier 9,1.0,0.275,1125256.25,1132.457541221912,0.2186948057075063,0.0,80.01272223693557
92617,Orange County,33.67999999999998,-117.78000000000009,-1,Outlier/Anomalous,0.0,0.4975,588981.25,1224.0105294984696,0.12846507108689875,0.0,133.2322947116662
92618,Orange County,33.67999999999998,-117.78000000000009,10,Risk Tier 21,1.0,0.425,3729905.0,1085.6844281828917,0.10449423130650065,0.009545517668125343,206.6867745512067
92620,Orange County,33.67999999999998,-117.78000000000009,8,Risk Tier 9,1.0,0.275,5023984.75,1093.9177032808157,0.06790044926673705,9.1441111923921e-05,91.17396842529806
92621,Orange County,33.67999999999998,-117.78000000000009,3,Risk Tier 18,0.8942341394258699,1.1225,1728.25,865.125,0.0,0.0,-66.3129973474801
92624,Orange County,33.67999999999998,-117.78000000000009,28,Risk Tier 17,0.84420174310511,0.355,1195584.5,1657.219841177054,0.0346233137670894,0.0,77.92266532888989
92625,Orange County,33.67999999999998,-117.78000000000009,22,Risk Tier 29,1.0,0.66,4082679.5,2580.584429595353,0.1242895930446803,0.006915540609295653,110.86674949803302
92626,Orange County,33.67999999999998,-117.78000000000009,8,Risk Tier 9,1.0,0.2525,3816433.25,1105.8330036981624,0.13778575495082213,0.0,84.0276396253417
92627,Orange County,33.67999999999998,-117.78000000000009,8,Risk Tier 9,1.0,0.2875,2951927.5,1026.4901844862059,0.036872419059240304,0.0,101.45310908959779
92629,Orange County,33.67999999999998,-117.78000000000009,29,Risk Tier 25,1.0,0.4675,4935542.75,1930.6599484565272,0.036881302940896483,0.001351335942075002,99.86267107013023
92630,Orange County,33.67999999999998,-117.78000000000009,-1,Outlier/Anomalous,0.0,0.375,7329461.5,1248.5093588525378,0.07147267367942181,0.0002991570942753001,71.46590425809416
92631,Orange County,33.67999999999998,-117.78000000000009,-1,Outlier/Anomalous,0.0,0.0,1258.5,629.25,0.0,0.0,18.34319526627219
92633,Orange County,33.67999999999998,-117.78000000000009,3,Risk Tier 18,1.0,0.0,1580.25,730.155303030303,0.0,0.0,-30.417495029821072
92635,Orange County,33.67999999999998,-117.78000000000009,3,Risk Tier 18,1.0,0.0,1227.25,988.75,0.0,0.0,-38.78406708595388
92637,Orange County,33.67999999999998,-117.78000000000009,7,Suburban Moderate-Risk,1.0,0.33,18699.0,748.2507525013496,0.0,0.0,74.83405895367925
92645,Orange County,33.67999999999998,-117.78000000000009,3,Risk Tier 18,1.0,0.0,710.75,538.9388489208634,0.0,0.0,-36.734693877551024
92646,Orange County,33.67999999999998,-117.78000000000009,8,Risk Tier 9,1.0,0.2875,6090900.0,1141.579646217296,0.09615420885306743,0.0,96.29092794574656
92647,Orange County,33.67999999999998,-117.78000000000009,8,Risk Tier 9,1.0,0.265,3480936.0,910.0643986587713,0.07084118240639678,0.0,102.3954758799738
92648,Orange County,33.67999999999998,-117.78000000000009,28,Risk Tier 17,1.0,0.35,4372559.0,1561.6559541577117,0.034007018480881016,0.0,102.8015357077331
92649,Orange County,33.67999999999998,-117.78000000000009,28,Risk Tier 17,1.0,0.32,3768944.25,1416.2276876596638,0.04155342498074302,0.0,106.84682481781084
92651,Orange County,33.67999999999998,-117.78000000000009,22,Risk Tier 29,0.8322886859521219,1.455,10196849.5,2648.108215855233,0.02659703511583323,0.048768906255692024,97.2293704919993
92653,Orange County,33.67999999999998,-117.78000000000009,-1,Outlier/Anomalous,0.0,0.325,5139582.0,1910.3113935058095,0.07221466861640065,0.0,75.64297102101312
92655,Orange County,33.67999999999998,-117.78000000000009,7,Suburban Moderate-Risk,1.0,0.2625,255421.75,744.4515252667635,0.16158444833667382,0.0,81.32438405500531
92656,Orange County,33.67999999999998,-117.78000000000009,28,Risk Tier 17,1.0,0.47,4548102.75,1453.4569834287977,0.003878656160143784,0.0031808366570425404,101.33538031897389
92657,Orange County,33.67999999999998,-117.78000000000009,23,Risk Tier 32,1.0,1.38,5474908.75,3981.8270974527723,0.03312220437883154,0.04619730855376152,132.77088753118278
92660,Orange County,33.67999999999998,-117.78000000000009,22,Risk Tier 29,0.667964485525967,0.5525,7042314.0,2468.1589715287732,0.171383159506236,0.0,102.68622913733509
92661,Orange County,33.67999999999998,-117.78000000000009,-1,Outlier/Anomalous,0.0,0.485,1094064.0,2298.442736597536,0.0017837658795105604,0.0,105.35446710020524
92662,Orange County,33.67999999999998,-117.78000000000009,29,Risk Tier 25,1.0,0.51,758521.75,2038.2711155615889,0.0035767751226999677,0.0,127.43188000866819
92663,Orange County,33.67999999999998,-117.78000000000009,29,Risk Tier 25,0.9764493647720031,0.4075,3465315.75,2006.1552145888177,0.12117324250876378,0.0,98.03290685377065
92665,Orange County,33.67999999999998,-117.78000000000009,-1,Outlier/Anomalous,0.0,0.0,2040.5,1020.25,0.0,0.0,22.82314764737696
92667,Orange County,33.67999999999998,-117.78000000000009,3,Risk Tier 18,1.0,0.0,11331.25,1727.1588541666667,0.0,0.0,-12.264297958547608
92668,Orange County,33.67999999999998,-117.78000000000009,-1,Outlier/Anomalous,0.0,0.0,881.0,881.0,0.0,0.0,32.13367609254499
92670,Orange County,33.67999999999998,-117.78000000000009,3,Risk Tier 18,0.9623145725848815,0.0,1522.75,757.8939393939394,0.0,0.0,-70.18083878414775
92672,Orange County,33.67999999999998,-117.78000000000009,28,Risk Tier 17,0.6409492232892839,0.6675,4877421.0,1609.257212964683,0.10319543535759088,0.0017298876905884556,103.45004795440558
92673,Orange County,33.67999999999998,-117.78000000000009,29,Risk Tier 25,1.0,0.7575000000000001,6444769.75,1814.1011332033806,0.11163915939514217,0.002799914969906692,110.79438742329015
92675,Orange County,33.67999999999998,-117.78000000000009,29,Risk Tier 25,1.0,0.8200000000000001,6412866.75,2055.771175479391,0.25207515364560573,0.0023057209657789965,101.62236552193524
92676,Orange County,33.67999999999998,-117.78000000000009,6,Risk Tier 46,1.0,3.1075,503289.75,1788.100660380226,0.34903578927644907,0.5574003249833909,46.72989125816594
92677,Orange County,33.67999999999998,-117.78000000000009,29,Risk Tier 25,1.0,0.625,11472108.0,1787.6602032539772,0.019921855967291402,0.0022049836466737187,97.5336331477985
92678,Orange County,33.67999999999998,-117.78000000000009,9,Risk Tier 43,1.0,2.7875,46139.0,2315.606383427066,0.0,0.050412983055706725,8.83187457920554
92679,Orange County,33.67999999999998,-117.78000000000009,22,Risk Tier 29,1.0,1.275,9979542.0,2264.7380523656125,0.0067935689751117264,0.029632498710230007,132.89186923999995
92683,Orange County,33.67999999999998,-117.78000000000009,7,Suburban Moderate-Risk,1.0,0.20500000000000002,4769721.5,772.7967933536711,0.22402254089331372,0.0,69.35780944063927
92686,Orange County,33.67999999999998,-117.78000000000009,3,Risk Tier 18,1.0,0.5,2675.25,1076.4583333333333,0.0,0.0,-23.763648041104688
92687,Orange County,33.67999999999998,-117.78000000000009,-1,Outlier/Anomalous,0.0,0.0,1024.75,1024.75,0.0,0.0,24.68220338983051
92688,Orange County,33.67999999999998,-117.78000000000009,28,Risk Tier 17,0.6083211303878815,0.7275,5051765.5,1452.6198710080732,0.018438222713960003,0.004495299847756222,106.5846155349071
92691,Orange County,33.67999999999998,-117.78000000000009,-1,Outlier/Anomalous,0.0,0.2775,6619548.75,1319.5403694705733,0.07571438814285414,0.0,76.9379807788534
92692,Orange County,33.67999999999998,-117.78000000000009,28,Risk Tier 17,1.0,0.425,7865930.5,1523.0721200964185,0.04951874686788112,0.0017698419781550347,77.05644060121642
92694,Orange County,33.67999999999998,-117.78000000000009,30,Risk Tier 28,0.6791545332638684,0.8875,5395528.75,1618.2439788917898,0.005691996733617855,0.02107355534691313,138.75584674512456
92697,Orange County,33.67999999999998,-117.78000000000009,3,Risk Tier 18,0.9246279427258032,0.3333333333333333,17.0,51.0,0.0,0.0,-100.0
92701,Orange County,33.67999999999998,-117.78000000000009,7,Suburban Moderate-Risk,1.0,0.15750000000000003,1010031.25,739.4092405313136,0.02552986554624747,0.0,67.06222252978313
92703,Orange County,33.67999999999998,-117.78000000000009,7,Suburban Moderate-Risk,1.0,0.14500000000000002,1617470.75,620.6237161509735,0.25185792319157113,0.0,65.36697989784244
92704,Orange County,33.67999999999998,-117.78000000000009,7,Suburban Moderate-Risk,1.0,0.1475,3151945.75,756.9711551803914,0.24104161821975295,0.0,60.77868985378048
92705,Orange County,33.67999999999998,-117.78000000000009,28,Risk Tier 17,1.0,0.405,6517719.0,1553.2532745972323,0.1713580142516961,0.0,94.00351770469098
92706,Orange County,33.67999999999998,-117.78000000000009,7,Suburban Moderate-Risk,0.41708517437480724,0.2,2132555.75,857.2877393213922,0.09568094271140029,0.0,80.74520458720777
92707,Orange County,33.67999999999998,-117.78000000000009,7,Suburban Moderate-Risk,1.0,0.14500000000000002,2349291.75,736.7718872330885,0.10381233268487534,0.0,64.7414430946277
92708,Orange County,33.67999999999998,-117.78000000000009,8,Risk Tier 9,1.0,0.25,5778179.75,1075.827533670988,0.033684481214940276,0.0,76.91827553777128
92714,Orange County,33.67999999999998,-117.78000000000009,-1,Outlier/Anomalous,0.0,0.0,4477.75,786.675,0.0,0.0,17.4503150751333
92720,Orange County,33.67999999999998,-117.78000000000009,3,Risk Tier 18,0.6421246646170964,0.0,779.0,1038.6666666666667,0.0,0.0,-100.0
92780,Orange County,33.67999999999998,-117.78000000000009,8,Risk Tier 9,1.0,0.235,2618362.75,960.5351384935265,0.1529338619000453,0.0,89.63578394495286
92782,Orange County,33.67999999999998,-117.78000000000009,28,Risk Tier 17,1.0,0.40249999999999997,2597671.5,1437.9337563768574,0.009291445279819071,0.0002288329519450801,89.58112027911689
92801,Orange County,33.67999999999998,-117.78000000000009,7,Suburban Moderate-Risk,1.0,0.16999999999999998,1818777.0,751.519888349116,0.1502065235283287,0.0,68.417368702879
92802,Orange County,33.67999999999998,-117.78000000000009,7,Suburban Moderate-Risk,1.0,0.2,1244706.25,771.9397026912718,0.14667840765647067,0.0,82.80616087124444
92804,Orange County,33.67999999999998,-117.78000000000009,7,Suburban Moderate-Risk,1.0,0.18,3480122.25,758.0068791139737,0.2138478691210161,0.0,71.02497315954218
92805,Orange County,33.67999999999998,-117.78000000000009,7,Suburban Moderate-Risk,1.0,0.16499999999999998,2579249.75,753.7230566681084,0.2508291720743344,0.0,74.9960789167354
92806,Orange County,33.67999999999998,-117.78000000000009,7,Suburban Moderate-Risk,0.5439659289773467,0.2025,2021993.0,903.7396635631768,0.18826317295983586,0.0,73.13798847187141
92807,Orange County,33.67999999999998,-117.78000000000009,28,Risk Tier 17,1.0,0.4825,5964048.75,1410.4597056790778,0.09639023783581435,0.0028774515896328903,95.34617254512983
92808,Orange County,33.67999999999998,-117.78000000000009,28,Risk Tier 17,1.0,0.44,3625864.75,1636.5553109034036,0.06426601153403844,0.002472252539104396,96.4330860752714
92809,Orange County,33.67999999999998,-117.78000000000009,28,Risk Tier 17,1.0,0.0,1618.75,1618.75,0.0,0.0,71.63577759871072
92821,Orange County,33.67999999999998,-117.78000000000009,30,Risk Tier 28,0.9612555785930716,0.9675,4147766.75,1127.9615768420806,0.04995105745966119,0.007904925966277251,104.91264039871166
92823,Orange County,33.67999999999998,-117.78000000000009,30,Risk Tier 28,0.7401323496779938,0.77,890016.25,1280.5840329172706,0.008416930492586927,0.020525313701810585,145.11603468576098
92831,Orange County,33.67999999999998,-117.78000000000009,8,Risk Tier 9,1.0,0.265,2170038.25,1059.322623602006,0.14231058191836005,0.0,92.70522623058018
92832,Orange County,33.67999999999998,-117.78000000000009,7,Suburban Moderate-Risk,0.503489093678311,0.21000000000000002,1108288.0,769.3194537645295,0.26964260633224857,0.0,91.01034249779117
92833,Orange County,33.67999999999998,-117.78000000000009,7,Suburban Moderate-Risk,0.27694888448302457,0.29,4024163.25,913.9613907846394,0.1524877400498198,0.0001478751815167853,82.75140189014007
92835,Orange County,33.67999999999998,-117.78000000000009,28,Risk Tier 17,1.0,0.3175,3470520.75,1379.0276443027178,0.12772359271466133,0.0,95.0693170130823
92840,Orange County,33.67999999999998,-117.78000000000009,7,Suburban Moderate-Risk,1.0,0.20750000000000002,2396646.75,714.2891320195417,0.3941339474366906,0.0,79.98284450688467
92841,Orange County,33.67999999999998,-117.78000000000009,7,Suburban Moderate-Risk,1.0,0.2,1646733.5,769.2116736258562,0.5083346329972757,0.0,66.67271403429343
92843,Orange County,33.67999999999998,-117.78000000000009,7,Suburban Moderate-Risk,1.0,0.17,1534211.25,651.5892766227378,0.21045468791154182,0.0,61.75374551884675
92844,Orange County,33.67999999999998,-117.78000000000009,7,Suburban Moderate-Risk,1.0,0.2175,727481.75,723.897539183406,0.22333131580630047,0.0,80.01006159848846
92845,Orange County,33.67999999999998,-117.78000000000009,-1,Outlier/Anomalous,0.0,0.24,1406768.0,779.1172160978549,0.013938728210541138,0.0,103.88171466226072
92846,Orange County,33.67999999999998,-117.78000000000009,14,Risk Tier 33,1.0,2.0,1068.75,1068.75,0.0,0.0,79.87654320987654
92860,Orange County,33.67999999999998,-117.78000000000009,28,Risk Tier 17,0.7864345543489241,0.685,3854309.25,1330.9928327294078,0.11012792898211977,0.0,87.04198322510722
92861,Orange County,33.67999999999998,-117.78000000000009,29,Risk Tier 25,1.0,0.41000000000000003,1871843.25,2123.56501828567,0.03617665785564066,0.0,116.24862521132944
92865,Orange County,33.67999999999998,-117.78000000000009,8,Risk Tier 9,0.9077936811978702,0.22749999999999998,1665918.75,920.9484352766424,0.02292755352935822,0.0,88.73526054552123
92866,Orange County,33.67999999999998,-117.78000000000009,8,Risk Tier 9,1.0,0.28500000000000003,840014.25,911.6277417502142,0.06366358063892305,0.0,101.13166400835603
92867,Orange County,33.67999999999998,-117.78000000000009,8,Risk Tier 9,1.0,0.325,5211789.25,1239.0584404390781,0.06861339544760038,0.0002916589181661868,99.29115239125947
92868,Orange County,33.67999999999998,-117.78000000000009,7,Suburban Moderate-Risk,1.0,0.2225,749291.75,817.5936317634312,0.0,0.0,74.12639418723475
92869,Orange County,33.67999999999998,-117.78000000000009,28,Risk Tier 17,1.0,0.35000000000000003,5257822.25,1475.0387275034545,0.06133276566183893,0.00011544677903486493,90.70337088564624
92870,Orange County,33.67999999999998,-117.78000000000009,8,Risk Tier 9,1.0,0.2475,4422115.25,1049.3135707674026,0.1044371936286598,0.0,89.65333037647734
92879,Orange County,33.67999999999998,-117.78000000000009,8,Risk Tier 9,1.0,0.325,3827903.0,1135.1577753788304,0.03999407760966544,0.0003797523090734599,69.66848439851282
92880,Orange County,33.67999999999998,-117.78000000000009,8,Risk Tier 9,0.9225713944732755,0.245,9595302.75,1180.5352032351348,0.03662409460483012,0.00030985038719181157,67.47834587581892
92881,Orange County,33.67999999999998,-117.78000000000009,28,Risk Tier 17,1.0,0.4675,5069445.25,1512.6773989824871,0.02398352211928903,0.005214840512401739,76.43752372269387
92882,Orange County,33.67999999999998,-117.78000000000009,34,Risk Tier 11,0.7623031788929939,0.5725,7672725.5,1273.9308738941647,0.04030188823486547,0.011243294255723527,76.18702059597153
92883,Orange County,33.67999999999998,-117.78000000000009,-1,Outlier/Anomalous,0.0,0.71,6089042.25,1303.1532083435516,0.22805551078378247,0.02594568115898403,95.2356704260531
92886,Orange County,33.67999999999998,-117.78000000000009,28,Risk Tier 17,0.8492673655251456,0.6599999999999999,8708875.0,1456.53129675659,0.07531503016533354,0.002901425070550306,98.70239462402431
92887,Orange County,33.67999999999998,-117.78000000000009,29,Risk Tier 25,1.0,0.8525,4661641.25,1783.0317631186422,0.22052894585180008,0.016036943868539974,93.8195815781188
93001,Ventura County,34.36000000000001,-119.13000000000008,24,Risk Tier 22,1.0,0.775,2862349.5,1039.944927151398,0.08864818297530387,0.005653420133773027,95.82318503559554
93003,Ventura County,34.36000000000001,-119.13000000000008,24,Risk Tier 22,1.0,0.55,4131478.25,971.4564068289596,0.04572630038863469,0.0014969274255318974,103.6435063150717
93004,Ventura County,34.36000000000001,-119.13000000000008,24,Risk Tier 22,0.9438018065768218,0.33499999999999996,2827214.75,946.1878759862071,0.10095770792639494,0.0,86.24087255028006
93010,Ventura County,34.36000000000001,-119.13000000000008,24,Risk Tier 22,1.0,0.5900000000000001,5307928.75,1189.4080306291223,0.17421256492776407,0.002085691791143234,95.0341664765921
93012,Ventura County,34.36000000000001,-119.13000000000008,30,Risk Tier 28,1.0,0.61,4940582.5,1468.1744133773589,0.1071424743348314,0.00864241935617763,105.007804286898
93013,Ventura County,34.36000000000001,-119.13000000000008,-1,Outlier/Anomalous,0.0,0.67,1630814.0,1669.0477631934586,0.24725717810560963,0.004082034480465149,89.0973016986151
93015,Ventura County,34.36000000000001,-119.13000000000008,24,Risk Tier 22,1.0,0.435,1640469.75,891.0711403617097,0.0385722545264241,0.0034423697364251377,86.56712428455889
93021,Ventura County,34.36000000000001,-119.13000000000008,30,Risk Tier 28,0.99071886834534,0.8625,5896530.75,1338.5905272022283,0.05642947477098164,0.009908120209090668,111.59366515104045
93022,Ventura County,34.36000000000001,-119.13000000000008,30,Risk Tier 28,0.6809271447685825,1.4275,976624.0,1038.8924605478471,0.3866562922858351,0.006769174116187222,93.81614257821207
93023,Ventura County,34.36000000000001,-119.13000000000008,30,Risk Tier 28,0.7815670898414147,1.5325,3797057.75,1433.4533060093668,0.1030837435852892,0.015937084511239645,90.72599549225244
93030,Ventura County,34.36000000000001,-119.13000000000008,32,Urban Low-Risk,0.8289715670290182,0.20750000000000002,3986410.25,944.3945005257685,0.1195380131492259,0.0,55.7564744992274
93033,Ventura County,34.36000000000001,-119.13000000000008,32,Urban Low-Risk,0.7676063086796028,0.15,4226253.75,795.9561583371611,0.13549469212488408,0.0,49.456882465367094
93035,Ventura County,34.36000000000001,-119.13000000000008,24,Risk Tier 22,1.0,0.285,3664396.75,1149.1023283253048,0.16065438874487498,0.0,75.58505737937033
93036,Ventura County,34.36000000000001,-119.13000000000008,-1,Outlier/Anomalous,0.0,0.2575,2649417.5,930.8785555182939,0.22001068355718673,0.0,80.45938618141844
93040,Ventura County,34.36000000000001,-119.13000000000008,24,Risk Tier 22,1.0,0.46249999999999997,203356.0,1046.6143366185138,0.0,0.012873741181482795,81.67384320051191
93041,Ventura County,34.36000000000001,-119.13000000000008,32,Urban Low-Risk,0.8403356478859936,0.2175,936544.75,759.4452481544514,0.028482774875615638,0.0,59.87632934863649
93060,Ventura County,34.36000000000001,-119.13000000000008,24,Risk Tier 22,1.0,0.6325000000000001,2178958.75,843.15074952979,0.05493819649032035,0.009819714312361689,108.69598823460598
93063,Ventura County,34.36000000000001,-119.13000000000008,24,Risk Tier 22,1.0,0.525,7598354.5,1190.1516906244183,0.12322081232484433,0.007513207900433246,83.4039314695524
93065,Ventura County,34.36000000000001,-119.13000000000008,24,Risk Tier 22,1.0,0.7275,10730563.5,1246.3359785351938,0.07205820585318137,0.007635291120344137,95.77058865814435
93066,Ventura County,34.36000000000001,-119.13000000000008,29,Risk Tier 25,1.0,0.745,617142.5,1941.1002961358429,0.10145137527794458,0.010000939500673399,100.93943888478893
93067,Ventura County,34.36000000000001,-119.13000000000008,29,Risk Tier 25,1.0,0.59,239907.5,1973.1826296582562,0.0,0.0,161.7038079375108
93101,Ventura County,34.36000000000001,-119.13000000000008,24,Risk Tier 22,1.0,0.64,1324909.75,1160.539043616831,0.04484176176735117,0.0014929877807990433,90.24451958438266
93103,Ventura County,34.36000000000001,-119.13000000000008,-1,Outlier/Anomalous,0.0,1.0825,2239185.0,1802.5035393604894,0.5383371173370075,0.02356280757288534,85.14080686242548
93105,Ventura County,34.36000000000001,-119.13000000000008,30,Risk Tier 28,0.756155653762181,1.295,3585726.0,1588.5647165857858,0.34485408852670324,0.059582570263668214,99.65110539461176
93106,Ventura County,34.36000000000001,-119.13000000000008,10,Risk Tier 21,1.0,0.6666666666666666,423.6666666666667,753.9629629629629,0.0,0.0,541.8367346938776
93108,Ventura County,34.36000000000001,-119.13000000000008,23,Risk Tier 32,1.0,1.855,6926704.75,4784.226314851546,6.424499554974495,0.0604424292542932,41.11106860073423
93109,Ventura County,34.36000000000001,-119.13000000000008,30,Risk Tier 28,1.0,0.605,1604721.5,1441.7320313132789,0.07048599127330053,0.0051520581018916645,109.9923399584979
93110,Ventura County,34.36000000000001,-119.13000000000008,29,Risk Tier 25,1.0,1.0350000000000001,2390521.0,2194.7377929707322,0.023256450739934494,0.006383977513574976,110.99885859530791
93111,Ventura County,34.36000000000001,-119.13000000000008,30,Risk Tier 28,0.9387839914802398,0.855,2222425.25,1350.87861401541,0.16626122652118522,0.0022337454868045265,116.14125503168968
93117,Ventura County,34.36000000000001,-119.13000000000008,-1,Outlier/Anomalous,0.0,0.6699999999999999,2397858.25,1238.383363494186,0.8893512180831957,0.0074189953687722856,106.82894594000965
93201,Kern County,35.35000000000001,-118.73000000000002,1,Risk Tier 12,1.0,0.24,23012.5,858.3230581770766,0.0,0.0,57.07952785344229
93202,Kern County,35.35000000000001,-118.73000000000002,1,Risk Tier 12,1.0,0.2,358759.75,659.4620901941762,0.08555505900732528,0.0,45.86721142640323
93203,Kern County,35.35000000000001,-118.73000000000002,1,Risk Tier 12,1.0,0.11750000000000001,1158649.25,736.5742092276324,0.1914660749891481,0.0002955082742316785,38.15084971361523
93204,Kern County,35.35000000000001,-118.73000000000002,1,Risk Tier 12,1.0,0.15000000000000002,542975.5,734.1044428059557,0.08725852369658306,0.0,38.90516697828966
93205,Kern County,35.35000000000001,-118.73000000000002,5,Risk Tier 40,1.0,2.0575,158152.75,1042.020050883084,0.0,0.07768431475421772,52.401918642488134
93206,Kern County,35.35000000000001,-118.73000000000002,1,Risk Tier 12,1.0,0.3025,91086.0,937.8712656613716,0.4264133775289453,0.0,38.971612903225804
93207,Kern County,35.35000000000001,-118.73000000000002,45,Risk Tier 45,1.0,2.9375,91326.25,997.5160557770323,0.0,0.2671023424641471,170.72201700884804
93208,Kern County,35.35000000000001,-118.73000000000002,-1,Outlier/Anomalous,0.0,2.7625,54226.75,1041.1032137058285,8.301260354502539,0.2837270470130019,156.99716331217076
93210,Kern County,35.35000000000001,-118.73000000000002,1,Risk Tier 12,1.0,0.4525,1192070.0,857.9978658047178,0.04205469131937981,0.0005827505827505828,87.66074246077818
93212,Kern County,35.35000000000001,-118.73000000000002,1,Risk Tier 12,0.6610729675440493,0.235,981489.75,739.5646689868493,0.4545125531317765,0.0,10.761267077397733
93215,Kern County,35.35000000000001,-118.73000000000002,1,Risk Tier 12,0.6997133390235072,0.41,2679556.25,792.6552946449408,0.24067436459849112,0.0,20.211300897406677
93218,Kern County,35.35000000000001,-118.73000000000002,24,Risk Tier 22,1.0,0.325,42938.0,941.048706090073,0.0,0.0,127.18237780909294
93219,Kern County,35.35000000000001,-118.73000000000002,1,Risk Tier 12,1.0,0.2875,439935.75,784.1644898104123,0.35373765507271426,0.0,31.644325845020894
93220,Kern County,35.35000000000001,-118.73000000000002,3,Risk Tier 18,0.2726860192338949,0.0,235.25,532.8333333333333,0.0,0.0,-100.0
93221,Kern County,35.35000000000001,-118.73000000000002,1,Risk Tier 12,1.0,0.585,1460644.25,942.5656571721512,0.5463272304470875,0.0015019091638424102,39.670016896530555
93222,Kern County,35.35000000000001,-118.73000000000002,45,Risk Tier 45,1.0,2.6875,671571.0,1212.390072497175,0.0879055724100283,0.35383131226273096,194.78437402466506
93223,Kern County,35.35000000000001,-118.73000000000002,1,Risk Tier 12,0.6859893425540702,0.25,684084.5,747.1850193568745,0.04676596485204084,0.0,19.45817640612363
93224,Kern County,35.35000000000001,-118.73000000000002,24,Risk Tier 22,1.0,0.5025,31407.0,852.3048483930108,0.0,0.0,116.2024072709408
93225,Kern County,35.35000000000001,-118.73000000000002,5,Risk Tier 40,1.0,2.1125,1125406.25,1157.7488407194294,0.12671168389139392,0.14167886467339688,133.41080133599604
93226,Kern County,35.35000000000001,-118.73000000000002,25,Risk Tier 26,1.0,2.0549999999999997,32908.0,1071.4629230222604,0.0,0.0,143.91235018774756
93227,Kern County,35.35000000000001,-118.73000000000002,1,Risk Tier 12,1.0,0.16749999999999998,72919.0,680.4755372769711,0.3374738496169503,0.0,37.8061422832707
93230,Kern County,35.35000000000001,-118.73000000000002,1,Risk Tier 12,1.0,0.2375,6986011.0,808.8343363434124,0.10518926100908012,6.284051705177431e-05,41.90408891489537
93234,Kern County,35.35000000000001,-118.73000000000002,1,Risk Tier 12,1.0,0.14,255471.75,818.7545769581149,0.15469231481462611,0.0,42.52617468278365
93235,Kern County,35.35000000000001,-118.73000000000002,1,Risk Tier 12,1.0,0.2925,247832.25,718.5871584906046,0.039458812055001416,0.0,26.04749017657072
93238,Kern County,35.35000000000001,-118.73000000000002,-1,Outlier/Anomalous,0.0,2.0875,526575.75,1253.829982955766,0.0625439757842408,0.0,84.5189803320995
93239,Kern County,35.35000000000001,-118.73000000000002,1,Risk Tier 12,1.0,0.2375,34889.25,688.3363009886526,0.0,0.0,61.89745508982036
93240,Kern County,35.35000000000001,-118.73000000000002,30,Risk Tier 28,0.9387839914802398,1.2475,859414.0,1038.6591674423037,0.0019052303878514107,0.007864420847443387,71.29205393376097
93241,Kern County,35.35000000000001,-118.73000000000002,1,Risk Tier 12,1.0,0.1325,570544.0,698.3492049618662,0.9856515652266196,0.0005630630630630631,33.09673419529353
93242,Kern County,35.35000000000001,-118.73000000000002,1,Risk Tier 12,1.0,0.26749999999999996,201448.75,916.0171798811845,0.0,0.0,44.675536343826955
93243,Kern County,35.35000000000001,-118.73000000000002,5,Risk Tier 40,1.0,2.275,152105.5,1433.0725665110606,0.0,0.11300482305752999,125.10901200970864
93244,Kern County,35.35000000000001,-118.73000000000002,30,Risk Tier 28,1.0,1.1275,39426.0,1236.3958455409872,0.0,0.0,96.0196292257361
93245,Kern County,35.35000000000001,-118.73000000000002,1,Risk Tier 12,1.0,0.2425,2836221.5,808.7702691850162,0.2775032039292764,0.0,50.311291827467166
93247,Kern County,35.35000000000001,-118.73000000000002,1,Risk Tier 12,1.0,0.3175,1076780.75,767.4377513703353,0.04502967097384966,0.0,66.63270963693193
93249,Kern County,35.35000000000001,-118.73000000000002,1,Risk Tier 12,1.0,0.345,43464.0,778.4761887459497,0.0,0.0,72.10932025227751
93250,Kern County,35.35000000000001,-118.73000000000002,1,Risk Tier 12,1.0,0.2525,811367.0,705.085333359093,0.14986218564552636,0.0,35.36615711468921
93251,Kern County,35.35000000000001,-118.73000000000002,10,Risk Tier 21,1.0,0.75,2511.0,745.24527234369,0.0,0.0,273.0800323362975
93252,Kern County,35.35000000000001,-118.73000000000002,24,Risk Tier 22,1.0,0.6174999999999999,74639.0,865.9387648627263,0.0,0.0040650406504065045,149.13399972361694
93254,Kern County,35.35000000000001,-118.73000000000002,24,Risk Tier 22,1.0,0.5800000000000001,59927.5,780.836760217863,0.0,0.0,114.96842159093814
93255,Kern County,35.35000000000001,-118.73000000000002,30,Risk Tier 28,0.773146391743323,1.4925,60193.25,1508.0298727211105,0.0,0.031354515050167224,60.83620707245904
93256,Kern County,35.35000000000001,-118.73000000000002,1,Risk Tier 12,1.0,0.31,210804.0,805.2967080306048,0.14492261014863583,0.0,41.045562286015276
93257,Kern County,35.35000000000001,-118.73000000000002,1,Risk Tier 12,1.0,0.5775,4427696.75,784.6937927810761,0.27383361904431447,0.0007051428764372113,80.52095062427537
93258,Kern County,35.35000000000001,-118.73000000000002,1,Risk Tier 12,1.0,0.235,12833.75,609.6220337776736,0.0,0.0,55.28191154894152
93260,Kern County,35.35000000000001,-118.73000000000002,45,Risk Tier 45,1.0,2.675,84686.5,984.0506813625758,0.5028653838855365,0.27323236055788425,210.64607403914172
93261,Kern County,35.35000000000001,-118.73000000000002,1,Risk Tier 12,1.0,0.2225,74006.25,764.3109237933631,0.30607337770922804,0.0,49.985248945733474
93263,Kern County,35.35000000000001,-118.73000000000002,1,Risk Tier 12,1.0,0.255,1505685.0,718.4264404796829,0.13841019653730963,0.0,67.12458607699399
93265,Kern County,35.35000000000001,-118.73000000000002,5,Risk Tier 40,1.0,1.7675,913332.25,1249.3074737400275,2.549436643484885,0.08695376128428213,131.39699779886695
93266,Kern County,35.35000000000001,-118.73000000000002,1,Risk Tier 12,1.0,0.2025,103669.5,714.2229000716436,0.9948889907906301,0.0,8.583955468899957
93267,Kern County,35.35000000000001,-118.73000000000002,1,Risk Tier 12,1.0,0.36250000000000004,314203.25,830.0812126782075,0.9016074164590238,0.0010526315789473684,83.66563317681639
93268,Kern County,35.35000000000001,-118.73000000000002,24,Risk Tier 22,1.0,0.51,1101013.75,784.9837110907575,0.37492893499659774,0.0,164.6369677499113
93270,Kern County,35.35000000000001,-118.73000000000002,1,Risk Tier 12,1.0,0.3675,255385.0,872.1497671577699,0.0,0.0,76.58929559903909
93271,Kern County,35.35000000000001,-118.73000000000002,5,Risk Tier 40,1.0,2.0975,505180.5,1349.5781495127808,0.32037458182494266,0.08603777879877691,76.19311831284227
93272,Kern County,35.35000000000001,-118.73000000000002,1,Risk Tier 12,1.0,0.27999999999999997,135100.75,760.934847316882,0.0072233230824658694,0.0,36.939016439659575
93274,Kern County,35.35000000000001,-118.73000000000002,1,Risk Tier 12,1.0,0.4025,5220540.25,743.3780940357026,0.09099081189151377,0.0,83.5603149851064
93276,Kern County,35.35000000000001,-118.73000000000002,10,Risk Tier 21,0.8590711926965329,0.4175,1788.75,826.5416666666666,0.0,0.0,212.46612466124662
93277,Kern County,35.35000000000001,-118.73000000000002,1,Risk Tier 12,0.9215430148375374,0.44,4473233.0,849.7981333142508,0.15515214163503083,0.0,58.40034002123986
93280,Kern County,35.35000000000001,-118.73000000000002,1,Risk Tier 12,1.0,0.3325,1249060.25,699.6129120593971,0.10942717922333192,0.0,78.92461758556179
93283,Kern County,35.35000000000001,-118.73000000000002,30,Risk Tier 28,0.7815670898414147,1.2875,97493.75,1216.244810647121,0.0,0.010269643985675163,80.72316384180792
93285,Kern County,35.35000000000001,-118.73000000000002,5,Risk Tier 40,1.0,2.3449999999999998,470163.75,1315.387959816434,0.18066804305139703,0.06750279359339573,57.56155981194215
93286,Kern County,35.35000000000001,-118.73000000000002,1,Risk Tier 12,0.9786484194407707,0.865,649164.5,772.8090312006669,0.1609052867147848,0.0016054329964104402,52.54444427282837
93287,Kern County,35.35000000000001,-118.73000000000002,25,Risk Tier 26,0.9529320108911429,1.8025,21448.75,1337.768456193277,0.0,0.022727272727272728,181.22026542024872
93291,Kern County,35.35000000000001,-118.73000000000002,1,Risk Tier 12,1.0,0.36,5322874.0,826.1064412621731,0.12703463687107308,0.0001832243311708542,64.9931113879138
93292,Kern County,35.35000000000001,-118.73000000000002,1,Risk Tier 12,1.0,0.3875,3659953.5,795.9940426977857,0.2666182383883393,0.0,78.09530369013787
93301,Kern County,35.35000000000001,-118.73000000000002,1,Risk Tier 12,1.0,0.3125,667477.0,931.5226542541136,0.660200918685317,0.0,73.38588213673609
93304,Kern County,35.35000000000001,-118.73000000000002,1,Risk Tier 12,1.0,0.21250000000000002,2999210.5,772.4017254943321,0.414406723852726,0.0,55.291259551980446
93305,Kern County,35.35000000000001,-118.73000000000002,1,Risk Tier 12,1.0,0.275,1912884.25,844.091621053173,0.44620600700965063,0.0,57.30815554312855
93306,Kern County,35.35000000000001,-118.73000000000002,1,Risk Tier 12,1.0,0.395,6975833.0,883.5530546036431,0.1658030776159409,0.0008887067866858064,68.96160628153248
93307,Kern County,35.35000000000001,-118.73000000000002,1,Risk Tier 12,1.0,0.1975,4527893.25,771.7959671612803,0.24623440692467782,0.0001505631731341171,51.49640031923648
93308,Kern County,35.35000000000001,-118.73000000000002,1,Risk Tier 12,1.0,0.3375,4585584.25,886.9194634331511,0.1812660976024032,0.0,80.18246412439788
93309,Kern County,35.35000000000001,-118.73000000000002,1,Risk Tier 12,1.0,0.295,4940137.0,898.4135676553442,0.19744676020584553,0.0,70.62485985846695
93311,Kern County,35.35000000000001,-118.73000000000002,1,Risk Tier 12,0.9405773019692651,0.29,7019717.5,966.6919185193909,0.0969749414638475,0.0,93.69427890480534
93312,Kern County,35.35000000000001,-118.73000000000002,1,Risk Tier 12,1.0,0.3025,8523421.75,951.2879746121204,0.1254831925073855,0.0,76.14864164616758
93313,Kern County,35.35000000000001,-118.73000000000002,1,Risk Tier 12,1.0,0.20750000000000002,5799443.0,797.7092645202481,0.08131923639406152,0.0,71.79676426706453
93314,Kern County,35.35000000000001,-118.73000000000002,-1,Outlier/Anomalous,0.0,0.34750000000000003,5104841.0,1023.4886087934378,0.07249296409821358,0.0,106.13218905771777
93401,San Luis Obispo County,35.38999999999999,-120.44999999999993,25,Risk Tier 26,1.0,0.65,2474139.75,1000.5934779363893,0.15169440344096277,0.0039030942724420656,128.09225088447573
93402,San Luis Obispo County,35.38999999999999,-120.44999999999993,25,Risk Tier 26,0.7902225277486893,0.6975,1814996.0,888.9515065067909,0.009546645492366185,0.00237837018292619,114.72777204928994
93405,San Luis Obispo County,35.38999999999999,-120.44999999999993,25,Risk Tier 26,1.0,0.85,1388716.75,987.8566474116427,0.00750336359216576,0.007076008229265691,128.66435068793712
93412,San Luis Obispo County,35.38999999999999,-120.44999999999993,4,Risk Tier 20,0.3288457499549131,0.0,146.0,912.5,0.0,0.0,-100.0
93420,San Luis Obispo County,35.38999999999999,-120.44999999999993,25,Risk Tier 26,1.0,0.99,3952488.75,1097.004649815333,0.18102992296722584,0.008688708665581324,132.84733811946862
93421,San Luis Obispo County,35.38999999999999,-120.44999999999993,6,Risk Tier 46,1.0,2.4,3809.5,2699.1,0.0,0.6,41.85445142223864
93422,San Luis Obispo County,35.38999999999999,-120.44999999999993,25,Risk Tier 26,1.0,1.55,4291228.25,1010.8279813042557,0.11701130650636034,0.004805869411663487,120.58908441828702
93424,San Luis Obispo County,35.38999999999999,-120.44999999999993,38,Risk Tier 37,1.0,1.7325,238593.75,1469.4391229635955,0.0,0.05698414161285159,341.1278015966116
93426,San Luis Obispo County,35.38999999999999,-120.44999999999993,45,Risk Tier 45,1.0,2.7624999999999997,428903.0,1411.9509197348116,0.0,0.29749181460721197,118.05660799468849
93427,San Luis Obispo County,35.38999999999999,-120.44999999999993,25,Risk Tier 26,1.0,0.5075000000000001,498671.25,1054.6723503997491,0.0,0.0,81.28545677728997
93428,San Luis Obispo County,35.38999999999999,-120.44999999999993,25,Risk Tier 26,0.9720606042199115,1.925,1822409.5,1165.481192630782,0.013881882331680109,0.012242617779958954,121.2253514122511
93429,San Luis Obispo County,35.38999999999999,-120.44999999999993,25,Risk Tier 26,0.8041408763501667,1.8675,10423.0,826.3669769989046,0.0,0.0,110.13753012902312
93430,San Luis Obispo County,35.38999999999999,-120.44999999999993,25,Risk Tier 26,1.0,0.6775,699808.75,1057.5489238579369,0.04126069351169475,0.0013497267759562841,74.1416088581857
93432,San Luis Obispo County,35.38999999999999,-120.44999999999993,25,Risk Tier 26,1.0,1.6875,201185.5,1516.0561147304502,0.06993544908090277,0.002890173410404624,155.48376620601834
93433,San Luis Obispo County,35.38999999999999,-120.44999999999993,25,Risk Tier 26,1.0,0.4225,935403.0,729.2651179275655,0.02337837332450838,0.0,96.08010786280377
93434,San Luis Obispo County,35.38999999999999,-120.44999999999993,25,Risk Tier 26,1.0,0.41,417107.5,641.8027675609625,0.024462536081846536,0.0,85.08439183302656
93435,San Luis Obispo County,35.38999999999999,-120.44999999999993,38,Risk Tier 37,1.0,2.2275,7707.5,2113.4375,0.0,0.0,278.419452887538
93436,San Luis Obispo County,35.38999999999999,-120.44999999999993,25,Risk Tier 26,1.0,0.49250000000000005,3424944.75,809.0650283277454,0.09846803084966388,0.0022496373128368078,81.73992008126888
93440,San Luis Obispo County,35.38999999999999,-120.44999999999993,25,Risk Tier 26,1.0,0.5875,208022.25,1236.5489493960981,0.01151503177582403,0.0,135.51447550822536
93441,San Luis Obispo County,35.38999999999999,-120.44999999999993,-1,Outlier/Anomalous,0.0,0.6825,203793.25,1837.2868828947865,0.0,0.003048780487804878,145.51919749800373
93442,San Luis Obispo County,35.38999999999999,-120.44999999999993,25,Risk Tier 26,1.0,0.565,1446917.5,911.0942039889769,0.15276656786005277,0.0004120958370078546,100.03741202806924
93444,San Luis Obispo County,35.38999999999999,-120.44999999999993,25,Risk Tier 26,1.0,0.81,2368100.25,905.6181231469051,0.0640456706260347,0.005423839067659315,97.69710620039838
93445,San Luis Obispo County,35.38999999999999,-120.44999999999993,25,Risk Tier 26,1.0,0.3275,369271.25,670.1940428438274,0.37482664408603245,0.0,85.61678472705427
93446,San Luis Obispo County,35.38999999999999,-120.44999999999993,25,Risk Tier 26,1.0,0.8375,5422032.0,947.2393058047335,0.15785785601019092,0.00439231390696408,116.79718040042246
93449,San Luis Obispo County,35.38999999999999,-120.44999999999993,25,Risk Tier 26,1.0,0.8724999999999999,1426545.5,1092.9116496376857,0.024954932963955363,0.004855278693833868,118.83911341973766
93450,San Luis Obispo County,35.38999999999999,-120.44999999999993,25,Risk Tier 26,1.0,0.4025,15438.5,831.3475585585221,0.0,0.0,192.65085412314122
93451,San Luis Obispo County,35.38999999999999,-120.44999999999993,25,Risk Tier 26,1.0,0.6625,422075.0,799.1649261134748,0.09754744189553814,0.0014590135323239075,176.947796432319
93452,San Luis Obispo County,35.38999999999999,-120.44999999999993,23,Risk Tier 32,0.6029188900383009,1.95,9918.75,3310.497058823529,0.0,0.0,40.925394548063124
93453,San Luis Obispo County,35.38999999999999,-120.44999999999993,25,Risk Tier 26,1.0,1.0875,279133.25,1035.5833018065114,0.16495946093521718,0.008551502945966613,137.06405498837094
93454,San Luis Obispo County,35.38999999999999,-120.44999999999993,25,Risk Tier 26,1.0,0.47750000000000004,2218023.25,733.0436656475255,0.051067723743166475,0.002309748551537393,71.73531485612808
93455,San Luis Obispo County,35.38999999999999,-120.44999999999993,25,Risk Tier 26,1.0,0.495,4403858.75,879.9419735105566,0.05383752285591317,0.00025621038044139815,90.99239781878455
93458,San Luis Obispo County,35.38999999999999,-120.44999999999993,25,Risk Tier 26,1.0,0.3725,2141977.0,657.7773943092698,0.17697827375090341,0.0,56.6928314292995
93460,San Luis Obispo County,35.38999999999999,-120.44999999999993,-1,Outlier/Anomalous,0.0,0.725,1316971.75,1891.044142816908,0.02976209053519711,0.003954852926104336,136.7120450578374
93461,San Luis Obispo County,35.38999999999999,-120.44999999999993,25,Risk Tier 26,1.0,0.49749999999999994,108811.0,704.7139915088277,0.06519411526896936,0.0,133.8444267186623
93463,San Luis Obispo County,35.38999999999999,-120.44999999999993,25,Risk Tier 26,1.0,0.7,1234780.5,1341.5641619204328,0.027338684580627593,0.005096763392097508,110.20129856407108
93465,San Luis Obispo County,35.38999999999999,-120.44999999999993,25,Risk Tier 26,1.0,0.765,1521987.0,1202.3101378163724,0.004720063134419907,0.002541746130396496,132.4457663402606
93501,Santa Barbara County,34.539999999999985,-120.03999999999998,25,Risk Tier 26,0.8358987912182116,0.955,261041.25,908.0810597171982,0.008185577228873227,0.0027113014981961395,108.65022397953521
93502,Santa Barbara County,34.539999999999985,-120.03999999999998,3,Risk Tier 18,0.597003007319695,0.2525,1085.5,727.875,0.0,0.0,-43.10216256524981
93504,Santa Barbara County,34.539999999999985,-120.03999999999998,3,Risk Tier 18,1.0,0.0275,1430.0,864.125,0.0,0.0,-17.496542185338864
93505,Santa Barbara County,34.539999999999985,-120.03999999999998,25,Risk Tier 26,1.0,0.6875,1176032.0,822.337243920413,0.2843338938116664,0.0,96.64745471690847
93510,Santa Barbara County,34.539999999999985,-120.03999999999998,-1,Outlier/Anomalous,0.0,1.79,2040047.0,1836.324439166204,0.00692682151987945,0.027205215162183764,109.44162558093073
93512,Santa Barbara County,34.539999999999985,-120.03999999999998,25,Risk Tier 26,1.0,1.0575,11788.25,1064.299019607843,0.0,0.0,166.2839248434238
93513,Santa Barbara County,34.539999999999985,-120.03999999999998,25,Risk Tier 26,1.0,0.5925,152232.75,1045.1297362709047,0.0,0.0,146.48299282467
93514,Santa Barbara County,34.539999999999985,-120.03999999999998,25,Risk Tier 26,1.0,0.77,1269561.75,1195.8128904249784,0.16134951436850353,0.004604469069493863,211.519853160347
93516,Santa Barbara County,34.539999999999985,-120.03999999999998,25,Risk Tier 26,1.0,0.6499999999999999,127431.75,752.944677563876,0.332121642049946,0.0,82.7846492621523
93517,Santa Barbara County,34.539999999999985,-120.03999999999998,25,Risk Tier 26,0.9665534307222461,1.7,223343.75,1258.744295404285,0.004944749289342467,0.011677571792075608,192.43663123466885
93518,Santa Barbara County,34.539999999999985,-120.03999999999998,-1,Outlier/Anomalous,0.0,1.95,157878.5,1617.5044369407324,0.018293695107596656,0.03709105050174666,129.4033799581607
93519,Santa Barbara County,34.539999999999985,-120.03999999999998,-1,Outlier/Anomalous,0.0,1.0875,5552.25,1073.5447580434761,0.0,0.0,-6.058420483231157
93523,Santa Barbara County,34.539999999999985,-120.03999999999998,25,Risk Tier 26,0.6267996152212041,0.8049999999999999,121089.25,1168.193530666988,0.0,0.0,66.52185162027554
93526,Santa Barbara County,34.539999999999985,-120.03999999999998,25,Risk Tier 26,1.0,0.6225,71346.75,969.4868078206641,0.0,0.0,116.88809175855808
93527,Santa Barbara County,34.539999999999985,-120.03999999999998,25,Risk Tier 26,1.0,1.12,174720.0,1054.4656047227509,0.14754630631744953,0.0,163.00371089232377
93528,Santa Barbara County,34.539999999999985,-120.03999999999998,25,Risk Tier 26,1.0,0.3775,6413.5,697.018471803027,0.0,0.0,219.15802318486882
93529,Santa Barbara County,34.539999999999985,-120.03999999999998,45,Risk Tier 45,1.0,2.8325,337034.75,1985.4067105996082,0.0,0.3652648478437203,197.66497175141242
93531,Santa Barbara County,34.539999999999985,-120.03999999999998,6,Risk Tier 46,0.9947005790618852,2.8025,119733.75,1508.7316161242577,0.0,0.33716981393936185,67.98510726581512
93532,Santa Barbara County,34.539999999999985,-120.03999999999998,5,Risk Tier 40,1.0,2.4,522335.75,1344.4424259274524,0.433774296870745,0.1343493377869833,105.21510881636067
93534,Santa Barbara County,34.539999999999985,-120.03999999999998,25,Risk Tier 26,0.7812804539191573,0.2525,2409208.75,916.3641113112718,0.3111113473171947,0.0,82.99556403456624
93535,Santa Barbara County,34.539999999999985,-120.03999999999998,25,Risk Tier 26,1.0,0.43,5478767.25,898.2690239359903,0.22943550216839848,0.0002832369967757031,86.70092848541643
93536,Santa Barbara County,34.539999999999985,-120.03999999999998,-1,Outlier/Anomalous,0.0,0.4675,9034678.25,1217.954520144599,0.1240785954981827,0.001157847567854872,85.43187731584125
93539,Santa Barbara County,34.539999999999985,-120.03999999999998,4,Risk Tier 20,0.25494338610601525,0.3333333333333333,1.0,25.0,0.0,0.0,-100.0
93541,Santa Barbara County,34.539999999999985,-120.03999999999998,25,Risk Tier 26,0.7866066232947431,1.5975000000000001,83292.0,1529.6061014967177,0.0,0.08385308385308385,213.79226936287554
93543,Santa Barbara County,34.539999999999985,-120.03999999999998,-1,Outlier/Anomalous,0.0,1.0425,1267192.25,957.936474536262,2.241461534902754,0.0018836889101165578,91.8188918784467
93544,Santa Barbara County,34.539999999999985,-120.03999999999998,25,Risk Tier 26,1.0,1.055,177936.0,1359.878522700481,0.4897309274235146,0.0,134.12984712470825
93545,Santa Barbara County,34.539999999999985,-120.03999999999998,25,Risk Tier 26,1.0,0.6699999999999999,168445.25,1060.152523208364,0.0,0.0,107.26073498182342
93546,Santa Barbara County,34.539999999999985,-120.03999999999998,5,Risk Tier 40,0.482976433873495,2.0925000000000002,2466650.5,2312.994110712743,0.0,0.039816323425802255,171.0407856754828
93549,Santa Barbara County,34.539999999999985,-120.03999999999998,25,Risk Tier 26,1.0,0.5725,12703.5,1092.3463397410533,0.0,0.0,153.36063258966394
93550,Santa Barbara County,34.539999999999985,-120.03999999999998,25,Risk Tier 26,0.7021274013561285,0.255,5129916.25,902.6783965388775,0.23997169599871998,0.00045799053058419027,67.81617350904675
93551,Santa Barbara County,34.539999999999985,-120.03999999999998,24,Risk Tier 22,0.9036461974173795,0.535,8735395.75,1399.681196529451,0.07058663304443409,0.006622577513945084,83.21181156192623
93552,Santa Barbara County,34.539999999999985,-120.03999999999998,25,Risk Tier 26,0.6272237255196702,0.28250000000000003,4130380.75,1002.7396419481386,0.12762692038245052,0.00015005011673899083,73.80554211177669
93553,Santa Barbara County,34.539999999999985,-120.03999999999998,-1,Outlier/Anomalous,0.0,1.35,291940.75,1274.2399011499074,4.462882222261269,0.0068887403446226975,114.31902753659142
93554,Santa Barbara County,34.539999999999985,-120.03999999999998,25,Risk Tier 26,1.0,0.3525,7364.25,681.7819387179052,0.0,0.0,83.87159156836202
93555,Santa Barbara County,34.539999999999985,-120.03999999999998,25,Risk Tier 26,1.0,0.8375,2427530.25,784.9283156732224,0.08124988609705654,0.0,127.70705936187031
93560,Santa Barbara County,34.539999999999985,-120.03999999999998,25,Risk Tier 26,1.0,0.6100000000000001,1617949.0,830.4936475079476,0.08358251287147772,0.0,101.49719161587414
93561,Santa Barbara County,34.539999999999985,-120.03999999999998,25,Risk Tier 26,1.0,1.5125,5403214.5,1099.7480582353182,0.09168256846163651,0.028005187245180762,130.57375104491382
93562,Santa Barbara County,34.539999999999985,-120.03999999999998,25,Risk Tier 26,1.0,0.63,106173.25,772.1186004287158,0.11965879067989268,0.0,100.35152029106426
93563,Santa Barbara County,34.539999999999985,-120.03999999999998,38,Risk Tier 37,0.837743155527374,2.505,14048.5,1349.344195975476,2.403019086468248,0.023809523809523808,266.45501006659435
93581,Santa Barbara County,34.539999999999985,-120.03999999999998,4,Risk Tier 20,0.25044993283282596,0.75,208.5,559.0,0.0,0.0,-100.0
93591,Santa Barbara County,34.539999999999985,-120.03999999999998,25,Risk Tier 26,0.9364527349949273,1.1025,567347.0,834.4692694521898,0.3108375967353343,0.0,90.73455482261656
93601,Fresno County,36.76,-119.65999999999995,5,Risk Tier 40,1.0,2.4225,479008.5,1588.2054497974184,0.07280167864431834,0.057646514926370795,111.24046159371237
93602,Fresno County,36.76,-119.65999999999995,-1,Outlier/Anomalous,0.0,2.6574999999999998,781285.5,1473.7240269782465,8.413416964844526,0.1828305089664115,60.79267777417856
93603,Fresno County,36.76,-119.65999999999995,5,Risk Tier 40,1.0,2.4375,19993.25,1280.7341192483507,0.0,0.11905286343612335,138.97957574323792
93604,Fresno County,36.76,-119.65999999999995,5,Risk Tier 40,1.0,2.4125,655153.25,1765.9702139452763,0.015453733419690623,0.06519064415007744,166.62571794089467
93605,Fresno County,36.76,-119.65999999999995,11,Risk Tier 39,0.43462962145772044,3.0100000000000002,49428.75,1537.5589891041418,20.583466642114832,0.24462992111438164,41.23144047929148
93606,Fresno County,36.76,-119.65999999999995,0,Rural Elevated-Risk,1.0,0.05500000000000001,103435.0,828.6109178603219,0.0,0.0,35.72114895493031
93607,Fresno County,36.76,-119.65999999999995,4,Risk Tier 20,0.26992745734461904,0.0,687.5,711.0769230769232,0.0,0.0,-100.0
93608,Fresno County,36.76,-119.65999999999995,0,Rural Elevated-Risk,1.0,0.0975,30481.25,775.7763012083162,0.0,0.0,51.4600287218765
93609,Fresno County,36.76,-119.65999999999995,0,Rural Elevated-Risk,1.0,0.2875,345442.5,877.0450153215899,0.022269093260807598,0.0,33.88356884075986
93610,Fresno County,36.76,-119.65999999999995,0,Rural Elevated-Risk,1.0,0.2425,1512038.5,919.6231709448169,0.0743716079282254,0.0,63.479604920446064
93611,Fresno County,36.76,-119.65999999999995,0,Rural Elevated-Risk,1.0,0.23750000000000002,7465751.5,949.1159205344434,0.06394381225806613,0.0,44.12149838468915
93612,Fresno County,36.76,-119.65999999999995,0,Rural Elevated-Risk,1.0,0.2,2339197.75,793.977487957895,0.1721940336245404,0.0,45.54678516399085
93613,Fresno County,36.76,-119.65999999999995,23,Risk Tier 32,0.6029188900383009,0.95,1419.5,2841.231231231231,0.0,0.0,-100.0
93614,Fresno County,36.76,-119.65999999999995,5,Risk Tier 40,1.0,2.265,3035811.25,1421.1690427111046,0.2545755345314004,0.0672353161685293,97.27118927025134
93615,Fresno County,36.76,-119.65999999999995,0,Rural Elevated-Risk,1.0,0.2775,245727.25,793.3267393338841,0.21169599242704262,0.0,29.544660148316094
93616,Fresno County,36.76,-119.65999999999995,0,Rural Elevated-Risk,1.0,0.24,156507.25,883.1602605320871,0.0,0.0,44.78805261291268
93618,Fresno County,36.76,-119.65999999999995,0,Rural Elevated-Risk,1.0,0.35750000000000004,1780749.75,742.5919284212965,0.12449489040568427,0.0,65.03026006981261
93619,Fresno County,36.76,-119.65999999999995,0,Rural Elevated-Risk,1.0,0.4025,9326839.75,1031.8842712349326,0.09027181705379564,0.0028987942637630935,76.65396159231408
93620,Fresno County,36.76,-119.65999999999995,0,Rural Elevated-Risk,1.0,0.19,817396.0,759.5264427040838,0.13128620478657518,0.0,42.23857512229313
93621,Fresno County,36.76,-119.65999999999995,38,Risk Tier 37,0.6319981236493835,2.0775,31193.5,1344.9227698967306,0.0,0.14853493044236382,322.78687310171125
93622,Fresno County,36.76,-119.65999999999995,0,Rural Elevated-Risk,1.0,0.12,675841.25,813.7004901760167,0.2393781178428666,0.0,31.322730409266615
93623,Fresno County,36.76,-119.65999999999995,5,Risk Tier 40,0.760359304471567,2.65,88396.5,1579.2868624913763,0.027875456244992432,0.0269804609593342,157.22882241399327
93624,Fresno County,36.76,-119.65999999999995,0,Rural Elevated-Risk,1.0,0.1375,2367.75,955.6431323544725,0.0,0.0,62.94597349643222
93625,Fresno County,36.76,-119.65999999999995,0,Rural Elevated-Risk,1.0,0.2875,776633.25,890.7799572995593,0.04989229589993427,0.0,56.329191287872696
93626,Fresno County,36.76,-119.65999999999995,5,Risk Tier 40,0.9379675734799242,1.7,569645.0,1516.2402122637957,0.02351054141225878,0.04786716387373699,106.01078722112733
93627,Fresno County,36.76,-119.65999999999995,0,Rural Elevated-Risk,1.0,0.0,420.75,420.75,0.0,0.0,61.83844011142061
93628,Fresno County,36.76,-119.65999999999995,5,Risk Tier 40,0.9349380333247755,2.91,101419.0,1496.0877738582572,0.0,0.02239684280641656,158.02935825192984
93629,Fresno County,36.76,-119.65999999999995,4,Risk Tier 20,0.3288457499549131,0.865,1300.25,1014.4896313364055,0.0,0.0,-54.76415094339623
93630,Fresno County,36.76,-119.65999999999995,0,Rural Elevated-Risk,1.0,0.135,1723038.25,886.6232363872159,0.19893653184809576,0.0,36.318793019119
93631,Fresno County,36.76,-119.65999999999995,0,Rural Elevated-Risk,1.0,0.43,1785387.25,880.1638497748783,0.018198611263528834,0.0,65.84231160546722
93633,Fresno County,36.76,-119.65999999999995,45,Risk Tier 45,1.0,2.955,24562.25,1083.5749355740559,0.0,0.34288994689292585,250.5830767795503
93634,Fresno County,36.76,-119.65999999999995,11,Risk Tier 39,0.8709005292003789,2.5100000000000002,138275.75,1371.442982237971,13.134279404211608,0.03355858234759937,310.37819182809835
93635,Fresno County,36.76,-119.65999999999995,0,Rural Elevated-Risk,1.0,0.22499999999999998,4200193.0,821.8442832353999,0.06658272228940622,0.004829323722510445,53.79172714078374
93636,Fresno County,36.76,-119.65999999999995,25,Risk Tier 26,1.0,0.4525,2627723.0,1134.7572063991522,0.15619360749559424,0.0059325823072192575,131.99661726022345
93637,Fresno County,36.76,-119.65999999999995,0,Rural Elevated-Risk,1.0,0.2275,3748881.75,902.7568541713161,0.053842471147260984,0.0,26.651688861320753
93638,Fresno County,36.76,-119.65999999999995,0,Rural Elevated-Risk,1.0,0.315,3801828.5,905.868226248273,0.19014529827871599,0.001513334928188266,45.53936848777782
93640,Fresno County,36.76,-119.65999999999995,0,Rural Elevated-Risk,1.0,0.07500000000000001,779341.25,731.459197489566,0.13853652387501997,0.0,32.28790731440446
93641,Fresno County,36.76,-119.65999999999995,5,Risk Tier 40,0.9054785647719951,2.465,82020.25,1711.2890142015885,0.0021395215858191173,0.07824114440811261,154.1507024265645
93642,Fresno County,36.76,-119.65999999999995,23,Risk Tier 32,0.6029188900383009,2.25,2412.75,2581.4599156118143,0.0,0.0,-100.0
93643,Fresno County,36.76,-119.65999999999995,5,Risk Tier 40,1.0,2.89,611303.25,1623.5057519574116,1.0395509545286206,0.0738439780482922,63.230162724375106
93644,Fresno County,36.76,-119.65999999999995,5,Risk Tier 40,1.0,2.3325,1992131.0,1593.9856405199644,0.14447259765300352,0.08943362998512086,111.2560836856385
93645,Fresno County,36.76,-119.65999999999995,5,Risk Tier 40,0.9378131802155448,2.5275,59760.0,1941.674850538389,0.0,0.012195121951219513,142.5443512013777
93646,Fresno County,36.76,-119.65999999999995,0,Rural Elevated-Risk,1.0,0.23249999999999998,513692.5,783.7014100708274,0.31223454022482733,0.0,36.631943640313295
93647,Fresno County,36.76,-119.65999999999995,0,Rural Elevated-Risk,1.0,0.28500000000000003,569293.0,777.751405907452,0.26788278185382547,0.0,35.385287327634614
93648,Fresno County,36.76,-119.65999999999995,0,Rural Elevated-Risk,1.0,0.28,884423.75,772.1872367758807,0.40181927136730816,0.0,49.79828421767825
93649,Fresno County,36.76,-119.65999999999995,4,Risk Tier 20,0.40775748988773874,0.0,1195.75,1594.3333333333333,0.0,0.0,-100.0
93650,Fresno County,36.76,-119.65999999999995,0,Rural Elevated-Risk,1.0,0.23,155728.5,741.2848735106586,0.9635385999925692,0.0,48.29489265320445
93651,Fresno County,36.76,-119.65999999999995,5,Risk Tier 40,1.0,2.0300000000000002,524276.25,1679.2088970404766,0.05226855414165107,0.0152861781861274,89.20894402644282
93652,Fresno County,36.76,-119.65999999999995,0,Rural Elevated-Risk,1.0,0.2475,24520.75,1159.9654751131222,0.0,0.0,46.106147160783166
93653,Fresno County,36.76,-119.65999999999995,5,Risk Tier 40,1.0,1.9175,209621.25,1607.2425332072119,0.7520502639294353,0.017662337662337664,162.11831669769617
93654,Fresno County,36.76,-119.65999999999995,0,Rural Elevated-Risk,1.0,0.3275,2498559.75,855.5630660745735,0.19577254809240008,0.00030173364161235097,58.20319890853789
93656,Fresno County,36.76,-119.65999999999995,0,Rural Elevated-Risk,1.0,0.2825,404343.25,850.0771222937167,0.24937557963072254,0.0,34.59596246155941
93657,Fresno County,36.76,-119.65999999999995,0,Rural Elevated-Risk,1.0,0.35,3804814.5,914.9804609852528,0.13267305171451926,0.006946141319746145,58.53950466578133
93660,Fresno County,36.76,-119.65999999999995,0,Rural Elevated-Risk,1.0,0.11,271186.25,825.9372981111663,0.44074011896030924,0.0,26.735321318769216
93661,Fresno County,36.76,-119.65999999999995,4,Risk Tier 20,0.27625775173432515,0.0,1331.0,847.8333333333334,0.0,0.0,-84.72938144329896
93662,Fresno County,36.76,-119.65999999999995,0,Rural Elevated-Risk,1.0,0.3275,2078572.0,781.82077041407,0.43853465327729113,0.0,79.09213288610859
93664,Fresno County,36.76,-119.65999999999995,45,Risk Tier 45,1.0,2.96,1168537.75,1749.505569779082,3.2592089195146023,0.3397609147800742,53.054612756456685
93665,Fresno County,36.76,-119.65999999999995,0,Rural Elevated-Risk,1.0,0.11250000000000002,30122.75,735.7058432005566,0.3352995351822241,0.0,42.089316842367396
93666,Fresno County,36.76,-119.65999999999995,10,Risk Tier 21,1.0,0.115,3733.5,580.5774122807018,0.0,0.0,273.41269841269843
93667,Fresno County,36.76,-119.65999999999995,5,Risk Tier 40,1.0,2.3475,416141.75,1474.1484920579594,0.05004485012173605,0.10017913603988604,73.80003989892273
93668,Fresno County,36.76,-119.65999999999995,0,Rural Elevated-Risk,1.0,0.1375,89278.25,936.3511383829318,0.7145232459757312,0.0,3.550722950476146
93669,Fresno County,36.76,-119.65999999999995,44,Risk Tier 44,1.0,3.035,106103.25,1641.6233524391344,0.0,0.20636611138341326,69.56420955030134
93673,Fresno County,36.76,-119.65999999999995,0,Rural Elevated-Risk,1.0,0.17250000000000001,30260.0,674.9735088650774,0.0,0.0,68.14597882405947
93675,Fresno County,36.76,-119.65999999999995,5,Risk Tier 40,1.0,1.98,526323.75,1408.9176933437604,0.00231099372730274,0.10203775534436857,127.239308724369
93701,Fresno County,36.76,-119.65999999999995,0,Rural Elevated-Risk,0.989589600237252,0.1625,301962.75,888.8641654052589,0.2534723923428063,0.0,52.99959591583385
93702,Fresno County,36.76,-119.65999999999995,0,Rural Elevated-Risk,1.0,0.1175,2049873.0,779.2865779618097,0.3487200828634598,0.0003475556360781472,33.127987735937275
93703,Fresno County,36.76,-119.65999999999995,0,Rural Elevated-Risk,1.0,0.15,1966723.75,765.3362964325605,0.40198567311271083,0.0,35.21467229836646
93704,Fresno County,36.76,-119.65999999999995,0,Rural Elevated-Risk,1.0,0.2325,3378661.25,977.6426632383767,0.17852328784659288,0.0,43.41798931610903
93705,Fresno County,36.76,-119.65999999999995,0,Rural Elevated-Risk,1.0,0.1475,2751134.5,772.6105766523804,0.2582854777887361,0.0,35.47120152488451
93706,Fresno County,36.76,-119.65999999999995,0,Rural Elevated-Risk,1.0,0.16,1932427.0,886.4213552208961,0.2967099108006071,0.0,36.661321316856984
93710,Fresno County,36.76,-119.65999999999995,0,Rural Elevated-Risk,1.0,0.2125,2479086.0,832.2502047296373,0.2081632389722985,0.0,38.95958894994011
93711,Fresno County,36.76,-119.65999999999995,0,Rural Elevated-Risk,1.0,0.2975,7293686.75,1227.0206257492036,0.11065658393833142,0.0,34.847632496210714
93720,Fresno County,36.76,-119.65999999999995,0,Rural Elevated-Risk,1.0,0.2925,6983949.0,1048.3620301838014,0.05507846731348497,0.0,35.19389212128348
93721,Fresno County,36.76,-119.65999999999995,0,Rural Elevated-Risk,1.0,0.11750000000000001,55178.25,861.0222177377492,0.14526313460777326,0.0,36.25005413364514
93722,Fresno County,36.76,-119.65999999999995,0,Rural Elevated-Risk,1.0,0.16999999999999998,8844329.0,862.7370484707121,0.1733873400118779,0.0,41.32903830719161
93723,Fresno County,36.76,-119.65999999999995,0,Rural Elevated-Risk,1.0,0.17,1563241.25,917.5791453980215,0.25316613444294633,0.0,69.3741408967776
93725,Fresno County,36.76,-119.65999999999995,0,Rural Elevated-Risk,1.0,0.145,1588798.25,856.4587283822873,0.583206684820665,0.0,38.85756148202694
93726,Fresno County,36.76,-119.65999999999995,0,Rural Elevated-Risk,1.0,0.1925,2900472.0,813.9033920172906,0.1900472530548747,0.0,44.183257185937315
93727,Fresno County,36.76,-119.65999999999995,0,Rural Elevated-Risk,1.0,0.1875,8028798.5,806.8957175852897,0.14012664996686647,0.0,55.04788700127023
93728,Fresno County,36.76,-119.65999999999995,0,Rural Elevated-Risk,1.0,0.1825,1156548.0,828.5408504464117,0.6351669123548601,0.0,44.20297025062466
93729,Fresno County,36.76,-119.65999999999995,23,Risk Tier 32,0.6029188900383009,0.5725,1853.25,2362.690291710845,0.0,0.0,-100.0
93730,Fresno County,36.76,-119.65999999999995,0,Rural Elevated-Risk,0.8183487769908674,0.3125,2941658.5,1166.977281546358,0.1401273530676766,0.0,55.766717865248395
93737,Fresno County,36.76,-119.65999999999995,0,Rural Elevated-Risk,1.0,0.2625,872839.25,862.1887370407263,0.2411877412662827,0.0,99.61553104347811
93750,Fresno County,36.76,-119.65999999999995,11,Risk Tier 39,1.0,0.0,1051.5,1085.3333333333333,141.8480701754386,0.0,-100.0
93760,Fresno County,36.76,-119.65999999999995,0,Rural Elevated-Risk,1.0,0.0,1173.75,1173.75,0.0,0.0,-11.702127659574469
93901,Monterey County,36.24,-121.32000000000002,17,Risk Tier 7,0.51271949919021,0.2825,2608541.25,1013.9859716337991,0.15525514081744665,0.0,60.4782184215145
93905,Monterey County,36.24,-121.32000000000002,17,Risk Tier 7,0.51271949919021,0.2,3205582.5,819.0775160392625,0.040008240580188495,0.0,66.35655008061714
93906,Monterey County,36.24,-121.32000000000002,17,Risk Tier 7,0.51271949919021,0.21,5293914.75,889.5613484010493,0.11847709711908323,0.0,59.06063666060528
93907,Monterey County,36.24,-121.32000000000002,39,Risk Tier 38,1.0,1.4324999999999999,3487614.0,1185.70122933341,0.10110019096577576,0.04578805683498881,86.50913207698396
93908,Monterey County,36.24,-121.32000000000002,39,Risk Tier 38,1.0,1.5025,3839887.25,1637.3900611141369,0.4841314062877757,0.00938995296315872,89.78973154524516
93912,Monterey County,36.24,-121.32000000000002,4,Risk Tier 20,0.5418828083396491,0.0,94.0,1084.6153846153845,0.0,0.0,-100.0
93920,Monterey County,36.24,-121.32000000000002,-1,Outlier/Anomalous,0.0,2.9,389795.75,4941.46693521713,2.0780619917333154,0.7548224394318959,108.94271632742783
93921,Monterey County,36.24,-121.32000000000002,5,Risk Tier 40,0.3625859470283059,2.06,1181295.25,2039.4018686207994,0.0003961882255394974,0.010093898472478359,161.08837051958236
93922,Monterey County,36.24,-121.32000000000002,23,Risk Tier 32,0.6029188900383009,1.1775,6925.75,3065.147158814959,0.0,0.0,-8.684389911383777
93923,Monterey County,36.24,-121.32000000000002,27,Risk Tier 36,0.9848434821207368,2.0875,5245067.0,2354.708137087177,0.03124378619799381,0.03504898559440958,105.99852831391165
93924,Monterey County,36.24,-121.32000000000002,40,Risk Tier 42,0.7211638297906414,2.64,2458873.75,2028.9867699417143,2.300227270134422,0.05248720110547532,119.8600614057768
93925,Monterey County,36.24,-121.32000000000002,25,Risk Tier 26,1.0,0.8075,122837.25,1183.2124820760328,0.0,0.021483794231341065,145.70515381542148
93926,Monterey County,36.24,-121.32000000000002,17,Risk Tier 7,0.51271949919021,0.1975,698450.75,833.2530497072182,0.0010194430265777067,0.0,69.20583686628144
93927,Monterey County,36.24,-121.32000000000002,17,Risk Tier 7,0.51271949919021,0.3775,1138790.5,763.791486350373,0.02938444617978503,0.0029558491747879562,57.18860834670056
93928,Monterey County,36.24,-121.32000000000002,-1,Outlier/Anomalous,0.0,1.0,5913.0,1957.5116094147584,0.0,0.0,139.540059347181
93930,Monterey County,36.24,-121.32000000000002,17,Risk Tier 7,0.51271949919021,0.51,1124511.5,830.2217465794276,0.40064122032330457,0.0020483376397061946,93.84753897706007
93932,Monterey County,36.24,-121.32000000000002,25,Risk Tier 26,0.717783968905204,1.1275,60788.5,1398.1081930041692,0.0,0.0,210.8644677192434
93933,Monterey County,36.24,-121.32000000000002,17,Risk Tier 7,0.51271949919021,0.33999999999999997,1952981.5,857.9961146363246,0.02121823281085867,0.0005488806711611068,97.639860533461
93940,Monterey County,36.24,-121.32000000000002,39,Risk Tier 38,0.8623803510905326,1.365,4325766.0,1422.9528771828564,0.12406119533172644,0.005184088629903737,100.11248635635219
93950,Monterey County,36.24,-121.32000000000002,25,Risk Tier 26,1.0,0.6725,2129327.25,1045.1768952941043,0.05433173970110518,0.0007365688788110951,134.46054639594593
93953,Monterey County,36.24,-121.32000000000002,27,Risk Tier 36,1.0,1.7349999999999999,2920865.0,2744.8483310274482,0.08703525934501152,0.0196331583929513,108.50816586489461
93954,Monterey County,36.24,-121.32000000000002,38,Risk Tier 37,0.9266950876894352,0.5675,11238.25,1038.675476624617,0.0,0.0,544.020979020979
93955,Monterey County,36.24,-121.32000000000002,17,Risk Tier 7,0.51271949919021,0.28,2183666.75,830.0702792405684,0.07191833209159448,0.0006235931022832019,67.12758013520423
93960,Monterey County,36.24,-121.32000000000002,17,Risk Tier 7,0.51271949919021,0.2175,1372232.25,785.4339121569835,0.04177921209571085,0.0004889975550122249,88.92691214565133
93962,Monterey County,36.24,-121.32000000000002,17,Risk Tier 7,0.5504707377474447,0.26,106764.75,1059.520210722781,0.0,0.0,114.94441564426012
94002,San Francisco County,37.73000000000001,-123.03000000000009,35,Risk Tier 31,1.0,1.285,4816651.5,1273.367393914199,0.12610743740177832,0.0007740661977671158,77.91483093902522
94005,San Francisco County,37.73000000000001,-123.03000000000009,35,Risk Tier 31,1.0,1.125,762493.75,1208.132475926789,0.06412960047290091,0.00965907781713593,83.00615607026785
94010,San Francisco County,37.73000000000001,-123.03000000000009,27,Risk Tier 36,0.9728094101459793,1.2325,13324969.75,2370.3940490670607,0.07470046834992031,0.00034863540339060176,84.06000387954303
94014,San Francisco County,37.73000000000001,-123.03000000000009,26,Risk Tier 14,1.0,0.3325,4268124.0,988.7779591884548,0.14661507201314813,0.001956575958140269,51.15965932779706
94015,San Francisco County,37.73000000000001,-123.03000000000009,26,Risk Tier 14,1.0,0.1725,6472522.0,956.1553259716381,0.05300076838689566,0.0,49.52219997942883
94016,San Francisco County,37.73000000000001,-123.03000000000009,4,Risk Tier 20,1.0,0.0,176.0,838.0952380952381,0.0,0.0,-100.0
94017,San Francisco County,37.73000000000001,-123.03000000000009,36,Risk Tier 24,0.9445628231651142,0.0,1528.75,1616.6690140845071,0.0,0.0,122.64808362369337
94018,San Francisco County,37.73000000000001,-123.03000000000009,-1,Outlier/Anomalous,0.0,0.37,768941.75,1381.7975825508963,0.0,0.006032673205330237,109.63390177502774
94019,San Francisco County,37.73000000000001,-123.03000000000009,26,Risk Tier 14,0.6524758873256649,0.44999999999999996,2886190.25,1348.203757207107,0.08327014096025204,0.001890525441014941,64.12554173074234
94020,San Francisco County,37.73000000000001,-123.03000000000009,39,Risk Tier 38,1.0,2.3600000000000003,505730.0,1861.3370213749808,0.009900452995388045,0.04280670224191036,103.6490061614509
94021,San Francisco County,37.73000000000001,-123.03000000000009,39,Risk Tier 38,1.0,2.635,63094.75,1880.3437412112946,0.3598162815482246,0.03575581395348837,114.9829386826595
94022,San Francisco County,37.73000000000001,-123.03000000000009,27,Risk Tier 36,1.0,1.1724999999999999,7863093.25,2469.2005752214754,0.2685226312624762,0.004334630354214469,88.14178202454077
94024,San Francisco County,37.73000000000001,-123.03000000000009,36,Risk Tier 24,1.0,0.7275,7267911.5,1737.3563347550935,0.029986582729817,0.0030680434438984687,86.51418014998605
94025,San Francisco County,37.73000000000001,-123.03000000000009,-1,Outlier/Anomalous,0.0,1.1925000000000001,7655577.25,1577.710518519908,0.27746833237732,0.0,87.46410463384548
94027,San Francisco County,37.73000000000001,-123.03000000000009,-1,Outlier/Anomalous,0.0,1.7325,6734639.5,5627.320938033186,0.005929100331074301,0.0014089610450227384,83.89180707096853
94028,San Francisco County,37.73000000000001,-123.03000000000009,27,Risk Tier 36,1.0,2.0300000000000002,4212283.5,3481.0698759987326,0.01319860310538202,0.019493401454307134,85.3764114283321
94030,San Francisco County,37.73000000000001,-123.03000000000009,26,Risk Tier 14,0.3444858942667414,0.675,3819643.0,1207.2843425595452,0.05826178008341767,0.0005710857794177615,62.52717700112893
94037,San Francisco County,37.73000000000001,-123.03000000000009,-1,Outlier/Anomalous,0.0,1.27,794952.5,1532.3687327051935,0.006795001602979187,0.008211357620091378,92.33848399828291
94038,San Francisco County,37.73000000000001,-123.03000000000009,26,Risk Tier 14,0.764182684797178,0.4475,594978.5,1427.776693543628,0.9434885688324438,0.005070993914807302,48.89510898513792
94040,San Francisco County,37.73000000000001,-123.03000000000009,26,Risk Tier 14,0.3891501262341638,0.2625,2798032.75,1101.9443410034996,0.02438405468557907,0.0,93.39390915694482
94041,San Francisco County,37.73000000000001,-123.03000000000009,26,Risk Tier 14,0.438527925599142,0.2525,944308.25,1024.4655468994001,0.0,0.0,84.66332244342605
94043,San Francisco County,37.73000000000001,-123.03000000000009,26,Risk Tier 14,0.41849492625558415,0.2125,1368526.25,851.1159121808399,0.009780340299805224,0.0,78.28584733280356
94044,San Francisco County,37.73000000000001,-123.03000000000009,35,Risk Tier 31,1.0,1.1375,6720571.5,1051.810361496225,0.16525491004473813,0.003422704260551258,64.09928250674982
94060,San Francisco County,37.73000000000001,-123.03000000000009,27,Risk Tier 36,0.6052103213212547,1.6175,324340.75,2258.0071052856924,1.4246588969095724,0.018218623481781375,81.16712833114802
94061,San Francisco County,37.73000000000001,-123.03000000000009,26,Risk Tier 14,0.3223006081649996,0.5525,4511664.25,1157.6349928716838,0.08325418557814211,0.0,74.55345937691669
94062,San Francisco County,37.73000000000001,-123.03000000000009,27,Risk Tier 36,1.0,1.3125,11512205.25,2552.992630634844,0.02756923483273739,0.009253233656943938,81.67561440831005
94063,San Francisco County,37.73000000000001,-123.03000000000009,26,Risk Tier 14,1.0,0.185,1508101.0,911.5961892787737,0.048068681423493465,0.0,49.34479819718533
94065,San Francisco County,37.73000000000001,-123.03000000000009,26,Risk Tier 14,0.6756263648351328,0.27,1421538.5,1224.4222487311474,0.016770426503821476,0.0,67.66810170985865
94066,San Francisco County,37.73000000000001,-123.03000000000009,26,Risk Tier 14,0.764182684797178,0.4625,5490296.25,1033.0949427798566,0.17104394940629375,0.0006363842001347248,62.96644024143194
94070,San Francisco County,37.73000000000001,-123.03000000000009,35,Risk Tier 31,1.0,0.865,6232093.25,1316.7899015784833,0.1752368028383409,0.0027683321588624996,83.26760207391254
94074,San Francisco County,37.73000000000001,-123.03000000000009,-1,Outlier/Anomalous,0.0,2.08,96619.25,2745.4800768109726,0.0,0.23703855158625114,85.34292510962712
94080,San Francisco County,37.73000000000001,-123.03000000000009,26,Risk Tier 14,1.0,0.21250000000000002,7031735.75,990.3276226469912,0.13881291457402659,0.00037453520214075927,59.9077597949434
94085,San Francisco County,37.73000000000001,-123.03000000000009,26,Risk Tier 14,0.5654377503271708,0.1875,902526.25,737.2841567338062,0.11456608392605801,0.0,69.68862248394166
94086,San Francisco County,37.73000000000001,-123.03000000000009,26,Risk Tier 14,1.0,0.2125,2664935.75,881.0703132071013,0.2356093734496507,0.0,64.78092521289176
94087,San Francisco County,37.73000000000001,-123.03000000000009,26,Risk Tier 14,0.466831916199452,0.23500000000000001,6191041.25,958.0823143005273,0.037612347773523055,0.0,77.93161893798501
94088,San Francisco County,37.73000000000001,-123.03000000000009,4,Risk Tier 20,1.0,0.5,110.0,1043.75,0.0,0.0,-100.0
94089,San Francisco County,37.73000000000001,-123.03000000000009,26,Risk Tier 14,1.0,0.18,697744.5,742.5366843921888,0.15862445931226274,0.0,53.786532743491186
94102,San Francisco County,37.73000000000001,-123.03000000000009,-1,Outlier/Anomalous,0.0,0.295,187464.0,2127.9987677928075,0.9549276169847605,0.0,91.89854410637854
94103,San Francisco County,37.73000000000001,-123.03000000000009,-1,Outlier/Anomalous,0.0,0.365,275459.75,2082.340250153606,0.8315135013156438,0.0,36.29644137508196
94104,San Francisco County,37.73000000000001,-123.03000000000009,4,Risk Tier 20,0.33975511377081163,0.0,2778.0,2219.943467336683,0.0,0.0,-47.33675061288166
94105,San Francisco County,37.73000000000001,-123.03000000000009,26,Risk Tier 14,0.3891501262341638,0.8025,938.0,788.0207219251337,0.0,0.0,122.65717674970344
94107,San Francisco County,37.73000000000001,-123.03000000000009,36,Risk Tier 24,1.0,0.3725,1369012.25,1748.5777397114816,0.17093428695374632,0.0,96.51492049662383
94108,San Francisco County,37.73000000000001,-123.03000000000009,-1,Outlier/Anomalous,0.0,0.545,107464.75,3926.7599826424766,0.0,0.0,71.78087827781073
94109,San Francisco County,37.73000000000001,-123.03000000000009,-1,Outlier/Anomalous,0.0,0.5275,1440949.25,4403.055484282907,0.9659965504463492,0.0,73.78055425776596
94110,San Francisco County,37.73000000000001,-123.03000000000009,36,Risk Tier 24,1.0,0.305,5882962.5,1678.7080124583938,0.018357605423485517,0.0,89.90393836886061
94111,San Francisco County,37.73000000000001,-123.03000000000009,-1,Outlier/Anomalous,0.0,1.625,17814.25,7127.4650726676045,0.0,0.0,35.45344464979925
94112,San Francisco County,37.73000000000001,-123.03000000000009,26,Risk Tier 14,1.0,0.20500000000000002,9826969.0,1119.3077329891623,0.164551214707905,0.0,61.83868008907589
94114,San Francisco County,37.73000000000001,-123.03000000000009,-1,Outlier/Anomalous,0.0,0.4125,5185952.75,2246.3460530390225,0.0884033818935456,0.0,102.96927483842096
94115,San Francisco County,37.73000000000001,-123.03000000000009,-1,Outlier/Anomalous,0.0,0.6625,4614328.0,6022.620029945703,0.007946534962264482,0.0,48.28576767423991
94116,San Francisco County,37.73000000000001,-123.03000000000009,26,Risk Tier 14,0.764182684797178,0.215,8864602.75,1315.6123689031995,0.018359027008493282,0.0,58.69297526831204
94117,San Francisco County,37.73000000000001,-123.03000000000009,27,Risk Tier 36,1.0,0.6,3220494.25,3048.3913058638254,0.0066704784354040345,0.0,95.67596109656536
94118,San Francisco County,37.73000000000001,-123.03000000000009,27,Risk Tier 36,1.0,0.4425,6587400.0,3103.8697898055525,0.07184932749390992,0.0,62.12900832199695
94121,San Francisco County,37.73000000000001,-123.03000000000009,36,Risk Tier 24,1.0,0.2725,6653166.0,1892.5832891048076,0.17287394995429192,0.0003559171991325955,61.77164531254667
94122,San Francisco County,37.73000000000001,-123.03000000000009,26,Risk Tier 14,0.764182684797178,0.22000000000000003,8567274.25,1398.3342734114844,0.06328719243801996,0.0,60.248642341687244
94123,San Francisco County,37.73000000000001,-123.03000000000009,-1,Outlier/Anomalous,0.0,0.6425,4325865.25,4422.900044114818,0.0013544474495118524,0.0,59.31238526119543
94124,San Francisco County,37.73000000000001,-123.03000000000009,26,Risk Tier 14,1.0,0.21250000000000002,2789076.75,1136.9275905657155,0.1272971231420249,0.0,53.80914834051057
94127,San Francisco County,37.73000000000001,-123.03000000000009,36,Risk Tier 24,1.0,0.385,6300657.25,1756.1598621732694,0.07609036555217719,0.0,68.63427316571001
94130,San Francisco County,37.73000000000001,-123.03000000000009,4,Risk Tier 20,1.0,0.0,179.25,392.60240963855426,0.0,0.0,-100.0
94131,San Francisco County,37.73000000000001,-123.03000000000009,36,Risk Tier 24,1.0,0.4625,4899772.25,1570.7926625060281,0.024481122483495318,0.0,86.11327666287927
94132,San Francisco County,37.73000000000001,-123.03000000000009,26,Risk Tier 14,0.6380900707324286,0.22,3118591.75,1258.4044051399433,0.15203094797235525,0.0,58.608506349193235
94133,San Francisco County,37.73000000000001,-123.03000000000009,27,Risk Tier 36,0.9237344475742238,0.4675,1043517.0,3157.966794861586,0.1799526668842395,0.0,55.93581632518643
94134,San Francisco County,37.73000000000001,-123.03000000000009,26,Risk Tier 14,1.0,0.22,4099977.25,1068.7729388021578,0.13422128918054094,0.0,61.30290558388107
94142,San Francisco County,37.73000000000001,-123.03000000000009,4,Risk Tier 20,1.0,0.6666666666666666,53.666666666666664,596.2962962962963,0.0,0.0,-100.0
94150,San Francisco County,37.73000000000001,-123.03000000000009,4,Risk Tier 20,0.738650257886711,0.0,1124.0,1566.5490196078433,0.0,0.0,-100.0
94158,San Francisco County,37.73000000000001,-123.03000000000009,26,Risk Tier 14,0.3891501262341638,0.165,1669.0,643.3333333333333,0.0,0.0,131.69811320754715
94301,San Mateo County,37.40999999999998,-122.36999999999992,-1,Outlier/Anomalous,0.0,1.37,3907530.5,2130.789756307982,0.5895933607914298,0.0011527280772901179,84.11576261494386
94303,San Mateo County,37.40999999999998,-122.36999999999992,31,Risk Tier 8,0.7743363015953616,0.3875,4366710.25,1084.7737931620236,0.05972335989068463,0.0,68.80922716919984
94304,San Mateo County,37.40999999999998,-122.36999999999992,27,Risk Tier 36,1.0,1.6175,247987.5,2751.7149976827004,0.0,0.004201680672268907,115.40403105367744
94305,San Mateo County,37.40999999999998,-122.36999999999992,-1,Outlier/Anomalous,0.0,1.4100000000000001,600086.5,1955.8325821650233,0.14390283458629027,0.0,77.06328533059803
94306,San Mateo County,37.40999999999998,-122.36999999999992,37,Risk Tier 19,0.7891329895187674,0.40249999999999997,3688234.0,1233.5312632418413,0.021606457804203543,0.0,89.25560303067076
94401,San Mateo County,37.40999999999998,-122.36999999999992,31,Risk Tier 8,0.8368224049493219,0.245,2202238.75,975.9974760363394,0.15552835192778744,0.0,62.93035820143196
94402,San Mateo County,37.40999999999998,-122.36999999999992,36,Risk Tier 24,1.0,0.8175,5000384.25,1441.3551635863582,0.10371680347356685,0.00037338053489457696,86.88106284924459
94403,San Mateo County,37.40999999999998,-122.36999999999992,31,Risk Tier 8,0.5849962657068084,0.4425,5437422.0,1108.0454480819856,0.05558099765461975,0.0,71.04467488501042
94404,San Mateo County,37.40999999999998,-122.36999999999992,-1,Outlier/Anomalous,0.0,0.235,3561011.0,1126.4690803648878,0.005362910409413252,0.0,68.42602610022644
94501,Contra Costa County,37.919999999999995,-121.94999999999995,37,Risk Tier 19,0.9152533436243971,0.2975,6471234.5,1358.209431647098,0.1914869987741335,0.0,81.9065290696836
94502,Contra Costa County,37.919999999999995,-121.94999999999995,-1,Outlier/Anomalous,0.0,0.275,1984218.0,1256.129542006384,0.09741854839388675,0.0,88.70563211387802
94503,Contra Costa County,37.919999999999995,-121.94999999999995,31,Risk Tier 8,0.6263640930391047,0.33,3056502.0,1100.8440102614406,0.036938359555218216,0.0,59.73052527053865
94505,Contra Costa County,37.919999999999995,-121.94999999999995,37,Risk Tier 19,1.0,0.2675,3689598.5,1263.684549063716,0.2100598110747908,0.00014547570555717196,73.3616115004455
94506,Contra Costa County,37.919999999999995,-121.94999999999995,-1,Outlier/Anomalous,0.0,0.8875,8100767.0,1986.4841607352605,0.08328766665513394,0.0042973949966237275,97.3254659333265
94507,Contra Costa County,37.919999999999995,-121.94999999999995,27,Risk Tier 36,1.0,1.7650000000000001,6974621.5,2442.4184482682094,0.07068705611643698,0.008102890914878612,107.86454256121559
94508,Contra Costa County,37.919999999999995,-121.94999999999995,40,Risk Tier 42,0.7211638297906414,2.6275,789464.0,2419.766170358652,2.162502394202148,0.06274241546181046,96.25907241538621
94509,Contra Costa County,37.919999999999995,-121.94999999999995,31,Risk Tier 8,0.8592942881779938,0.3075,8048188.0,1036.4412450896314,0.2815275623471634,0.0,58.8985538292647
94510,Contra Costa County,37.919999999999995,-121.94999999999995,37,Risk Tier 19,0.7891329895187674,0.635,4753506.75,1184.3844904954497,0.059536878657862294,0.00010486577181208053,82.78401350362779
94511,Contra Costa County,37.919999999999995,-121.94999999999995,-1,Outlier/Anomalous,0.0,0.275,308368.25,1361.84993656715,2.0572755771466533,0.0,79.16013480899923
94512,Contra Costa County,37.919999999999995,-121.94999999999995,-1,Outlier/Anomalous,0.0,0.665,6535.25,1362.4755649717513,0.0,0.0,22.142857142857142
94513,Contra Costa County,37.919999999999995,-121.94999999999995,37,Risk Tier 19,1.0,0.365,11875539.0,1204.4529484273135,0.07605326297736201,0.00022241889879250553,69.58595386305713
94514,Contra Costa County,37.919999999999995,-121.94999999999995,-1,Outlier/Anomalous,0.0,0.3075,322737.75,1551.7445420095996,0.01599562715570207,0.0,10.270659219826122
94515,Contra Costa County,37.919999999999995,-121.94999999999995,12,Risk Tier 35,1.0,1.3199999999999998,1529479.25,1959.123151512389,5.4456225863457925,0.023451893386307016,120.22379979106093
94516,Contra Costa County,37.919999999999995,-121.94999999999995,38,Risk Tier 37,1.0,2.58,24921.5,1517.9093618276381,0.0,0.0,1438.9489953632149
94517,Contra Costa County,37.919999999999995,-121.94999999999995,36,Risk Tier 24,1.0,0.715,3191850.25,1458.2563464008754,0.11928692704482705,0.003869401765448809,98.37707090159059
94518,Contra Costa County,37.919999999999995,-121.94999999999995,-1,Outlier/Anomalous,0.0,0.405,3947370.0,1098.2938050680605,0.17031289790061402,0.0,70.66061420586234
94519,Contra Costa County,37.919999999999995,-121.94999999999995,31,Risk Tier 8,1.0,0.24,2731015.25,919.601797841783,0.07377623333220677,0.0,69.62412631841872
94520,Contra Costa County,37.919999999999995,-121.94999999999995,31,Risk Tier 8,1.0,0.22249999999999998,2055506.75,866.8298012402979,0.3682683844585248,0.0,60.401400063775945
94521,Contra Costa County,37.919999999999995,-121.94999999999995,-1,Outlier/Anomalous,0.0,0.3575,6970723.25,1094.6056769522158,0.05969008516040747,6.804572672836147e-05,80.36174603570767
94522,Contra Costa County,37.919999999999995,-121.94999999999995,4,Risk Tier 20,1.0,1.2850000000000001,2400.25,867.7149843731913,0.0,0.0,-100.0
94523,Contra Costa County,37.919999999999995,-121.94999999999995,37,Risk Tier 19,0.7891329895187674,0.6875,5124219.5,1101.1071424033764,0.21772253242653167,0.0005942062054104763,77.6010159341133
94525,Contra Costa County,37.919999999999995,-121.94999999999995,35,Risk Tier 31,1.0,1.2025,628523.75,1188.9324560066748,0.034065208331861815,0.0,69.05438803029165
94526,Contra Costa County,37.919999999999995,-121.94999999999995,-1,Outlier/Anomalous,0.0,1.0375,8822901.75,1661.7256267358025,0.06148365055897846,0.0019496766196709665,95.70443877844325
94528,Contra Costa County,37.919999999999995,-121.94999999999995,27,Risk Tier 36,0.8512819149844897,2.0,623310.25,3537.2569691806484,0.027222775532960028,0.019308964790214572,146.30372358076207
94530,Contra Costa County,37.919999999999995,-121.94999999999995,-1,Outlier/Anomalous,0.0,0.5700000000000001,4981175.75,1282.4077504368752,0.07298584798711932,0.00042242543827180837,65.55704679647118
94531,Contra Costa County,37.919999999999995,-121.94999999999995,37,Risk Tier 19,1.0,0.3725,7193497.5,1238.4548026464095,0.15328994791955028,0.0,63.307647388850086
94533,Contra Costa County,37.919999999999995,-121.94999999999995,31,Risk Tier 8,1.0,0.2975,8041807.75,974.4942498037602,0.16045264949899757,0.0002113394944373395,67.13451327259946
94534,Contra Costa County,37.919999999999995,-121.94999999999995,37,Risk Tier 19,0.7891329895187674,0.63,8432899.25,1249.9389893366579,0.19438489699164688,0.003613978636286437,82.44826860545736
94535,Contra Costa County,37.919999999999995,-121.94999999999995,4,Risk Tier 20,1.0,0.40750000000000003,2043.5,852.2025316455696,0.0,0.0,-56.08870967741936
94536,Contra Costa County,37.919999999999995,-121.94999999999995,31,Risk Tier 8,1.0,0.22000000000000003,7946347.25,1001.7194131773637,0.07875237632034349,0.0,60.44667873950266
94537,Contra Costa County,37.919999999999995,-121.94999999999995,4,Risk Tier 20,1.0,0.0,752.25,829.8565400843881,0.0,0.0,-100.0
94538,Contra Costa County,37.919999999999995,-121.94999999999995,31,Risk Tier 8,0.87615357133424,0.1575,4784502.0,858.9082416672181,0.22918083555432542,0.0,57.133963894478015
94539,Contra Costa County,37.919999999999995,-121.94999999999995,37,Risk Tier 19,1.0,0.2875,10048574.0,1223.606990869206,0.02985936878127187,0.0006617025327704205,60.166959333708434
94541,Contra Costa County,37.919999999999995,-121.94999999999995,37,Risk Tier 19,0.7891329895187674,0.6125,5108678.0,1056.7766273225593,0.0818466857804585,9.04649900488511e-05,66.73025424306806
94542,Contra Costa County,37.919999999999995,-121.94999999999995,39,Risk Tier 38,1.0,1.6375,3385313.5,1499.5605534764695,0.04486164849829054,0.003752698620975171,85.26854127556439
94544,Contra Costa County,37.919999999999995,-121.94999999999995,31,Risk Tier 8,1.0,0.22999999999999998,5934469.5,982.9908112415167,0.06797294885730831,0.0,63.89658818087708
94545,Contra Costa County,37.919999999999995,-121.94999999999995,31,Risk Tier 8,1.0,0.18,3610764.5,946.2651528359497,0.030949164370062527,0.0,62.775069875860176
94546,Contra Costa County,37.919999999999995,-121.94999999999995,37,Risk Tier 19,0.7891329895187674,0.6025,6230965.25,1084.468908133646,0.11140404889365085,0.00022619896817631445,79.41109119774195
94547,Contra Costa County,37.919999999999995,-121.94999999999995,37,Risk Tier 19,0.7891329895187674,0.5975,3785431.75,1105.6081243010283,0.08300381628172346,0.0,71.18402050695956
94548,Contra Costa County,37.919999999999995,-121.94999999999995,-1,Outlier/Anomalous,0.0,0.255,92768.0,1636.1130304966068,0.1436895703187529,0.0,76.34776006074412
94549,Contra Costa County,37.919999999999995,-121.94999999999995,27,Risk Tier 36,0.7013995442394959,1.9825,9685797.5,2061.405825328764,0.04565439997129251,0.005634516465312894,103.36239633866946
94550,Contra Costa County,37.919999999999995,-121.94999999999995,37,Risk Tier 19,0.7891329895187674,0.3875,9007298.25,1163.8193347348817,0.09639726223876889,0.0010604453870625664,88.12996223543203
94551,Contra Costa County,37.919999999999995,-121.94999999999995,-1,Outlier/Anomalous,0.0,0.3175,4937272.5,1014.9884045499396,0.1096975303526325,0.0,91.91238711873964
94552,Contra Costa County,37.919999999999995,-121.94999999999995,39,Risk Tier 38,1.0,1.51,4048561.0,1499.2837883355267,0.05589145866359636,0.009874154497910325,90.63651588952976
94553,Contra Costa County,37.919999999999995,-121.94999999999995,37,Risk Tier 19,0.7891329895187674,0.665,8139515.0,1113.4341103233587,0.07169118160148238,0.0017833738955095888,75.7441453380932
94555,Contra Costa County,37.919999999999995,-121.94999999999995,31,Risk Tier 8,1.0,0.165,3997389.5,922.4956541331142,0.04650322079769239,0.0,58.124983158761864
94556,Contra Costa County,37.919999999999995,-121.94999999999995,-1,Outlier/Anomalous,0.0,1.77,4061304.0,1753.658759282331,0.1055853147683416,0.003767292590279617,121.86009985488882
94558,Contra Costa County,37.919999999999995,-121.94999999999995,-1,Outlier/Anomalous,0.0,0.8049999999999999,12109894.75,1330.4563622452367,1.627756198522978,0.01007453198614442,89.16118465515297
94559,Contra Costa County,37.919999999999995,-121.94999999999995,37,Risk Tier 19,0.7891329895187674,0.4675,3177726.25,1068.3916140863785,0.1925841079929806,0.0029051691735891005,92.09913407797232
94560,Contra Costa County,37.919999999999995,-121.94999999999995,31,Risk Tier 8,1.0,0.18,5460915.5,932.5215437063663,0.08735709370874835,0.0,68.65416204450402
94561,Contra Costa County,37.919999999999995,-121.94999999999995,31,Risk Tier 8,0.6162485358054088,0.2975,6665431.25,1015.8005687479451,0.22178816313280753,0.0,79.6048103989287
94562,Contra Costa County,37.919999999999995,-121.94999999999995,-1,Outlier/Anomalous,0.0,0.3475,39814.0,5730.4390931372545,0.0,0.0,100.23241293187179
94563,Contra Costa County,37.919999999999995,-121.94999999999995,27,Risk Tier 36,0.9848434821207368,2.1475,8700634.0,2282.4284196440644,0.15349808053964872,0.015576931979052145,116.35301152917832
94564,Contra Costa County,37.919999999999995,-121.94999999999995,37,Risk Tier 19,0.7891329895187674,0.76,3216574.5,1026.2637836680415,0.20015345549228367,0.0003891628749714605,75.68342929746191
94565,Contra Costa County,37.919999999999995,-121.94999999999995,31,Risk Tier 8,0.9227451123222888,0.39,10118879.25,993.0291214243281,0.23460867301235264,0.00021530965683309015,68.07713827436214
94566,Contra Costa County,37.919999999999995,-121.94999999999995,36,Risk Tier 24,0.8067389758648109,0.5275,9311153.25,1444.0108674215858,0.10268163364754153,0.0013396015993967904,83.32139897112604
94567,Contra Costa County,37.919999999999995,-121.94999999999995,45,Risk Tier 45,0.8843781476638569,3.035,141993.5,1853.2794082237228,6.009838009029191,0.45109083569376995,62.63031575789395
94568,Contra Costa County,37.919999999999995,-121.94999999999995,37,Risk Tier 19,0.7891329895187674,0.455,8485804.0,1081.4654125921343,0.010952039922311176,0.0008112861438995743,75.11540447697523
94569,Contra Costa County,37.919999999999995,-121.94999999999995,39,Risk Tier 38,1.0,1.73,46824.75,1348.7818292231968,0.0,0.0,112.23844359965499
94571,Contra Costa County,37.919999999999995,-121.94999999999995,31,Risk Tier 8,1.0,0.26,2026230.25,806.3486512314485,0.12238563494034053,0.0,82.82372479983025
94572,Contra Costa County,37.919999999999995,-121.94999999999995,31,Risk Tier 8,1.0,0.2925,1202106.0,961.6451551680844,0.297924824235717,0.0,69.17827908654513
94573,Contra Costa County,37.919999999999995,-121.94999999999995,-1,Outlier/Anomalous,0.0,1.2850000000000001,62691.25,4041.7990895951407,0.0,0.0,72.24301997281188
94574,Contra Costa County,37.919999999999995,-121.94999999999995,11,Risk Tier 39,1.0,1.2875,3024677.75,2785.7285474827845,11.936763001799326,0.03215493121125057,78.67346844393037
94576,Contra Costa County,37.919999999999995,-121.94999999999995,11,Risk Tier 39,0.6608823211425938,2.7725,75689.5,2827.672488567232,22.643566568149012,0.15634619809573141,46.748759915847984
94577,Contra Costa County,37.919999999999995,-121.94999999999995,31,Risk Tier 8,0.5781381029321783,0.2975,5112761.75,1021.8824700396699,0.16910658286240382,0.00024247857153303226,73.80325639267078
94578,Contra Costa County,37.919999999999995,-121.94999999999995,31,Risk Tier 8,1.0,0.22,2900111.75,934.9170749575858,0.07854201554285828,0.0,65.04654378924936
94579,Contra Costa County,37.919999999999995,-121.94999999999995,31,Risk Tier 8,1.0,0.21250000000000002,2535212.5,916.0842598380242,0.06368563668635478,0.0,66.10309639538515
94580,Contra Costa County,37.919999999999995,-121.94999999999995,31,Risk Tier 8,1.0,0.21250000000000002,3442257.75,925.6250701005064,0.033946470315719755,0.0,70.93286872644123
94582,Contra Costa County,37.919999999999995,-121.94999999999995,37,Risk Tier 19,1.0,0.35250000000000004,7613288.5,1279.1537256766335,0.08243843447129755,0.0006494832556051556,66.00191042167481
94583,Contra Costa County,37.919999999999995,-121.94999999999995,37,Risk Tier 19,0.9152533436243971,0.685,7095404.0,1316.3997419653674,0.06181485106180803,0.0022596528509179208,70.58474143109244
94585,Contra Costa County,37.919999999999995,-121.94999999999995,31,Risk Tier 8,1.0,0.23249999999999998,3960549.75,980.5678251831537,0.24966196554716932,0.0,64.15773986019903
94586,Contra Costa County,37.919999999999995,-121.94999999999995,40,Risk Tier 42,0.7211638297906414,2.195,348608.0,1932.037247679544,0.0,0.08129806409160902,104.19734062593926
94587,Contra Costa County,37.919999999999995,-121.94999999999995,31,Risk Tier 8,1.0,0.19,7776288.5,1026.0032158151935,0.10917894173879907,0.00011663167716351762,58.05868958635399
94588,Contra Costa County,37.919999999999995,-121.94999999999995,37,Risk Tier 19,1.0,0.42500000000000004,5180447.25,1267.8972863571744,0.05164846632104808,0.001082302471915781,74.5274729925783
94589,Contra Costa County,37.919999999999995,-121.94999999999995,31,Risk Tier 8,0.7238630640867271,0.1675,3354698.75,891.3523337891162,0.18740046308504435,0.0,49.05315543731137
94590,Contra Costa County,37.919999999999995,-121.94999999999995,31,Risk Tier 8,0.8592942881779938,0.20750000000000002,3004962.5,971.4458135968691,0.2082701101114942,0.0,55.01515416118566
94591,Contra Costa County,37.919999999999995,-121.94999999999995,31,Risk Tier 8,0.9925862556026595,0.29000000000000004,8390547.25,1038.1243960735846,0.1592995812642298,5.551237926057511e-05,56.12842270948653
94592,Contra Costa County,37.919999999999995,-121.94999999999995,-1,Outlier/Anomalous,0.0,0.3375,177583.0,1164.5234059566387,0.021163898341189515,0.0,30.284392611655864
94595,Contra Costa County,37.919999999999995,-121.94999999999995,39,Risk Tier 38,0.8501489332830096,1.91,2041194.75,1559.235847736523,0.03095806844812306,0.0004900327341866436,88.91949084657831
94596,Contra Costa County,37.919999999999995,-121.94999999999995,39,Risk Tier 38,1.0,1.8025,3104195.5,1535.0221526750895,0.1313350890619599,0.0020764125052811643,87.59398057973821
94597,Contra Costa County,37.919999999999995,-121.94999999999995,-1,Outlier/Anomalous,0.0,0.975,2257499.5,1248.4782932321261,0.4510702896714425,0.003236369810009823,85.31897501950634
94598,Contra Costa County,37.919999999999995,-121.94999999999995,36,Risk Tier 24,1.0,0.6775,5204648.0,1420.6493492755085,0.1384052733276814,0.0004609622633069151,88.14616775122616
94599,Contra Costa County,37.919999999999995,-121.94999999999995,37,Risk Tier 19,0.9152533436243971,0.46499999999999997,358320.75,1401.8140345594074,0.0,0.0032688466099069554,81.84690425257537
94601,Alameda County,37.64999999999999,-121.90999999999995,37,Risk Tier 19,1.0,0.2475,2910323.75,1243.5575913926828,0.2560630676567188,0.0,62.897085205543476
94602,Alameda County,37.64999999999999,-121.90999999999995,36,Risk Tier 24,1.0,0.725,6038668.0,1502.3195802494738,0.09166274236664143,0.002354633388272667,81.76994714367851
94603,Alameda County,37.64999999999999,-121.90999999999995,31,Risk Tier 8,0.8934619019626756,0.2375,2412623.5,1036.4957290046154,0.2043675477090279,0.0,58.34053372693091
94605,Alameda County,37.64999999999999,-121.90999999999995,-1,Outlier/Anomalous,0.0,1.02,7310394.0,1402.6708837486328,0.17617671411780736,0.004250809464807933,90.07373659775396
94606,Alameda County,37.64999999999999,-121.90999999999995,37,Risk Tier 19,1.0,0.21250000000000002,1684076.75,1366.4815353740878,0.2039267887739738,0.0,51.69249026017644
94607,Alameda County,37.64999999999999,-121.90999999999995,37,Risk Tier 19,1.0,0.255,811132.0,1368.5118645310743,0.6627566678956109,0.0,60.25291714030173
94608,Alameda County,37.64999999999999,-121.90999999999995,37,Risk Tier 19,1.0,0.2725,1919086.25,1349.8914657366556,0.23986295161992172,0.0,63.52393243391258
94609,Alameda County,37.64999999999999,-121.90999999999995,37,Risk Tier 19,0.7801820496023092,0.28500000000000003,2165198.75,1555.1091150822506,0.10976630774690833,0.0,60.66340982059736
94610,Alameda County,37.64999999999999,-121.90999999999995,-1,Outlier/Anomalous,0.0,0.805,4706856.75,2003.250383069247,0.07808221460017754,0.0,86.52019689820214
94611,Alameda County,37.64999999999999,-121.90999999999995,27,Risk Tier 36,1.0,2.0475,13206479.0,2373.5163036674944,0.07566913270041803,0.024155440170491843,77.59280594710259
94612,Alameda County,37.64999999999999,-121.90999999999995,37,Risk Tier 19,1.0,0.22999999999999998,128606.75,1359.0881581746685,0.14293864554769808,0.0,65.94971065703898
94613,Alameda County,37.64999999999999,-121.90999999999995,4,Risk Tier 20,1.0,0.6666666666666666,39.666666666666664,849.9999999999999,0.0,0.0,-100.0
94615,Alameda County,37.64999999999999,-121.90999999999995,4,Risk Tier 20,0.8419111586435182,0.0,542.5,723.3333333333334,0.0,0.0,-100.0
94618,Alameda County,37.64999999999999,-121.90999999999995,-1,Outlier/Anomalous,0.0,0.825,4621629.0,2036.0348244602865,0.005407988114230114,0.002088098670622955,104.7045725543474
94619,Alameda County,37.64999999999999,-121.90999999999995,36,Risk Tier 24,1.0,0.79,5225532.5,1480.8717349741166,0.13792001045805738,0.002630736868462231,94.54475969468477
94621,Alameda County,37.64999999999999,-121.90999999999995,-1,Outlier/Anomalous,0.0,0.2175,1905368.0,1108.5596021536348,0.09418211168792198,0.0,64.87690484570672
94702,Alameda County,37.64999999999999,-121.90999999999995,37,Risk Tier 19,1.0,0.23249999999999998,2520923.0,1251.7316569299965,0.08006069756471182,0.0,69.94599801629681
94703,Alameda County,37.64999999999999,-121.90999999999995,37,Risk Tier 19,0.8437490074870652,0.26,2464638.75,1465.998779527879,0.07808129981604758,0.0,75.1463135362273
94704,Alameda County,37.64999999999999,-121.90999999999995,-1,Outlier/Anomalous,0.0,0.815,573750.75,2102.086634732476,0.16569707005568687,0.0656210477940836,124.19588605830872
94705,Alameda County,37.64999999999999,-121.90999999999995,27,Risk Tier 36,1.0,1.3199999999999998,4451556.75,2650.6967972658003,0.010232168482124956,0.01139716030437481,107.48760895978194
94706,Alameda County,37.64999999999999,-121.90999999999995,37,Risk Tier 19,1.0,0.29000000000000004,2370937.0,1199.3165182514736,0.06370063060441708,0.0,77.7508364195358
94707,Alameda County,37.64999999999999,-121.90999999999995,-1,Outlier/Anomalous,0.0,1.5775000000000001,4586724.5,1921.0967501890968,0.008711068078018863,0.0014055872367332348,104.94520543929933
94708,Alameda County,37.64999999999999,-121.90999999999995,27,Risk Tier 36,0.789140714230484,2.1,4737178.75,2093.087531671005,0.03611331872707278,0.008592945747571527,101.69830547790659
94709,Alameda County,37.64999999999999,-121.90999999999995,-1,Outlier/Anomalous,0.0,0.8025,874877.5,2021.0058704687106,0.27322846245649507,0.0,101.00560230258533
94710,Alameda County,37.64999999999999,-121.90999999999995,37,Risk Tier 19,1.0,0.24,660576.0,1240.5316628504627,0.038298429406026575,0.0,72.29255057336137
94720,Alameda County,37.64999999999999,-121.90999999999995,39,Risk Tier 38,1.0,2.0,1657.75,1657.75,0.0,0.0,16.580310880829018
94801,Marin County,38.049999999999976,-122.75,26,Risk Tier 14,1.0,0.23500000000000001,2096568.25,984.8899028644078,0.11171300272117088,0.0,52.20860868480979
94803,Marin County,38.049999999999976,-122.75,35,Risk Tier 31,1.0,1.12,5054093.5,1207.7341605548936,0.10706105499257697,0.0017424702657687701,71.82663357727107
94804,Marin County,38.049999999999976,-122.75,26,Risk Tier 14,0.8155789142205148,0.17,4079559.0,971.1784480228387,0.24009660626059298,0.0,49.48422053162527
94805,Marin County,38.049999999999976,-122.75,26,Risk Tier 14,0.764182684797178,0.3725,2388054.0,1077.9135990504924,0.05114244877582782,0.002578287292627794,64.58278525294104
94806,Marin County,38.049999999999976,-122.75,26,Risk Tier 14,0.6725861854649844,0.28,5522197.5,963.115676965149,0.24068839190780106,0.0,47.72496670859951
94901,Marin County,38.049999999999976,-122.75,-1,Outlier/Anomalous,0.0,1.405,6847453.5,1695.2583879355639,0.051651988185838466,0.004379664232916912,82.63792850530874
94903,Marin County,38.049999999999976,-122.75,35,Risk Tier 31,1.0,0.8525,5079048.5,1324.7320492178633,0.005733986135280696,0.0013170415690750754,84.80274088245929
94904,Marin County,38.049999999999976,-122.75,27,Risk Tier 36,1.0,1.7325,3805689.75,2598.6972638639454,0.012114097365172523,0.0037603441763609563,95.44799544963037
94914,Marin County,38.049999999999976,-122.75,-1,Outlier/Anomalous,0.0,1.8875,13309.25,13309.25,0.0,0.0,-20.43492165014391
94920,Marin County,38.049999999999976,-122.75,27,Risk Tier 36,1.0,1.445,4894847.0,3063.9276088190754,0.003981206627493579,0.0013551616894478453,96.87421605133586
94922,Marin County,38.049999999999976,-122.75,39,Risk Tier 38,0.8337424212523177,1.7425,58941.75,1753.6620669468823,0.002151081867645198,0.0,121.74261210994007
94923,Marin County,38.049999999999976,-122.75,39,Risk Tier 38,1.0,1.42,677855.5,1372.7387501452445,0.0042700993211125,0.02013858171285669,100.6600077875756
94924,Marin County,38.049999999999976,-122.75,36,Risk Tier 24,0.9916673430539495,0.58,460076.5,1825.168340304629,0.0,0.01927462482465404,87.7781309118426
94925,Marin County,38.049999999999976,-122.75,-1,Outlier/Anomalous,0.0,1.16,2034957.0,1561.5501323178478,0.01863921029628162,0.0014400665305473789,93.34830521238156
94928,Marin County,38.049999999999976,-122.75,26,Risk Tier 14,0.7453007595379667,0.2625,4088265.0,916.7720025156091,0.16147281989418646,0.00029253759228659417,80.82682713040391
94929,Marin County,38.049999999999976,-122.75,39,Risk Tier 38,1.0,1.8375,168999.5,1385.0432965333198,0.0,0.0,123.32496007918795
94930,Marin County,38.049999999999976,-122.75,39,Risk Tier 38,1.0,2.0425,2271316.75,1506.9063845937003,0.10935061496145937,0.0032157359592169484,93.0516153565192
94931,Marin County,38.049999999999976,-122.75,26,Risk Tier 14,0.704647502343109,0.355,1074100.0,1061.19237385017,0.2504247962273258,0.0004317789291882556,74.40851527892765
94933,Marin County,38.049999999999976,-122.75,39,Risk Tier 38,1.0,2.3825000000000003,239965.0,1498.1212674217486,0.0,0.004926586579298628,151.71408090405646
94937,Marin County,38.049999999999976,-122.75,-1,Outlier/Anomalous,0.0,2.705,806039.0,2151.0563416340487,0.2306095780022012,0.11758555916656516,93.46463438576451
94938,Marin County,38.049999999999976,-122.75,39,Risk Tier 38,1.0,2.3975,229145.0,1736.480260755426,0.20418002073409539,0.028726672486777374,145.32862986127643
94939,Marin County,38.049999999999976,-122.75,-1,Outlier/Anomalous,0.0,1.455,1656043.0,1925.4522495507874,0.2811048238214129,0.0009276174552060111,105.65275717418925
94940,Marin County,38.049999999999976,-122.75,-1,Outlier/Anomalous,0.0,1.4175,40290.75,1604.4493984614298,0.0,0.0,98.70413892153023
94941,Marin County,38.049999999999976,-122.75,27,Risk Tier 36,1.0,2.0225,9695392.5,2158.9666333826135,0.0753014139377794,0.023461890933744598,87.46083100975729
94945,Marin County,38.049999999999976,-122.75,35,Risk Tier 31,1.0,1.08,3479025.75,1350.4356664439679,0.08216676970985984,0.0009722736910882788,89.56893654571833
94946,Marin County,38.049999999999976,-122.75,27,Risk Tier 36,0.6593239385480004,2.195,327788.75,3024.2140367254465,0.0,0.0857131076600879,149.62439508372648
94947,Marin County,38.049999999999976,-122.75,35,Risk Tier 31,1.0,0.9575,4442478.25,1276.2122570277127,0.1220646987518354,0.0007241393293242811,92.27975776357215
94949,Marin County,38.049999999999976,-122.75,35,Risk Tier 31,1.0,0.9875,2591188.0,1459.9945576627367,0.0008000192237784241,0.0,92.01417504080834
94950,Marin County,38.049999999999976,-122.75,38,Risk Tier 37,1.0,1.3125,11459.0,1924.1252620545074,0.0,0.0,545.523290986086
94951,Marin County,38.049999999999976,-122.75,35,Risk Tier 31,0.80459867599235,0.7775,929282.5,1384.5625152599189,0.03307793323129647,0.0040322726532679674,84.41139174411839
94952,Marin County,38.049999999999976,-122.75,26,Risk Tier 14,0.20743921160877826,0.665,5188614.0,1177.635639583782,0.09441184621621278,0.001403589140283623,74.21741090162237
94953,Marin County,38.049999999999976,-122.75,26,Risk Tier 14,1.0,0.0,1147.75,1147.75,0.0,0.0,41.629955947136565
94954,Marin County,38.049999999999976,-122.75,26,Risk Tier 14,0.7186808883409839,0.27999999999999997,5597339.0,1009.4343030907353,0.11116698028431443,0.0005316797111193589,71.34194093830104
94956,Marin County,38.049999999999976,-122.75,39,Risk Tier 38,1.0,1.9100000000000001,294100.25,1594.3721633206223,0.0,0.030227489147812026,149.32627498625936
94957,Marin County,38.049999999999976,-122.75,-1,Outlier/Anomalous,0.0,1.9275,1458041.75,4768.565646941719,0.00028388309604692786,0.0,108.12991177007987
94960,Marin County,38.049999999999976,-122.75,-1,Outlier/Anomalous,0.0,1.665,4618063.25,1734.5631347735934,0.03991233873281603,0.001105594008343829,90.90402517873729
94963,Marin County,38.049999999999976,-122.75,39,Risk Tier 38,0.756208428786482,2.2375,261606.5,1981.428509929187,0.0,0.0,146.0950769366764
94964,Marin County,38.049999999999976,-122.75,26,Risk Tier 14,0.3891501262341638,0.315,8154.0,1181.1357750896057,0.0,0.0,93.8707992338499
94965,Marin County,38.049999999999976,-122.75,27,Risk Tier 36,1.0,1.755,2055470.25,2319.833823338203,0.03258705512713679,0.011801169393441311,80.81626736684508
94970,Marin County,38.049999999999976,-122.75,-1,Outlier/Anomalous,0.0,0.9725,455554.25,2079.606783232393,0.0,0.017253323504352314,73.73622712383131
94971,Marin County,38.049999999999976,-122.75,39,Risk Tier 38,1.0,1.385,45701.75,1120.2971809966846,0.0,0.0,152.38095238095238
94972,Marin County,38.049999999999976,-122.75,-1,Outlier/Anomalous,0.0,1.4425000000000001,31408.25,1504.618289085307,0.0,0.0,201.07061370151524
94973,Marin County,38.049999999999976,-122.75,39,Risk Tier 38,1.0,2.2475,497284.0,1556.9446129123207,0.03485390978608916,0.004828188701223063,143.76355389823337
94974,Marin County,38.049999999999976,-122.75,4,Risk Tier 20,1.0,0.7675,1512.0,1208.6610452186806,0.0,0.0,-100.0
95002,Santa Clara County,37.22000000000002,-121.69000000000004,17,Risk Tier 7,1.0,0.2475,123280.0,898.7212179669564,0.0035206308970567525,0.0,70.93150477180895
95003,Santa Clara County,37.22000000000002,-121.69000000000004,39,Risk Tier 38,1.0,1.345,6447676.0,1420.9984420257106,0.11313822736578937,0.014615317082327745,66.84445916305657
95004,Santa Clara County,37.22000000000002,-121.69000000000004,40,Risk Tier 42,0.7211638297906414,1.8475,956761.75,1545.784779062116,0.0,0.06851820155781559,83.08265225699105
95005,Santa Clara County,37.22000000000002,-121.69000000000004,-1,Outlier/Anomalous,0.0,2.4625,1652168.75,1417.045075265313,2.544991583802707,0.03341514751557535,90.38598461764494
95006,Santa Clara County,37.22000000000002,-121.69000000000004,11,Risk Tier 39,1.0,2.4050000000000002,2643170.5,1393.3065927530565,12.46258854048025,0.05126152373146914,90.18419178217572
95007,Santa Clara County,37.22000000000002,-121.69000000000004,12,Risk Tier 35,1.0,2.5475,193649.25,1623.7433207017593,5.509349631574304,0.058582544106595545,138.81113482584806
95008,Santa Clara County,37.22000000000002,-121.69000000000004,17,Risk Tier 7,1.0,0.255,4580446.5,1003.9906614361108,0.18752311221993118,0.0,75.10567307561034
95010,Santa Clara County,37.22000000000002,-121.69000000000004,17,Risk Tier 7,0.9591987331791796,0.275,938644.0,1004.9546037248433,0.031689778423516626,0.0,65.9550244714905
95012,Santa Clara County,37.22000000000002,-121.69000000000004,-1,Outlier/Anomalous,0.0,0.6475,714126.0,921.1072376997603,0.024899315076307573,0.001201923076923077,56.70111407621445
95013,Santa Clara County,37.22000000000002,-121.69000000000004,-1,Outlier/Anomalous,0.0,0.835,6145.5,2048.5,0.0,0.0,27.12490761271249
95014,Santa Clara County,37.22000000000002,-121.69000000000004,17,Risk Tier 7,0.5305453885673552,0.3125,7930716.75,1121.7192213699611,0.06349617851389781,0.0016502162559399868,67.35922949958223
95017,Santa Clara County,37.22000000000002,-121.69000000000004,11,Risk Tier 39,1.0,1.185,152587.75,1623.5752057045572,47.40041773477554,0.005319148936170213,31.477174260044695
95018,Santa Clara County,37.22000000000002,-121.69000000000004,40,Risk Tier 42,0.9835176718711396,2.4025,1902604.5,1274.674958456956,0.24817923767857417,0.035465898894860765,85.94961989861507
95019,Santa Clara County,37.22000000000002,-121.69000000000004,18,Extreme Fire Corridor,0.861636185526699,0.335,379445.25,830.5475367349627,0.03382432854458654,0.0,40.61065531851585
95020,Santa Clara County,37.22000000000002,-121.69000000000004,37,Risk Tier 19,0.9152533436243971,0.6,9199435.5,1245.6731502347748,0.12706076500202396,0.007126784288812596,75.54728968225785
95023,Santa Clara County,37.22000000000002,-121.69000000000004,17,Risk Tier 7,0.7627946061550205,0.3,7455858.75,1072.3356234606658,0.06282402694732796,0.005535797869045823,80.15542518762328
95024,Santa Clara County,37.22000000000002,-121.69000000000004,36,Risk Tier 24,1.0,0.3333333333333333,505.3333333333333,1698.4761904761906,0.0,0.0,103.2
95030,Santa Clara County,37.22000000000002,-121.69000000000004,27,Risk Tier 36,1.0,1.71,5251806.5,2431.3738472175746,0.027793793295019277,0.024816429448614306,69.73284012327429
95031,Santa Clara County,37.22000000000002,-121.69000000000004,18,Extreme Fire Corridor,0.8071217926164949,0.0,909.5,650.5,0.0,0.0,44.14414414414414
95032,Santa Clara County,37.22000000000002,-121.69000000000004,36,Risk Tier 24,1.0,0.7525000000000001,5710446.0,1523.8119110541293,0.05003012529750357,0.004616339757313838,87.67964174635364
95033,Santa Clara County,37.22000000000002,-121.69000000000004,-1,Outlier/Anomalous,0.0,2.5,3757258.0,2153.3078451544898,0.06902223402421608,0.10322184029524542,81.44292357119609
95035,Santa Clara County,37.22000000000002,-121.69000000000004,17,Risk Tier 7,0.5021784553122869,0.215,6123287.5,909.8854572700815,0.1380487947460159,0.0009877180461370437,57.24569505381339
95037,Santa Clara County,37.22000000000002,-121.69000000000004,36,Risk Tier 24,1.0,0.7225,8758159.25,1375.565297756721,0.10898985482478955,0.01604882791774614,89.41773184546591
95039,Santa Clara County,37.22000000000002,-121.69000000000004,17,Risk Tier 7,1.0,0.4275,57183.75,967.5644970389216,0.0,0.0,73.38381972663464
95041,Santa Clara County,37.22000000000002,-121.69000000000004,12,Risk Tier 35,1.0,2.5925,112839.75,1397.3508584333395,4.145882733860138,0.027272525027512314,83.65013328018735
95043,Santa Clara County,37.22000000000002,-121.69000000000004,27,Risk Tier 36,0.9951683653335499,1.9075,88958.25,2556.4675003625925,0.0458045135558136,0.08316479242650782,90.52116068722383
95045,Santa Clara County,37.22000000000002,-121.69000000000004,-1,Outlier/Anomalous,0.0,1.1525,807066.75,1532.94796396811,0.10284878467345213,0.009252837022908116,108.45219415997656
95046,Santa Clara County,37.22000000000002,-121.69000000000004,36,Risk Tier 24,1.0,0.655,1243772.5,1631.1571252485255,0.05592628814800717,0.0038687103828002056,78.45270527515764
95050,Santa Clara County,37.22000000000002,-121.69000000000004,17,Risk Tier 7,1.0,0.22,2625920.75,870.0104809144004,0.11834706457370356,0.0,70.85885892656214
95051,Santa Clara County,37.22000000000002,-121.69000000000004,17,Risk Tier 7,0.4397871048154689,0.195,4842262.0,845.9270406484343,0.021497026017078927,0.0,64.32177556468223
95054,Santa Clara County,37.22000000000002,-121.69000000000004,17,Risk Tier 7,0.5021784553122869,0.21000000000000002,1301857.25,869.848625902377,0.34629033014189436,0.0,54.40375160492281
95060,Santa Clara County,37.22000000000002,-121.69000000000004,12,Risk Tier 35,1.0,1.0925,6976740.75,1297.0450535925875,4.980015732716306,0.012150370529443977,62.73618488158144
95061,Santa Clara County,37.22000000000002,-121.69000000000004,39,Risk Tier 38,0.9511384132730416,1.72,2318.5,2140.642857142857,0.0,0.0,-21.686746987951807
95062,Santa Clara County,37.22000000000002,-121.69000000000004,17,Risk Tier 7,1.0,0.26749999999999996,4088313.5,992.7501062858828,0.07467133808065782,0.0,65.63122994856346
95064,Santa Clara County,37.22000000000002,-121.69000000000004,39,Risk Tier 38,0.9068468416434213,1.6925000000000001,66186.5,898.8534516249,0.032301629156629943,0.0,45.708865064165664
95065,Santa Clara County,37.22000000000002,-121.69000000000004,39,Risk Tier 38,1.0,1.5125,1802498.0,1391.8306486307224,0.21394212047990593,0.008439560018204516,67.91210494447711
95066,Santa Clara County,37.22000000000002,-121.69000000000004,39,Risk Tier 38,1.0,1.9825,3583462.0,1652.0609087673804,0.10327252503880546,0.015160595082531094,67.6264758142181
95070,Santa Clara County,37.22000000000002,-121.69000000000004,36,Risk Tier 24,0.8859299227479439,0.875,9929068.5,1750.947184495482,0.09951198331170977,0.003066627531447692,73.47067359095769
95073,Santa Clara County,37.22000000000002,-121.69000000000004,39,Risk Tier 38,1.0,1.7275,2322412.0,1550.5116756727316,0.0010662582369583722,0.014874365089138853,71.22769234824837
95075,Santa Clara County,37.22000000000002,-121.69000000000004,-1,Outlier/Anomalous,0.0,0.9525,111794.0,1546.9208025882067,0.0,0.0,108.02069682927818
95076,Santa Clara County,37.22000000000002,-121.69000000000004,-1,Outlier/Anomalous,0.0,0.765,9062984.0,1157.4363567878524,0.06343774545054129,0.012187027776972361,49.24316892538585
95110,Santa Clara County,37.22000000000002,-121.69000000000004,18,Extreme Fire Corridor,0.8740679456619035,0.19,739112.5,872.8707529440771,0.14314133635088472,0.0,43.911150323914086
95111,Santa Clara County,37.22000000000002,-121.69000000000004,17,Risk Tier 7,0.5021784553122869,0.20500000000000002,3388223.25,859.757224034282,0.21691117945927235,0.0,51.21692976591603
95112,Santa Clara County,37.22000000000002,-121.69000000000004,17,Risk Tier 7,0.5559799773037523,0.275,2294903.75,1010.0333771577407,0.4748750792696125,0.0,65.42295012473828
95113,Santa Clara County,37.22000000000002,-121.69000000000004,18,Extreme Fire Corridor,0.665288853564242,0.335,2482.75,848.773921480818,0.0,0.0,43.125618199802176
95116,Santa Clara County,37.22000000000002,-121.69000000000004,18,Extreme Fire Corridor,1.0,0.18,1943235.5,800.5270886921152,0.19984779434461195,0.0,40.92273364839449
95117,Santa Clara County,37.22000000000002,-121.69000000000004,17,Risk Tier 7,0.47569152221962185,0.20750000000000002,1617862.25,928.8740858023024,0.1875296418658694,0.0,62.772956794741
95118,Santa Clara County,37.22000000000002,-121.69000000000004,17,Risk Tier 7,1.0,0.23,3896268.25,910.0246855733196,0.22348393219331858,0.0,70.45544257009216
95119,Santa Clara County,37.22000000000002,-121.69000000000004,17,Risk Tier 7,1.0,0.3225,1418991.25,948.663940383483,0.2778391215327568,0.0,83.36158412748009
95120,Santa Clara County,37.22000000000002,-121.69000000000004,37,Risk Tier 19,0.8850192421877061,0.525,9208550.0,1331.5967348028958,0.08060407604444682,0.0012683423587079572,80.09419474288354
95121,Santa Clara County,37.22000000000002,-121.69000000000004,17,Risk Tier 7,0.5021784553122869,0.24,3629916.75,933.4343814285496,0.42791235183479026,0.0,53.87832883948504
95122,Santa Clara County,37.22000000000002,-121.69000000000004,18,Extreme Fire Corridor,1.0,0.1675,2800436.5,771.927865063839,0.33884240639003943,0.0,46.69605232998924
95123,Santa Clara County,37.22000000000002,-121.69000000000004,17,Risk Tier 7,1.0,0.255,6620794.5,922.5770206701136,0.13643389167731626,0.0,74.58896819819931
95124,Santa Clara County,37.22000000000002,-121.69000000000004,17,Risk Tier 7,1.0,0.2475,7327132.5,962.1987026039251,0.0886484166136831,0.0,72.86481563525304
95125,Santa Clara County,37.22000000000002,-121.69000000000004,-1,Outlier/Anomalous,0.0,0.2825,7783142.0,1155.077770013858,0.07301579858185472,0.0,81.37138278518371
95126,Santa Clara County,37.22000000000002,-121.69000000000004,17,Risk Tier 7,0.45702076485744003,0.2825,2170008.75,1138.6479724351368,0.05428296163945482,0.001662492110007986,78.83573484094762
95127,Santa Clara County,37.22000000000002,-121.69000000000004,-1,Outlier/Anomalous,0.0,0.48250000000000004,6358885.5,979.9594339827067,0.22205815357692893,0.0005647228136582288,51.09116252610233
95128,Santa Clara County,37.22000000000002,-121.69000000000004,17,Risk Tier 7,1.0,0.2375,2667393.25,907.0160633737478,0.040058487910285975,0.0,71.2229343044031
95129,Santa Clara County,37.22000000000002,-121.69000000000004,17,Risk Tier 7,0.5021784553122869,0.16999999999999998,4143041.25,882.2116247286789,0.13658889739717836,0.0,58.421367530385524
95130,Santa Clara County,37.22000000000002,-121.69000000000004,17,Risk Tier 7,1.0,0.20750000000000002,1584117.25,864.9767545259265,0.21833495306487305,0.0,71.50233604077945
95131,Santa Clara County,37.22000000000002,-121.69000000000004,17,Risk Tier 7,0.5021784553122869,0.16,2164989.5,850.1325802798102,0.08392701607447317,0.0,52.445342406246084
95132,Santa Clara County,37.22000000000002,-121.69000000000004,17,Risk Tier 7,0.5021784553122869,0.295,4646952.25,938.8540655595532,0.20700105334913488,0.00027167487724894126,61.381190684895735
95133,Santa Clara County,37.22000000000002,-121.69000000000004,17,Risk Tier 7,0.5021784553122869,0.1775,1915587.75,888.8676374785152,0.052309860002622395,0.0,53.62949910409238
95134,Santa Clara County,37.22000000000002,-121.69000000000004,18,Extreme Fire Corridor,0.8740679456619035,0.2075,60179.25,869.9611541657548,0.0,0.0,43.73364649648722
95135,Santa Clara County,37.22000000000002,-121.69000000000004,37,Risk Tier 19,0.7808071501005336,0.44,3160693.0,1249.279028951476,0.06110215784597016,0.0,64.29979631311004
95136,Santa Clara County,37.22000000000002,-121.69000000000004,17,Risk Tier 7,1.0,0.2925,3863128.0,957.7935157847721,0.06039329399144382,0.0,69.8352205114348
95138,Santa Clara County,37.22000000000002,-121.69000000000004,-1,Outlier/Anomalous,0.0,0.525,3586865.0,1509.5679569641038,0.0026709538431387747,0.0,70.54195249280222
95139,Santa Clara County,37.22000000000002,-121.69000000000004,17,Risk Tier 7,1.0,0.2475,923442.25,943.9042143298716,0.008598137625916224,0.0,72.62731920003264
95140,Santa Clara County,37.22000000000002,-121.69000000000004,12,Risk Tier 35,1.0,1.96,162236.75,2450.7610418201666,4.622958583316184,0.012461300309597523,63.764359303512066
95141,Santa Clara County,37.22000000000002,-121.69000000000004,27,Risk Tier 36,0.7887404021253503,2.4825,24900.0,2585.2454755023396,0.0,0.08333333333333333,123.41412784663288
95148,Santa Clara County,37.22000000000002,-121.69000000000004,-1,Outlier/Anomalous,0.0,0.31,6013402.75,1084.2369432159294,0.1663551172605333,0.0004646467519206995,54.24240613300294
95150,Santa Clara County,37.22000000000002,-121.69000000000004,4,Risk Tier 20,1.0,1.3325,1765.75,1026.8333333333333,0.0,0.0,-100.0
95164,Santa Clara County,37.22000000000002,-121.69000000000004,4,Risk Tier 20,0.5484958264140442,0.0,969.5,1666.4887640449438,0.0,0.0,-100.0
95202,Alameda County,37.64999999999999,-121.90999999999995,-1,Outlier/Anomalous,0.0,0.27,144763.75,1179.8243327413843,0.03122833080530079,0.0,49.40914357009179
95203,Alameda County,37.64999999999999,-121.90999999999995,31,Risk Tier 8,0.780078974968185,0.29500000000000004,1248860.25,898.6216784799815,0.14683685890493983,0.0,41.765884081265334
95204,Alameda County,37.64999999999999,-121.90999999999995,31,Risk Tier 8,0.780078974968185,0.27749999999999997,3730388.0,902.3876832335562,0.12335977142199825,0.0,49.49162136810944
95205,Alameda County,37.64999999999999,-121.90999999999995,-1,Outlier/Anomalous,0.0,0.20500000000000002,2313081.0,771.0723939411141,0.33625009117780486,0.0,39.586933382690624
95206,Alameda County,37.64999999999999,-121.90999999999995,31,Risk Tier 8,0.6401547424811098,0.195,5323389.5,863.3150465432818,0.19582819674806307,0.0,44.25508950035185
95207,Alameda County,37.64999999999999,-121.90999999999995,31,Risk Tier 8,0.780078974968185,0.265,3921368.0,943.5779717428643,0.19526939650871988,0.0,42.84043371059995
95209,Alameda County,37.64999999999999,-121.90999999999995,31,Risk Tier 8,0.780078974968185,0.2375,6060877.5,1019.705865515274,0.19883960340075651,0.0,45.74935018742515
95210,Alameda County,37.64999999999999,-121.90999999999995,-1,Outlier/Anomalous,0.0,0.21000000000000002,2656275.25,821.759603747952,0.17008711499266596,0.0,43.88915592073882
95212,Alameda County,37.64999999999999,-121.90999999999995,-1,Outlier/Anomalous,0.0,0.21750000000000003,3933589.0,1100.2637525230225,0.17668117883390516,0.0,37.30139372927217
95215,Alameda County,37.64999999999999,-121.90999999999995,31,Risk Tier 8,0.780078974968185,0.2525,1938846.0,919.4861348795606,0.0824831341880414,0.0,39.29213505222749
95219,Alameda County,37.64999999999999,-121.90999999999995,-1,Outlier/Anomalous,0.0,0.28,4371282.5,1190.426033280208,0.02723673617226201,0.0,46.83532575528652
95220,Alameda County,37.64999999999999,-121.90999999999995,37,Risk Tier 19,1.0,0.34750000000000003,1070815.0,1289.6247817961362,0.42319781976861026,0.0,60.50493374010869
95221,Alameda County,37.64999999999999,-121.90999999999995,-1,Outlier/Anomalous,0.0,0.525,14325.5,1668.2521440466278,0.0,0.0,-20.515518148342977
95222,Alameda County,37.64999999999999,-121.90999999999995,39,Risk Tier 38,1.0,1.9775,1305078.0,1437.185730238223,0.00981355348499053,0.014125173888498509,110.86663785455953
95223,Alameda County,37.64999999999999,-121.90999999999995,40,Risk Tier 42,1.0,2.94,3691053.25,1323.2092854485113,0.029540152885407282,0.09215789562180168,90.79319056758447
95224,Alameda County,37.64999999999999,-121.90999999999995,45,Risk Tier 45,1.0,3.08,107640.5,1467.8342933590823,0.0,0.4769442192455413,85.52726616106898
95225,Alameda County,37.64999999999999,-121.90999999999995,39,Risk Tier 38,0.810159015572887,1.3825,183191.25,1500.3095779764828,0.45154000035643,0.012089341556329432,104.14508621254835
95226,Alameda County,37.64999999999999,-121.90999999999995,-1,Outlier/Anomalous,0.0,2.385,18113.25,1894.0672567016318,0.0,0.0,74.05796032740948
95227,Alameda County,37.64999999999999,-121.90999999999995,36,Risk Tier 24,1.0,0.5875,136763.5,1464.548212883512,0.7620793394673177,0.028435187648436666,107.04929450885234
95228,Alameda County,37.64999999999999,-121.90999999999995,39,Risk Tier 38,0.995785617454232,1.88,1650040.0,1404.8571303543204,0.1738681615479873,0.023383939654668978,109.06358812800529
95229,Alameda County,37.64999999999999,-121.90999999999995,40,Risk Tier 42,0.9498530931832755,2.5925000000000002,22868.0,1193.6139339096344,0.0,0.0,61.96943972835314
95230,Alameda County,37.64999999999999,-121.90999999999995,-1,Outlier/Anomalous,0.0,0.4675,42317.0,1085.9577223157876,0.0,0.0,40.41511594617807
95231,Alameda County,37.64999999999999,-121.90999999999995,31,Risk Tier 8,0.7713823302234053,0.23249999999999998,223415.25,971.6705686230399,0.3992542875690518,0.0,51.77166120698765
95232,Alameda County,37.64999999999999,-121.90999999999995,44,Risk Tier 44,1.0,2.5025,75676.25,1464.066728145542,0.0,0.18509595423399627,160.13942140118507
95233,Alameda County,37.64999999999999,-121.90999999999995,45,Risk Tier 45,1.0,3.0275,116596.25,1354.43160277382,2.1102826190259276,0.30534970873677464,103.21477181022128
95234,Alameda County,37.64999999999999,-121.90999999999995,38,Risk Tier 37,1.0,0.6666666666666666,1056.3333333333333,1967.681818181818,0.0,0.0,489.34240362811795
95236,Alameda County,37.64999999999999,-121.90999999999995,-1,Outlier/Anomalous,0.0,0.3825,589451.75,1237.6297296379232,0.1533734596813856,0.0018761792120751317,53.494399287765745
95237,Alameda County,37.64999999999999,-121.90999999999995,31,Risk Tier 8,0.780078974968185,0.3225,472553.5,977.3480118862568,0.10336876476238706,0.0,49.44515204174767
95240,Alameda County,37.64999999999999,-121.90999999999995,31,Risk Tier 8,0.780078974968185,0.3175,4214854.75,919.1793566686789,0.10587862077257541,0.0,50.17856635013078
95242,Alameda County,37.64999999999999,-121.90999999999995,31,Risk Tier 8,0.780078974968185,0.3675,4079779.0,974.9841619806185,0.11357888879862527,0.0,57.879376284220264
95245,Alameda County,37.64999999999999,-121.90999999999995,40,Risk Tier 42,0.7211638297906414,2.23,539332.0,1493.4306753200553,0.17183065031873607,0.057173308351503235,116.32546258447593
95246,Alameda County,37.64999999999999,-121.90999999999995,40,Risk Tier 42,0.8204721370253275,2.4,459094.75,1499.2962432111299,0.0,0.06893359209902289,72.70478672154297
95247,Alameda County,37.64999999999999,-121.90999999999995,44,Risk Tier 44,1.0,2.5300000000000002,1263856.0,1548.504394989451,0.009049732463175118,0.1839701099567727,94.22254561737378
95248,Alameda County,37.64999999999999,-121.90999999999995,-1,Outlier/Anomalous,0.0,2.8225000000000002,127707.5,1875.620419508943,0.0,0.13752105345162627,2.322804647180349
95249,Alameda County,37.64999999999999,-121.90999999999995,39,Risk Tier 38,1.0,1.8975,604260.25,1241.7725389453335,0.02365402742960378,0.0113386952357282,98.14030811209193
95250,Alameda County,37.64999999999999,-121.90999999999995,4,Risk Tier 20,1.0,1.89,3229.25,1305.3640038463466,0.0,0.0,-100.0
95251,Alameda County,37.64999999999999,-121.90999999999995,40,Risk Tier 42,1.0,2.8075,150778.5,1468.6947807055142,0.0,0.06142052365235118,71.28223647125141
95252,Alameda County,37.64999999999999,-121.90999999999995,39,Risk Tier 38,1.0,1.7525,3784827.25,1252.3559117988839,0.1811867653475754,0.014014779888039248,100.87073234307663
95253,Alameda County,37.64999999999999,-121.90999999999995,26,Risk Tier 14,0.3082557800183149,0.1525,13868.75,785.7774040033553,0.0,0.0,118.30426142636344
95254,Alameda County,37.64999999999999,-121.90999999999995,-1,Outlier/Anomalous,0.0,1.6925,215706.25,1697.9659581126214,0.0,0.0,114.41674738569199
95255,Alameda County,37.64999999999999,-121.90999999999995,44,Risk Tier 44,1.0,2.8025,411771.25,1264.7448972365564,0.1513590523347239,0.2190169011030626,73.2518502116087
95257,Alameda County,37.64999999999999,-121.90999999999995,44,Risk Tier 44,1.0,2.9425,102174.75,1100.9340363012902,0.0,0.19825314492418075,45.93445986314805
95258,Alameda County,37.64999999999999,-121.90999999999995,-1,Outlier/Anomalous,0.0,0.395,679438.5,1079.62590804963,0.2090589887668885,0.0,42.8540093983709
95301,Santa Clara County,37.22000000000002,-121.69000000000004,17,Risk Tier 7,0.5021784553122869,0.22000000000000003,3359322.25,823.0189569879456,0.09490108600772777,0.0,53.087756990934
95303,Santa Clara County,37.22000000000002,-121.69000000000004,18,Extreme Fire Corridor,0.6999966771461743,0.345,38659.0,934.3425832408406,0.0,0.010869565217391304,38.86238071320945
95304,Santa Clara County,37.22000000000002,-121.69000000000004,-1,Outlier/Anomalous,0.0,0.33999999999999997,2013457.25,1310.4729274391643,0.045148416132390574,0.0,45.12532922307872
95305,Santa Clara County,37.22000000000002,-121.69000000000004,38,Risk Tier 37,1.0,2.675,19061.25,1010.8943688241023,1.4438928437617085,0.0,437.486523948868
95306,Santa Clara County,37.22000000000002,-121.69000000000004,-1,Outlier/Anomalous,0.0,1.8599999999999999,239771.5,1775.5417805826805,0.0,0.042519696539250716,103.62352170269607
95307,Santa Clara County,37.22000000000002,-121.69000000000004,18,Extreme Fire Corridor,1.0,0.16749999999999998,3952454.0,842.0438443756944,0.12734707308699944,0.0,37.46051321736567
95309,Santa Clara County,37.22000000000002,-121.69000000000004,39,Risk Tier 38,0.7353595344701077,2.105,30199.0,1378.5541370172837,0.0,0.0,164.0416047548291
95310,Santa Clara County,37.22000000000002,-121.69000000000004,40,Risk Tier 42,0.954157266042015,2.79,326891.0,1436.4157711733717,0.0015037663809046213,0.08309485251566427,47.59504431113613
95311,Santa Clara County,37.22000000000002,-121.69000000000004,40,Risk Tier 42,0.8254315832194685,2.72,373533.75,1322.2367575162207,0.09422205636218613,0.10835966250137458,90.64000277641742
95312,Santa Clara County,37.22000000000002,-121.69000000000004,18,Extreme Fire Corridor,0.8740679456619035,0.495,11271.25,934.2186374505344,0.0,0.0,28.099086805920017
95313,Santa Clara County,37.22000000000002,-121.69000000000004,18,Extreme Fire Corridor,0.36916842052005966,0.29500000000000004,63375.75,858.1850600884327,0.016208654801008325,0.0,48.378657092659076
95314,Santa Clara County,37.22000000000002,-121.69000000000004,11,Risk Tier 39,1.0,3.0,4191.5,1830.156435807091,40.428139269406394,0.0,-67.55707762557077
95315,Santa Clara County,37.22000000000002,-121.69000000000004,18,Extreme Fire Corridor,1.0,0.14250000000000002,1072907.5,750.7976302064815,0.19215850564846945,0.0,37.32893293677065
95316,Santa Clara County,37.22000000000002,-121.69000000000004,17,Risk Tier 7,0.5021784553122869,0.265,742050.25,856.1059171602263,0.10293160755818392,0.0,57.096371185399185
95317,Santa Clara County,37.22000000000002,-121.69000000000004,-1,Outlier/Anomalous,0.0,0.1525,17125.0,1306.214937084902,0.0,0.0,-4.821141939922036
95318,Santa Clara County,37.22000000000002,-121.69000000000004,45,Risk Tier 45,0.912001630305145,3.1574999999999998,49110.0,1655.8625182823255,0.6871262252733642,0.35499537465309894,170.27141795534166
95319,Santa Clara County,37.22000000000002,-121.69000000000004,18,Extreme Fire Corridor,1.0,0.1325,111131.25,734.8697492362858,0.6400582018878219,0.0,37.19333419566249
95320,Santa Clara County,37.22000000000002,-121.69000000000004,17,Risk Tier 7,0.424069635570575,0.3275,1484084.75,953.3684590967016,0.12090955456428218,0.0,51.774046990610536
95321,Santa Clara County,37.22000000000002,-121.69000000000004,40,Risk Tier 42,1.0,2.8825,1801707.75,1395.8333229529903,0.146330691210191,0.04308932697304461,57.39546409173033
95322,Santa Clara County,37.22000000000002,-121.69000000000004,18,Extreme Fire Corridor,1.0,0.28,856854.25,810.8305036109806,0.24611899048133104,0.0,43.396993493761265
95323,Santa Clara County,37.22000000000002,-121.69000000000004,18,Extreme Fire Corridor,0.8740679456619035,0.3,91322.0,901.6316251419613,0.0,0.0,33.19759671234246
95324,Santa Clara County,37.22000000000002,-121.69000000000004,18,Extreme Fire Corridor,0.991386111414515,0.2825,565771.0,798.7426350681736,0.06817364984469124,0.0,31.956375603246745
95325,Santa Clara County,37.22000000000002,-121.69000000000004,-1,Outlier/Anomalous,0.0,1.1724999999999999,14578.0,1608.3271396396397,0.0,0.0,146.5427012582118
95326,Santa Clara County,37.22000000000002,-121.69000000000004,17,Risk Tier 7,0.5021784553122869,0.22499999999999998,1093299.0,870.5494914177057,0.028732398312374768,0.0,57.336971615841804
95327,Santa Clara County,37.22000000000002,-121.69000000000004,39,Risk Tier 38,0.7832555189200054,2.1925,806703.5,1262.1078217396375,0.2758349281061959,0.028173685925417014,115.94628756845078
95328,Santa Clara County,37.22000000000002,-121.69000000000004,18,Extreme Fire Corridor,1.0,0.15,382003.5,731.0034824701122,0.0009616553189925865,0.0,34.675308717822695
95329,Santa Clara County,37.22000000000002,-121.69000000000004,39,Risk Tier 38,0.904410203090871,2.0475,643825.0,1214.1250220701825,0.4911524813430131,0.02738395234907483,84.37033092364975
95330,Santa Clara County,37.22000000000002,-121.69000000000004,17,Risk Tier 7,1.0,0.2025,3104348.5,859.9376539926434,0.18860635737186082,0.0,71.1905084176584
95333,Santa Clara County,37.22000000000002,-121.69000000000004,18,Extreme Fire Corridor,0.5063986180075432,0.25,195041.0,804.7145057231139,0.0,0.0,44.94235670584699
95334,Santa Clara County,37.22000000000002,-121.69000000000004,18,Extreme Fire Corridor,0.5956057059500021,0.15,1192458.0,759.731224092333,0.023526758564622732,0.0,46.08469390262884
95335,Santa Clara County,37.22000000000002,-121.69000000000004,40,Risk Tier 42,0.8007181367790271,2.8825,374615.25,1062.0860652118033,0.2699534392233266,0.021535380002771443,89.44402249887176
95336,Santa Clara County,37.22000000000002,-121.69000000000004,18,Extreme Fire Corridor,0.5817173402781538,0.255,5568242.75,879.9486555484302,0.12680953160192504,0.0,46.03008527463568
95337,Santa Clara County,37.22000000000002,-121.69000000000004,17,Risk Tier 7,0.5021784553122869,0.22250000000000003,5028436.5,898.0293693129692,0.12436095327217482,0.0,62.30090778557631
95338,Santa Clara County,37.22000000000002,-121.69000000000004,40,Risk Tier 42,0.7211638297906414,2.4575,2428396.0,1522.2448970884266,0.09711825617962974,0.08423174911910584,113.1802348998695
95340,Santa Clara County,37.22000000000002,-121.69000000000004,18,Extreme Fire Corridor,1.0,0.2875,3582505.5,851.7005654742582,0.23111073387853964,0.0,33.440684919951224
95341,Santa Clara County,37.22000000000002,-121.69000000000004,17,Risk Tier 7,1.0,0.14250000000000002,1366652.0,670.3335146264767,0.47226923007524185,0.0,90.6620080524463
95345,Santa Clara County,37.22000000000002,-121.69000000000004,45,Risk Tier 45,1.0,3.0524999999999998,96961.75,1538.7396385778652,0.0,0.2729062662366286,159.03034312914667
95346,Santa Clara County,37.22000000000002,-121.69000000000004,45,Risk Tier 45,0.7360683716097279,3.045,471886.75,1073.978741126486,0.0,0.30999463731294924,54.435466303782356
95347,Santa Clara County,37.22000000000002,-121.69000000000004,38,Risk Tier 37,1.0,2.07,3234.0,1003.3728448275863,0.0,0.0,379.6629213483146
95348,Santa Clara County,37.22000000000002,-121.69000000000004,17,Risk Tier 7,0.5021784553122869,0.24,2248018.0,771.7816288941298,0.23403482103643797,0.0,56.762917549064696
95350,Santa Clara County,37.22000000000002,-121.69000000000004,18,Extreme Fire Corridor,1.0,0.225,5402603.0,802.5589123565022,0.20099206584154494,0.0,41.0424827905972
95351,Santa Clara County,37.22000000000002,-121.69000000000004,18,Extreme Fire Corridor,1.0,0.16,2958013.25,760.1023387960571,0.26911972971382625,0.0,34.8856853160372
95353,Santa Clara County,37.22000000000002,-121.69000000000004,4,Risk Tier 20,0.5011296339396684,0.0,1273.0,1883.7777777777776,0.0,0.0,-100.0
95354,Santa Clara County,37.22000000000002,-121.69000000000004,18,Extreme Fire Corridor,1.0,0.2625,2343388.0,818.9030785326441,0.1477664932541819,0.0,38.21372110792453
95355,Santa Clara County,37.22000000000002,-121.69000000000004,18,Extreme Fire Corridor,0.8740679456619035,0.21,7310840.75,874.1544717268166,0.2412996089417518,5.433601391001956e-05,44.38125353935066
95356,Santa Clara County,37.22000000000002,-121.69000000000004,18,Extreme Fire Corridor,0.3533737469826901,0.2375,4377935.0,1025.9125074789545,0.11034866090747526,0.0,39.25921861722414
95357,Santa Clara County,37.22000000000002,-121.69000000000004,18,Extreme Fire Corridor,0.8740679456619035,0.2025,1365550.5,888.173293728727,0.14592230255976127,0.0,38.44543068152037
95358,Santa Clara County,37.22000000000002,-121.69000000000004,18,Extreme Fire Corridor,1.0,0.19,2426241.75,811.3900968678862,0.23723163351736448,0.0,37.330427718633615
95360,Santa Clara County,37.22000000000002,-121.69000000000004,18,Extreme Fire Corridor,0.5043738924960375,0.1975,1384306.25,794.7806487354152,0.05519780483738399,0.0,44.08540073443155
95361,Santa Clara County,37.22000000000002,-121.69000000000004,18,Extreme Fire Corridor,0.38032467302312445,0.3325,4391979.25,950.1400430300913,0.1202072488550768,9.748488984207447e-05,42.14349062703749
95363,Santa Clara County,37.22000000000002,-121.69000000000004,17,Risk Tier 7,0.5021784553122869,0.28500000000000003,3225871.75,952.3680153755034,0.041928452697334515,0.005916940442746127,57.51259315177588
95364,Santa Clara County,37.22000000000002,-121.69000000000004,38,Risk Tier 37,0.7026026713190406,2.4875,232009.0,1263.1008763061623,0.0,0.0035529471159914177,243.9008794366
95365,Santa Clara County,37.22000000000002,-121.69000000000004,18,Extreme Fire Corridor,0.5593879920139012,0.125,309327.25,697.2596650225926,0.007773266162354586,0.0,48.326949971394065
95366,Santa Clara County,37.22000000000002,-121.69000000000004,17,Risk Tier 7,0.8570942374828485,0.3175,2651232.0,1024.761551928596,0.11442115750257234,0.0,66.0359484811445
95367,Santa Clara County,37.22000000000002,-121.69000000000004,18,Extreme Fire Corridor,1.0,0.195,3037179.75,835.6972495847989,0.1567112708806775,0.0,40.876282382005485
95368,Santa Clara County,37.22000000000002,-121.69000000000004,18,Extreme Fire Corridor,1.0,0.21000000000000002,1872353.5,846.813036520135,0.13660926669965925,0.0,39.1937793888389
95369,Santa Clara County,37.22000000000002,-121.69000000000004,-1,Outlier/Anomalous,0.0,0.4375,41946.5,945.7325210770734,0.0,0.0,53.6682107701216
95370,Santa Clara County,37.22000000000002,-121.69000000000004,40,Risk Tier 42,1.0,2.5725,5125434.25,1292.7327000985872,0.3725084657313092,0.06769899448622661,79.40603520011754
95372,Santa Clara County,37.22000000000002,-121.69000000000004,40,Risk Tier 42,0.7748279691247403,2.7675,377087.0,1176.9472909853698,0.017953426631591163,0.03275810883385896,63.82605756549516
95374,Santa Clara County,37.22000000000002,-121.69000000000004,17,Risk Tier 7,1.0,0.2175,76078.25,888.257565780423,0.04216046775376447,0.0,83.02594953757745
95375,Santa Clara County,37.22000000000002,-121.69000000000004,39,Risk Tier 38,0.807262802887712,2.9074999999999998,214223.25,1436.9848564822762,0.06280628514266523,0.017516369580589764,147.80272775224174
95376,Santa Clara County,37.22000000000002,-121.69000000000004,18,Extreme Fire Corridor,0.3478782406644396,0.2825,5801414.75,947.8748455619696,0.15982241247073065,0.0,44.32660830749286
95377,Santa Clara County,37.22000000000002,-121.69000000000004,17,Risk Tier 7,0.4514635934503922,0.2575,4668896.25,1085.7746246642575,0.1083839449886472,9.788566953797964e-05,62.817603148992006
95379,Santa Clara County,37.22000000000002,-121.69000000000004,40,Risk Tier 42,1.0,2.4475,606421.25,1147.4057166198343,0.01173194319862381,0.06452202038566315,38.10946139630314
95380,Santa Clara County,37.22000000000002,-121.69000000000004,18,Extreme Fire Corridor,1.0,0.215,2878696.75,756.3044660853536,0.2638600348589558,0.0,40.15413207862564
95381,Santa Clara County,37.22000000000002,-121.69000000000004,4,Risk Tier 20,1.0,0.3333333333333333,137.66666666666666,501.8095238095238,0.0,0.0,-100.0
95382,Santa Clara County,37.22000000000002,-121.69000000000004,18,Extreme Fire Corridor,0.8740679456619035,0.225,4432620.75,873.3540328739498,0.0954477773670848,0.0,40.65012347326971
95383,Santa Clara County,37.22000000000002,-121.69000000000004,44,Risk Tier 44,1.0,2.9975,1484185.0,1201.539414301658,0.05731371604769674,0.2398945062859701,49.9227729033278
95385,Santa Clara County,37.22000000000002,-121.69000000000004,-1,Outlier/Anomalous,0.0,0.255,18142.25,1552.2907466392055,0.42803868186716576,0.0,11.531986531986533
95386,Santa Clara County,37.22000000000002,-121.69000000000004,18,Extreme Fire Corridor,0.33292573535746117,0.2425,959253.25,813.6270769630809,0.0022150363372224133,0.0,49.47659111537397
95387,Santa Clara County,37.22000000000002,-121.69000000000004,17,Risk Tier 7,0.4713970827006713,0.3425,10418.75,903.7803874500911,0.0,0.0,53.610395978913814
95388,Santa Clara County,37.22000000000002,-121.69000000000004,18,Extreme Fire Corridor,0.49091317008913454,0.14750000000000002,839832.75,684.440919446143,0.23945990051841398,0.0,50.618783544699006
95389,Santa Clara County,37.22000000000002,-121.69000000000004,-1,Outlier/Anomalous,0.0,2.3,173806.5,1563.4073365676786,0.0,0.3102087222042398,10.13961310062537
95391,Santa Clara County,37.22000000000002,-121.69000000000004,17,Risk Tier 7,0.6717882324405097,0.22250000000000003,2853059.25,959.6750810469399,0.044398114602316074,0.0,93.27115236075181
95401,Sonoma County,38.52999999999998,-122.92999999999998,26,Risk Tier 14,1.0,0.27749999999999997,3605090.5,923.0900949996453,0.1438773453827446,0.0003506366693954846,65.09069189446299
95402,Sonoma County,38.52999999999998,-122.92999999999998,-1,Outlier/Anomalous,0.0,1.5,7048.25,14096.5,0.0,0.0,-100.0
95403,Sonoma County,38.52999999999998,-122.92999999999998,26,Risk Tier 14,0.2695346051393657,0.5225,4868601.0,993.2805243529223,0.7451142476470642,0.0019116232200405445,84.77170868107666
95404,Sonoma County,38.52999999999998,-122.92999999999998,-1,Outlier/Anomalous,0.0,1.2975,7391981.5,1312.7647752273213,1.7037088943050378,0.010147524223484134,81.96895678138189
95405,Sonoma County,38.52999999999998,-122.92999999999998,26,Risk Tier 14,0.2574572349972987,0.77,3546442.25,1046.3048830868834,0.05998306579253139,0.0016143138360759234,72.16115205500412
95407,Sonoma County,38.52999999999998,-122.92999999999998,26,Risk Tier 14,1.0,0.3275,3099965.25,900.7841346907337,0.16262919952486046,0.0,55.345795815495656
95409,Sonoma County,38.52999999999998,-122.92999999999998,12,Risk Tier 35,1.0,0.9125,5284457.75,1208.9493479441708,6.418134059408534,0.0024583066414450784,96.49687359353516
95410,Sonoma County,38.52999999999998,-122.92999999999998,39,Risk Tier 38,0.9404162201938011,2.3275,279641.25,1491.6204029063983,0.5800188379020876,0.045434737673095124,132.98569487732757
95412,Sonoma County,38.52999999999998,-122.92999999999998,39,Risk Tier 38,1.0,2.0975,67620.75,1498.2710826586622,0.0,0.0,96.49969694345832
95415,Sonoma County,38.52999999999998,-122.92999999999998,39,Risk Tier 38,1.0,1.6675,217001.25,1474.7423245054224,0.0,0.026120856235163303,106.51253505094533
95416,Sonoma County,38.52999999999998,-122.92999999999998,26,Risk Tier 14,1.0,0.6825,4053.75,819.8133201186998,0.0,0.0,35.711216158143536
95417,Sonoma County,38.52999999999998,-122.92999999999998,12,Risk Tier 35,1.0,2.005,44036.0,1792.4175511723947,4.5878091280120765,0.04164169164169164,105.79799855565872
95418,Sonoma County,38.52999999999998,-122.92999999999998,44,Risk Tier 44,0.8304163821576467,1.37,2479.75,1327.5708044840092,0.0,0.3798494340037366,-68.22123271619405
95419,Sonoma County,38.52999999999998,-122.92999999999998,39,Risk Tier 38,1.0,2.02,115806.25,1050.6520948244217,0.0,0.030179674340258283,168.64031284000063
95420,Sonoma County,38.52999999999998,-122.92999999999998,39,Risk Tier 38,0.9824865914816212,2.0475,117960.25,1810.4101119712163,0.019890994295028525,0.0,106.42828035859822
95421,Sonoma County,38.52999999999998,-122.92999999999998,39,Risk Tier 38,1.0,2.2725,455276.25,1292.291781316651,0.00843987555778098,0.023282878159762713,132.48253627082215
95422,Sonoma County,38.52999999999998,-122.92999999999998,35,Risk Tier 31,0.7226121000752285,1.4224999999999999,1529379.75,955.9761737210788,0.5381813166310081,0.003300647719547743,78.8187363675957
95423,Sonoma County,38.52999999999998,-122.92999999999998,-1,Outlier/Anomalous,0.0,1.1175,809469.75,996.794963264425,2.498177956660762,0.009556282498333311,65.14484610604339
95424,Sonoma County,38.52999999999998,-122.92999999999998,35,Risk Tier 31,1.0,1.2075,67748.5,1201.6005727125385,0.0,0.0,84.6019049189791
95425,Sonoma County,38.52999999999998,-122.92999999999998,35,Risk Tier 31,0.6053192142093162,1.29,1935236.0,1168.7703476844365,0.14495630033145648,0.019026062181243898,104.89307018223411
95426,Sonoma County,38.52999999999998,-122.92999999999998,40,Risk Tier 42,0.7211638297906414,2.44,584218.25,1371.9267390036814,0.13045718100916537,0.06474994667819525,97.67096097576848
95427,Sonoma County,38.52999999999998,-122.92999999999998,-1,Outlier/Anomalous,0.0,2.0825,131931.75,1839.9458198254279,0.9405416950232404,0.01105276013678554,187.48208105877413
95428,Sonoma County,38.52999999999998,-122.92999999999998,35,Risk Tier 31,0.9043407769342299,1.1800000000000002,229998.75,1359.317985265146,1.062409179231662,0.01250703356198666,94.87890783280865
95429,Sonoma County,38.52999999999998,-122.92999999999998,40,Risk Tier 42,0.6838500226998736,2.805,12900.25,1416.582140899429,0.0,0.0,58.16598542740359
95430,Sonoma County,38.52999999999998,-122.92999999999998,40,Risk Tier 42,0.7211638297906414,2.2800000000000002,46345.5,1385.9161135501515,0.0,0.055263276652586735,99.26126244970649
95432,Sonoma County,38.52999999999998,-122.92999999999998,39,Risk Tier 38,1.0,2.16,121577.25,1784.7184925223496,1.3761614696124345,0.012143067412422725,79.48559297624254
95433,Sonoma County,38.52999999999998,-122.92999999999998,26,Risk Tier 14,0.3891501262341638,0.28500000000000003,9159.75,969.4438743075107,0.0,0.0,104.84640335813775
95435,Sonoma County,38.52999999999998,-122.92999999999998,39,Risk Tier 38,1.0,1.7025,16904.0,1186.2313848852168,0.0,0.0,159.8527746319366
95436,Sonoma County,38.52999999999998,-122.92999999999998,39,Risk Tier 38,1.0,1.9125,1255852.75,1120.1892436187054,0.16760255413404673,0.001170046801872075,112.66042178393386
95437,Sonoma County,38.52999999999998,-122.92999999999998,35,Risk Tier 31,0.9822600491078142,1.2475,2365577.75,1076.885518806002,0.2303671064856364,0.009398329386818864,89.99727991922988
95439,Sonoma County,38.52999999999998,-122.92999999999998,26,Risk Tier 14,0.4839184520794336,0.365,94138.5,1228.2995055127064,0.09713532475892613,0.0,76.63801115241635
95441,Sonoma County,38.52999999999998,-122.92999999999998,-1,Outlier/Anomalous,0.0,1.5950000000000002,380962.5,2014.6464925004277,7.7692625719893185,0.029331653097625168,142.6637024174417
95442,Sonoma County,38.52999999999998,-122.92999999999998,39,Risk Tier 38,0.9824865914816212,1.8275000000000001,1181438.0,2042.8272391036978,0.069402809815736,0.020992855789604803,118.60556208382296
95443,Sonoma County,38.52999999999998,-122.92999999999998,40,Risk Tier 42,0.7135272687174132,2.3425000000000002,87563.5,1569.578809777895,0.004286082584969707,0.05725157286871434,54.843237514143716
95444,Sonoma County,38.52999999999998,-122.92999999999998,26,Risk Tier 14,0.3891501262341638,0.3825,104537.5,924.766024046062,0.0,0.0,104.77285796434732
95445,Sonoma County,38.52999999999998,-122.92999999999998,-1,Outlier/Anomalous,0.0,2.4125,961237.5,1607.485610890756,0.03669316078081618,0.021455487262823123,65.32577262520094
95446,Sonoma County,38.52999999999998,-122.92999999999998,39,Risk Tier 38,1.0,2.06,1248219.75,1052.8673906347392,1.5723014821183452,0.015115428977030436,93.1581183487085
95448,Sonoma County,38.52999999999998,-122.92999999999998,12,Risk Tier 35,1.0,1.2625,3854040.25,1605.578903688257,3.9102862490391277,0.02682228466552948,101.47198591939888
95449,Sonoma County,38.52999999999998,-122.92999999999998,39,Risk Tier 38,1.0,1.7225,153864.25,1430.9925864908614,0.0,0.02385764474267069,138.93117648927046
95450,Sonoma County,38.52999999999998,-122.92999999999998,40,Risk Tier 42,0.7211638297906414,2.4325,219813.75,1732.3111647389164,0.33459213987499176,0.0612947441473192,95.19934221600694
95451,Sonoma County,38.52999999999998,-122.92999999999998,40,Risk Tier 42,0.7211638297906414,2.1875,2920461.0,1401.3414692921378,0.07535137556619009,0.06871654572651589,82.37292635493468
95452,Sonoma County,38.52999999999998,-122.92999999999998,39,Risk Tier 38,0.8337424212523177,1.43,630988.5,1963.7810222789503,0.3775555601909799,0.012688050232963044,155.18479339205356
95453,Sonoma County,38.52999999999998,-122.92999999999998,35,Risk Tier 31,1.0,1.155,2039411.75,1233.4742800508864,0.6209148293049506,0.001991873866873867,53.70543743002104
95454,Sonoma County,38.52999999999998,-122.92999999999998,39,Risk Tier 38,1.0,2.41,372608.75,1555.536847823541,0.42868217832166455,0.024909693727924023,115.43287175426975
95456,Sonoma County,38.52999999999998,-122.92999999999998,39,Risk Tier 38,1.0,2.43,300995.25,1901.856188974834,0.0,0.024274371851493524,122.27910416117238
95457,Sonoma County,38.52999999999998,-122.92999999999998,39,Risk Tier 38,1.0,2.085,572439.75,1385.3984381902753,0.5131389406668924,0.011407544588513932,84.03076396207804
95458,Sonoma County,38.52999999999998,-122.92999999999998,-1,Outlier/Anomalous,0.0,1.52,520732.0,1080.0365292060533,0.2659862292317318,0.01417033380566879,82.95760010526796
95459,Sonoma County,38.52999999999998,-122.92999999999998,39,Risk Tier 38,1.0,1.8825,167536.75,1282.937490066775,0.0,0.03401394947094693,110.15007467307763
95460,Sonoma County,38.52999999999998,-122.92999999999998,39,Risk Tier 38,0.9824865914816212,1.8225,958344.25,1672.9882036150716,0.014759894921633687,0.02248686416334473,117.74058770497071
95461,Sonoma County,38.52999999999998,-122.92999999999998,39,Risk Tier 38,1.0,1.9249999999999998,689144.0,1358.5694359188647,0.7630892279864527,0.015944235624103874,105.02453703204375
95462,Sonoma County,38.52999999999998,-122.92999999999998,39,Risk Tier 38,1.0,2.0100000000000002,411841.5,1082.4332981740229,0.38354047328948265,0.0,100.1769443322407
95463,Sonoma County,38.52999999999998,-122.92999999999998,-1,Outlier/Anomalous,0.0,2.1725000000000003,51152.75,1528.4781982172656,0.0,0.0,214.64028236707722
95464,Sonoma County,38.52999999999998,-122.92999999999998,39,Risk Tier 38,1.0,1.8925,304798.0,1070.9289028405026,0.19667719006296103,0.01427052251514762,67.05456846281443
95465,Sonoma County,38.52999999999998,-122.92999999999998,39,Risk Tier 38,0.7582718150911733,2.06,537992.25,1820.4838342525836,0.08373666928726613,0.00714932872086319,117.80379444913818
95466,Sonoma County,38.52999999999998,-122.92999999999998,-1,Outlier/Anomalous,0.0,1.8975,182705.25,1688.6191826514967,0.0,0.010135135135135136,201.63890298067065
95467,Sonoma County,38.52999999999998,-122.92999999999998,39,Risk Tier 38,1.0,1.8175000000000001,1760262.5,1271.339348725804,0.6836127606274676,0.004240742808328551,90.10209456715361
95468,Sonoma County,38.52999999999998,-122.92999999999998,39,Risk Tier 38,1.0,2.0175,286907.75,1599.8400909300233,0.0,0.01889007959948625,67.05280184758352
95469,Sonoma County,38.52999999999998,-122.92999999999998,39,Risk Tier 38,1.0,1.6575,342177.25,1416.45428527915,0.12752414475215296,0.03500786738325532,108.231684302607
95470,Sonoma County,38.52999999999998,-122.92999999999998,39,Risk Tier 38,0.9267263384247372,1.525,996640.75,1265.5986422587896,0.5995398841807189,0.01638113145563222,104.99075313882902
95471,Sonoma County,38.52999999999998,-122.92999999999998,39,Risk Tier 38,1.0,2.045,58991.25,958.7403303051298,0.0,0.021462639109697933,127.9374260549494
95472,Sonoma County,38.52999999999998,-122.92999999999998,35,Risk Tier 31,1.0,0.975,5841820.75,1300.7329155450084,0.146380836789794,0.00277290137613803,88.06346007345579
95473,Sonoma County,38.52999999999998,-122.92999999999998,4,Risk Tier 20,0.8492877173273378,0.0,145.66666666666666,971.1111111111111,0.0,0.0,-100.0
95476,Sonoma County,38.52999999999998,-122.92999999999998,35,Risk Tier 31,1.0,0.8175,6820237.0,1410.8240690958237,0.16332801200004654,0.007290943743716277,106.1592199883387
95480,Sonoma County,38.52999999999998,-122.92999999999998,40,Risk Tier 42,0.7211638297906414,2.9074999999999998,4108.5,1960.1632653061224,0.0,0.0,46.246056782334385
95481,Sonoma County,38.52999999999998,-122.92999999999998,26,Risk Tier 14,0.26742559276731015,0.185,3969.5,1175.288773361411,0.0,0.0,148.27175208581644
95482,Sonoma County,38.52999999999998,-122.92999999999998,-1,Outlier/Anomalous,0.0,0.915,3435717.5,1057.7794920545932,0.49424067318640275,0.010432808218552959,91.42771381938928
95485,Sonoma County,38.52999999999998,-122.92999999999998,12,Risk Tier 35,1.0,1.2825,368941.75,1339.2923677382578,6.414967847839059,0.006546697281999253,65.16508123811792
95486,Sonoma County,38.52999999999998,-122.92999999999998,-1,Outlier/Anomalous,0.0,2.35,29304.5,1207.7276730965025,0.0,0.1043617443404799,258.1221620038084
95487,Sonoma County,38.52999999999998,-122.92999999999998,26,Risk Tier 14,1.0,0.0,1177.25,1177.25,0.0,0.0,64.45916114790286
95488,Sonoma County,38.52999999999998,-122.92999999999998,39,Risk Tier 38,1.0,2.0475,66709.0,1585.1640223083684,0.0,0.025333712185331175,110.25736060599041
95490,Sonoma County,38.52999999999998,-122.92999999999998,39,Risk Tier 38,1.0,1.9575,2185015.75,1228.8373523870941,0.1378352245385958,0.01673231588216211,110.8021903442118
95492,Sonoma County,38.52999999999998,-122.92999999999998,-1,Outlier/Anomalous,0.0,0.3675,4697891.0,1055.3690204509462,1.5261666640987384,0.0,83.73558415821914
95493,Sonoma County,38.52999999999998,-122.92999999999998,11,Risk Tier 39,0.5773970498638586,1.44,50778.0,1649.537088610743,10.298028962188255,0.015625,87.60793778492894
95494,Sonoma County,38.52999999999998,-122.92999999999998,39,Risk Tier 38,0.7313123694964607,2.3675,94721.25,2266.455949250253,0.0,0.03528655590294824,165.27681344783483
95497,Sonoma County,38.52999999999998,-122.92999999999998,39,Risk Tier 38,1.0,2.1125,1062800.25,1703.1763610383755,0.02899931011270007,0.03587591687915259,129.6261786906175
95501,Humboldt County,40.710000000000015,-123.92999999999996,16,Risk Tier 30,1.0,0.40750000000000003,2005931.75,820.7386880762649,0.09740498171238651,0.0,86.75971742117684
95503,Humboldt County,40.710000000000015,-123.92999999999996,16,Risk Tier 30,1.0,0.9725,3262854.0,874.4914602461699,0.05548372517478337,0.003076161424292046,99.14908285027467
95511,Humboldt County,40.710000000000015,-123.92999999999996,42,Risk Tier 41,1.0,2.5175,37263.0,3162.5277019987757,0.0,0.08712121212121213,19.41683233929755
95514,Humboldt County,40.710000000000015,-123.92999999999996,-1,Outlier/Anomalous,0.0,2.6225,12437.0,1948.8363970588234,0.0,0.22254901960784312,142.72108843537416
95519,Humboldt County,40.710000000000015,-123.92999999999996,16,Risk Tier 30,1.0,0.56,2244191.5,865.2973464814874,0.042992141374691276,0.0008071963464186171,83.29666932010645
95521,Humboldt County,40.710000000000015,-123.92999999999996,16,Risk Tier 30,1.0,0.9475,1626545.0,926.4936258636775,0.16676347848998613,0.008315101547328122,98.06578952056235
95524,Humboldt County,40.710000000000015,-123.92999999999996,16,Risk Tier 30,1.0,1.225,370137.75,1162.7923616179387,1.5208662731987175,0.005138400468883205,102.9059498951959
95525,Humboldt County,40.710000000000015,-123.92999999999996,16,Risk Tier 30,1.0,0.7275,204040.5,936.45226333797,0.0,0.015669848201981973,120.04721456819925
95526,Humboldt County,40.710000000000015,-123.92999999999996,11,Risk Tier 39,0.2565624776115865,2.565,61649.25,1270.0685734369827,6.771763427668379,0.006756756756756757,249.4335304215144
95527,Humboldt County,40.710000000000015,-123.92999999999996,45,Risk Tier 45,1.0,3.0324999999999998,93342.75,1719.244793896918,2.0498448161842067,0.43742010896925354,121.87244685285536
95528,Humboldt County,40.710000000000015,-123.92999999999996,16,Risk Tier 30,1.0,1.775,170466.75,997.6014265509364,0.010701509799350894,0.011353352529823118,151.82174688057043
95531,Humboldt County,40.710000000000015,-123.92999999999996,16,Risk Tier 30,1.0,1.225,2186035.0,948.9747340126638,0.18100290868786706,0.0038292849511888613,91.1329515657096
95536,Humboldt County,40.710000000000015,-123.92999999999996,16,Risk Tier 30,1.0,0.87,428720.5,932.6195021983299,0.12251518930699735,0.0,116.155346692676
95537,Humboldt County,40.710000000000015,-123.92999999999996,16,Risk Tier 30,1.0,0.9275,21917.75,784.3676891628003,0.03720167722815978,0.0,138.4528642309427
95538,Humboldt County,40.710000000000015,-123.92999999999996,4,Risk Tier 20,0.5590091609000074,0.0,2430.75,1399.75,0.0,0.0,-43.33461390703035
95540,Humboldt County,40.710000000000015,-123.92999999999996,16,Risk Tier 30,1.0,0.775,1608547.25,816.153863370583,0.26863406372028015,0.00424918271765626,106.08861871319127
95542,Humboldt County,40.710000000000015,-123.92999999999996,42,Risk Tier 41,1.0,2.7824999999999998,326967.75,2121.7921810206212,0.0,0.08118547547935195,62.418762251689316
95543,Humboldt County,40.710000000000015,-123.92999999999996,42,Risk Tier 41,1.0,2.3125,140298.75,1241.1113187154647,1.3718788320389557,0.03384635776554004,118.37800777041365
95545,Humboldt County,40.710000000000015,-123.92999999999996,42,Risk Tier 41,1.0,2.5525,26406.75,2132.556975002469,0.0,0.07142857142857142,50.78700841694802
95546,Humboldt County,40.710000000000015,-123.92999999999996,42,Risk Tier 41,0.8909082007369798,2.1525,55799.0,1178.1503942409497,0.0,0.11826389401877523,120.33238047194664
95547,Humboldt County,40.710000000000015,-123.92999999999996,16,Risk Tier 30,1.0,0.73,178775.25,967.0235126853244,0.018282594666701315,0.004219409282700422,141.30588202083314
95548,Humboldt County,40.710000000000015,-123.92999999999996,16,Risk Tier 30,0.8240386098824025,1.645,66672.75,1016.6419079488237,0.0,0.04182209469153515,167.39663861111845
95549,Humboldt County,40.710000000000015,-123.92999999999996,38,Risk Tier 37,0.5529961673266973,2.25,192594.75,1673.0427262945434,0.9149296691194874,0.06850286380671922,272.4766531459296
95550,Humboldt County,40.710000000000015,-123.92999999999996,-1,Outlier/Anomalous,0.0,2.9074999999999998,7791.75,1305.075892857143,0.0,0.13392857142857142,117.48087110064745
95551,Humboldt County,40.710000000000015,-123.92999999999996,16,Risk Tier 30,0.8699497477066379,1.17,161236.75,818.7401415823302,0.12503385287772809,0.00392156862745098,181.9859259603326
95552,Humboldt County,40.710000000000015,-123.92999999999996,11,Risk Tier 39,0.5741155207538879,2.6075,59921.75,1330.504243598238,14.384958503940474,0.16263671691051518,92.08387516254876
95553,Humboldt County,40.710000000000015,-123.92999999999996,42,Risk Tier 41,1.0,2.6025,102329.0,1501.7333653511776,0.0,0.019237175216522316,54.24506129708442
95554,Humboldt County,40.710000000000015,-123.92999999999996,42,Risk Tier 41,1.0,2.6775,57825.5,1905.7518661041872,0.0,0.0125,77.31597042339754
95555,Humboldt County,40.710000000000015,-123.92999999999996,42,Risk Tier 41,1.0,1.715,35788.0,1221.9747247029227,0.0,0.029138513513513514,62.481112118464786
95556,Humboldt County,40.710000000000015,-123.92999999999996,-1,Outlier/Anomalous,0.0,2.8274999999999997,45683.0,1441.1970145819269,4.471324383995459,0.19017089202453025,82.03382898542257
95558,Humboldt County,40.710000000000015,-123.92999999999996,-1,Outlier/Anomalous,0.0,1.9075,59133.75,1416.7317900185285,2.526052186159325,0.026953748006379584,231.3385768346071
95559,Humboldt County,40.710000000000015,-123.92999999999996,-1,Outlier/Anomalous,0.0,2.8,13608.0,1881.925,0.0,0.15000000000000002,89.2606187729418
95560,Humboldt County,40.710000000000015,-123.92999999999996,42,Risk Tier 41,1.0,2.365,226697.75,1447.2101200761401,0.06825423624806093,0.0029069767441860465,59.59296285179969
95562,Humboldt County,40.710000000000015,-123.92999999999996,16,Risk Tier 30,1.0,1.04,370572.25,791.6060742348062,0.10605193998741304,0.0057659733480792084,94.52525062950625
95563,Humboldt County,40.710000000000015,-123.92999999999996,45,Risk Tier 45,0.7096535654266832,2.8,150305.25,1668.5904426634456,0.0,0.2760515840145388,101.30334244271599
95564,Humboldt County,40.710000000000015,-123.92999999999996,16,Risk Tier 30,0.48115534586573633,0.8375,12622.25,657.9813113485144,0.0,0.0,244.8647723382403
95565,Humboldt County,40.710000000000015,-123.92999999999996,38,Risk Tier 37,1.0,1.65,54393.5,861.7062731496563,0.3201906457322059,0.0048543689320388345,503.5669665167417
95567,Humboldt County,40.710000000000015,-123.92999999999996,16,Risk Tier 30,1.0,1.065,230243.25,1081.009056464513,0.06615467845886061,0.009363295880149813,133.52089112591872
95568,Humboldt County,40.710000000000015,-123.92999999999996,38,Risk Tier 37,0.6031961460772749,2.7225,7878.75,1401.8584905660377,0.0,0.1347708894878706,398.9446870451237
95569,Humboldt County,40.710000000000015,-123.92999999999996,16,Risk Tier 30,0.728571073857958,1.3875,24924.25,1210.5616199950166,0.0,0.016129032258064516,171.96227249281557
95570,Humboldt County,40.710000000000015,-123.92999999999996,16,Risk Tier 30,1.0,1.56,509819.5,1282.9192322616886,0.0,0.00196078431372549,135.52731178065176
95571,Humboldt County,40.710000000000015,-123.92999999999996,42,Risk Tier 41,1.0,2.5275,30494.75,1120.8740505424676,0.0,0.0,93.06270970180994
95573,Humboldt County,40.710000000000015,-123.92999999999996,42,Risk Tier 41,1.0,2.4875,330050.0,1378.100874842997,0.29594298086701265,0.053715506064367036,100.41886530406437
95585,Humboldt County,40.710000000000015,-123.92999999999996,42,Risk Tier 41,1.0,2.3025,38949.5,1829.282858917225,0.0,0.05923076923076923,75.77289452869769
95587,Humboldt County,40.710000000000015,-123.92999999999996,-1,Outlier/Anomalous,0.0,2.575,37390.25,2189.5623735024847,0.0,0.0,30.391031064909946
95589,Humboldt County,40.710000000000015,-123.92999999999996,42,Risk Tier 41,1.0,2.2025,405424.25,1399.221956843837,0.08200509826593058,0.04744302050645295,79.97670886075949
95595,Humboldt County,40.710000000000015,-123.92999999999996,40,Risk Tier 42,0.6556507984116934,2.6375,20603.0,2586.085248325162,3.198042761979801,0.0,31.285231116121757
95601,Sacramento County,38.45000000000002,-121.34000000000005,38,Risk Tier 37,0.612692535826713,1.84,77577.5,1563.4534006054866,0.0,0.0,243.8887679582064
95602,Sacramento County,38.45000000000002,-121.34000000000005,40,Risk Tier 42,1.0,2.22,4808994.0,1458.9900557703675,0.0866753306500974,0.09098199090754934,55.37109808424858
95603,Sacramento County,38.45000000000002,-121.34000000000005,-1,Outlier/Anomalous,0.0,1.7075,5959764.75,1294.3928538898592,0.16742418993742056,0.020696905283687825,57.11916096982386
95604,Sacramento County,38.45000000000002,-121.34000000000005,-1,Outlier/Anomalous,0.0,1.46,6195.0,6919.11111111111,0.0,0.7407407407407407,-100.0
95605,Sacramento County,38.45000000000002,-121.34000000000005,2,Risk Tier 10,1.0,0.22499999999999998,926760.5,791.4094183504973,0.2566717134364422,0.0,35.85467787693303
95606,Sacramento County,38.45000000000002,-121.34000000000005,38,Risk Tier 37,1.0,0.635,15570.0,1188.3452286159811,0.0,0.0,274.4415433710473
95607,Sacramento County,38.45000000000002,-121.34000000000005,-1,Outlier/Anomalous,0.0,0.86,35497.5,1305.4118107113889,0.3598061877667141,0.0,49.65504978662874
95608,Sacramento County,38.45000000000002,-121.34000000000005,2,Risk Tier 10,0.7985888133704119,0.2975,8298579.5,1065.0279744073941,0.19050349862657834,0.0,50.53107224416647
95610,Sacramento County,38.45000000000002,-121.34000000000005,2,Risk Tier 10,0.9639794504273346,0.2425,4475459.5,912.9768713047947,0.13267483046494974,0.0,44.97470096477448
95612,Sacramento County,38.45000000000002,-121.34000000000005,37,Risk Tier 19,0.9152533436243971,0.35,132492.75,1352.7376431052746,0.220221962938804,0.0,91.39259537680887
95613,Sacramento County,38.45000000000002,-121.34000000000005,-1,Outlier/Anomalous,0.0,2.0374999999999996,88945.75,1634.6069435085667,0.0,0.04724702380952381,123.85154738878144
95614,Sacramento County,38.45000000000002,-121.34000000000005,40,Risk Tier 42,0.9957293351622774,2.4475,1337045.75,1388.999778223566,0.0067024959811082885,0.10448817772709607,64.74219185681257
95615,Sacramento County,38.45000000000002,-121.34000000000005,-1,Outlier/Anomalous,0.0,0.3125,70887.0,1197.4738219473018,0.0,0.0,13.104255918409702
95616,Sacramento County,38.45000000000002,-121.34000000000005,2,Risk Tier 10,0.5415654615843167,0.315,3580242.25,960.9640845396259,0.3305592922548188,0.0,84.03038325754288
95618,Sacramento County,38.45000000000002,-121.34000000000005,2,Risk Tier 10,0.5415654615843167,0.2975,3092222.25,1032.2182588600047,0.16463737580955518,0.0,89.19975687780506
95619,Sacramento County,38.45000000000002,-121.34000000000005,-1,Outlier/Anomalous,0.0,2.1125,790572.25,1221.4753014913806,0.03504381410314204,0.028222958022462247,60.04119028872245
95620,Sacramento County,38.45000000000002,-121.34000000000005,2,Risk Tier 10,0.5415654615843167,0.255,2639479.75,960.56600547522,0.1655244769673405,0.0,70.08162926699578
95621,Sacramento County,38.45000000000002,-121.34000000000005,2,Risk Tier 10,0.8576964765589983,0.245,4139709.25,824.3992156733195,0.33988061165910577,0.00022838672894833688,53.94522493506271
95623,Sacramento County,38.45000000000002,-121.34000000000005,-1,Outlier/Anomalous,0.0,2.1025,1234029.25,1369.642601400246,0.4012179546711414,0.038174229231207606,56.22987361698628
95624,Sacramento County,38.45000000000002,-121.34000000000005,2,Risk Tier 10,0.9205513112682968,0.2225,10226099.75,1003.8820995271775,0.0957053457057439,0.0,47.97909954366339
95625,Sacramento County,38.45000000000002,-121.34000000000005,26,Risk Tier 14,0.26742559276731015,0.215,22611.75,952.3664042484122,0.0,0.0,128.6362050924311
95626,Sacramento County,38.45000000000002,-121.34000000000005,2,Risk Tier 10,1.0,0.2425,852779.5,939.1726784115826,0.2313088566553449,0.0,38.042589750433734
95627,Sacramento County,38.45000000000002,-121.34000000000005,2,Risk Tier 10,1.0,0.35,407928.5,876.3579978041748,0.13720048254910963,0.0,31.97174300927988
95628,Sacramento County,38.45000000000002,-121.34000000000005,2,Risk Tier 10,0.7985888133704119,0.3825,7272649.75,1105.940180964903,0.204151834788949,0.0002688440763288002,52.66815421179077
95629,Sacramento County,38.45000000000002,-121.34000000000005,-1,Outlier/Anomalous,0.0,2.565,346453.25,1818.9292234791842,0.0,0.10780233570750723,105.33356444868156
95630,Sacramento County,38.45000000000002,-121.34000000000005,2,Risk Tier 10,0.5112055651309446,0.535,11158143.0,1052.2046330219289,0.0803020576870504,0.0007244665282106796,68.7585525975961
95631,Sacramento County,38.45000000000002,-121.34000000000005,40,Risk Tier 42,1.0,2.86,1383796.25,1177.7427635581987,0.1772830475480238,0.09806266175023146,9.45265686044115
95632,Sacramento County,38.45000000000002,-121.34000000000005,2,Risk Tier 10,0.5415654615843167,0.255,3855646.5,889.4916675358963,0.15330916785307386,0.0,67.63620296165881
95633,Sacramento County,38.45000000000002,-121.34000000000005,44,Risk Tier 44,1.0,2.8475,796247.75,1372.7112407264942,0.012523151299389915,0.24009380196157215,36.14950661753747
95634,Sacramento County,38.45000000000002,-121.34000000000005,44,Risk Tier 44,1.0,2.8525,824766.5,1411.4181719895728,0.029786564624002053,0.1813041391888705,27.302586068544926
95635,Sacramento County,38.45000000000002,-121.34000000000005,40,Risk Tier 42,1.0,2.895,286762.75,1398.7479131064833,0.2062750921882276,0.08151912322482027,34.31547919484767
95636,Sacramento County,38.45000000000002,-121.34000000000005,11,Risk Tier 39,0.6608823211425938,2.835,438734.0,1195.7216954193034,33.98992052650276,0.15293964610817057,144.42685211409386
95637,Sacramento County,38.45000000000002,-121.34000000000005,26,Risk Tier 14,0.26742559276731015,0.5449999999999999,61863.25,1351.2324437516222,0.7751354899984462,0.0,149.7661593360547
95638,Sacramento County,38.45000000000002,-121.34000000000005,37,Risk Tier 19,0.9152533436243971,0.385,365186.75,1269.3850359182188,0.38926950200565935,0.0015105740181268882,78.32337970056882
95639,Sacramento County,38.45000000000002,-121.34000000000005,2,Risk Tier 10,0.5415654615843167,0.23249999999999998,19105.5,835.5961896990458,0.0,0.0,79.81873974166845
95640,Sacramento County,38.45000000000002,-121.34000000000005,26,Risk Tier 14,0.26742559276731015,0.97,1540428.25,1046.3285393913302,0.27892673583699695,0.002030083114551168,122.80910754051746
95641,Sacramento County,38.45000000000002,-121.34000000000005,2,Risk Tier 10,0.5713399876524926,0.2825,145316.75,870.2014983318963,0.0,0.0,50.799156517622755
95642,Sacramento County,38.45000000000002,-121.34000000000005,39,Risk Tier 38,0.7414389231162297,1.7475,1670917.0,1325.0258939497783,0.2071064792392569,0.04316781160004661,95.66254392470249
95644,Sacramento County,38.45000000000002,-121.34000000000005,39,Risk Tier 38,1.0,2.0,578.75,579.9494949494949,0.0,0.0,89.71291866028707
95645,Sacramento County,38.45000000000002,-121.34000000000005,2,Risk Tier 10,0.5415654615843167,0.315,126227.5,799.824774839372,0.0,0.0,66.11783799944476
95646,Sacramento County,38.45000000000002,-121.34000000000005,27,Risk Tier 36,0.6699980373570021,2.5075,285373.0,3006.287757464667,0.011556406435059532,0.042266143108282785,165.4254075669025
95648,Sacramento County,38.45000000000002,-121.34000000000005,2,Risk Tier 10,0.5415654615843167,0.4225,9453394.25,1000.5086263426817,0.1564431810872433,0.0029330763964294485,66.91810576236338
95650,Sacramento County,38.45000000000002,-121.34000000000005,39,Risk Tier 38,1.0,1.3875,3651206.25,1517.2661455044904,0.07401204011674274,0.009762194770695926,72.0134214776342
95651,Sacramento County,38.45000000000002,-121.34000000000005,40,Risk Tier 42,0.9679304243344002,2.5100000000000002,183797.25,1651.3239881333993,0.0,0.0638571777560369,49.447690706795804
95653,Sacramento County,38.45000000000002,-121.34000000000005,2,Risk Tier 10,1.0,0.27,36618.5,684.3313313815646,0.0,0.0,38.682012370082255
95655,Sacramento County,38.45000000000002,-121.34000000000005,2,Risk Tier 10,0.7985888133704119,0.33,626808.75,992.5586779632691,0.0036964376465405484,0.001731250176761249,49.25188983223716
95656,Sacramento County,38.45000000000002,-121.34000000000005,40,Risk Tier 42,0.9444308374882202,2.8049999999999997,110553.5,1949.9618911580683,0.20946144636518305,0.05527447508221604,31.936188535781053
95658,Sacramento County,38.45000000000002,-121.34000000000005,39,Risk Tier 38,0.7414389231162297,1.825,2025346.25,1541.0141856836417,0.35807265588452475,0.020531506689771724,59.078598895755086
95659,Sacramento County,38.45000000000002,-121.34000000000005,-1,Outlier/Anomalous,0.0,0.285,96519.25,1350.164256571152,0.0,0.0,60.0840500646037
95660,Sacramento County,38.45000000000002,-121.34000000000005,2,Risk Tier 10,1.0,0.1875,2403737.5,748.7467358161858,0.42066284312359287,0.0,52.99776677039013
95661,Sacramento County,38.45000000000002,-121.34000000000005,2,Risk Tier 10,0.7985888133704119,0.39249999999999996,4623783.0,1004.8495598721788,0.07850867035456567,9.817396426467701e-05,51.59430071867226
95662,Sacramento County,38.45000000000002,-121.34000000000005,2,Risk Tier 10,0.7985888133704119,0.355,4853218.75,941.8309608828522,0.14345484623422747,0.00022423836392339958,56.16910128613547
95663,Sacramento County,38.45000000000002,-121.34000000000005,39,Risk Tier 38,1.0,1.5725,776175.0,1489.750952674353,0.06244671384382342,0.0,71.96785444459394
95664,Sacramento County,38.45000000000002,-121.34000000000005,40,Risk Tier 42,0.8596742341956782,2.705,388761.25,1898.8511075999736,0.06429337925583696,0.10005012527637061,38.16429932305003
95665,Sacramento County,38.45000000000002,-121.34000000000005,44,Risk Tier 44,1.0,2.8575,1111365.75,1343.6200277338169,0.0,0.19743599011171875,71.5335565064124
95666,Sacramento County,38.45000000000002,-121.34000000000005,44,Risk Tier 44,1.0,2.9450000000000003,1851171.25,1274.9085190980763,0.1298490556512949,0.18438955551231553,37.960436852204495
95667,Sacramento County,38.45000000000002,-121.34000000000005,40,Risk Tier 42,1.0,2.5774999999999997,8993751.75,1414.2008981540766,0.14900262569254263,0.0787077085978464,45.91586698359015
95668,Sacramento County,38.45000000000002,-121.34000000000005,-1,Outlier/Anomalous,0.0,0.27,90780.5,1414.8234544380628,0.0,0.0,33.386006834707985
95669,Sacramento County,38.45000000000002,-121.34000000000005,39,Risk Tier 38,1.0,1.5175,571552.75,1432.3812004709282,0.0033798725359419,0.016747028804973686,153.4118771183385
95670,Sacramento County,38.45000000000002,-121.34000000000005,2,Risk Tier 10,0.5415654615843167,0.39,5380480.75,865.5849261245505,0.27386708936179643,0.0,58.29125959421669
95672,Sacramento County,38.45000000000002,-121.34000000000005,40,Risk Tier 42,0.9835176718711396,2.105,1463041.0,1584.0278701770674,0.4250534227253509,0.05086873375153152,62.1945680887982
95673,Sacramento County,38.45000000000002,-121.34000000000005,2,Risk Tier 10,1.0,0.2475,1844535.25,850.8610457315871,0.22235488829345276,0.0,45.190453150579614
95674,Sacramento County,38.45000000000002,-121.34000000000005,-1,Outlier/Anomalous,0.0,0.3025,91784.25,1305.0939315234864,0.43181672293927775,0.0,27.841557973192284
95675,Sacramento County,38.45000000000002,-121.34000000000005,40,Risk Tier 42,1.0,2.96,49787.5,1042.7958426231771,0.0,0.111932623918191,63.44745222929936
95676,Sacramento County,38.45000000000002,-121.34000000000005,2,Risk Tier 10,0.8974888887956484,0.2225,34078.25,918.5790937820759,0.0,0.0,39.36421933404205
95677,Sacramento County,38.45000000000002,-121.34000000000005,2,Risk Tier 10,0.5013994817132579,0.71,3839102.25,1010.6420486812897,0.1648692156417466,0.0014697921331872656,55.39112085773533
95678,Sacramento County,38.45000000000002,-121.34000000000005,2,Risk Tier 10,1.0,0.275,4568105.25,892.5684728971478,0.1317920590946896,9.048136083966703e-05,41.247301921558304
95679,Sacramento County,38.45000000000002,-121.34000000000005,26,Risk Tier 14,0.21296578373137467,1.045,8884.75,1127.1555484537275,0.0,0.0,172.43491577335374
95680,Sacramento County,38.45000000000002,-121.34000000000005,26,Risk Tier 14,0.26742559276731015,0.1775,10290.75,1341.1606014638128,0.0,0.0,208.899131359688
95681,Sacramento County,38.45000000000002,-121.34000000000005,35,Risk Tier 31,1.0,1.1925,167267.5,978.0035200129578,0.024538220087628782,0.00273224043715847,45.62187536332984
95682,Sacramento County,38.45000000000002,-121.34000000000005,39,Risk Tier 38,0.904410203090871,1.875,7241971.5,1441.6051599557622,0.093960818116182,0.028256049291131458,74.63971518260017
95683,Sacramento County,38.45000000000002,-121.34000000000005,37,Risk Tier 19,0.9152533436243971,0.8,1722880.5,1391.5082135205794,0.08219804666801915,0.0010689186102477506,69.36600238597099
95684,Sacramento County,38.45000000000002,-121.34000000000005,40,Risk Tier 42,0.9657289212396044,2.7975000000000003,980654.5,1704.0663319316295,0.8024170724498719,0.08174906523953536,84.71080411248425
95685,Sacramento County,38.45000000000002,-121.34000000000005,40,Risk Tier 42,0.7211638297906414,2.0275,1207921.5,1404.5947585681056,0.023443868066705526,0.057375253791888486,95.18415092834867
95686,Sacramento County,38.45000000000002,-121.34000000000005,2,Risk Tier 10,0.5415654615843167,0.205,82511.5,948.8313845972513,0.3445739236845033,0.0,76.79510923901464
95687,Sacramento County,38.45000000000002,-121.34000000000005,2,Risk Tier 10,0.5415654615843167,0.2375,7993813.75,952.0699020183715,0.13372443106084467,0.0,73.45368063229813
95688,Sacramento County,38.45000000000002,-121.34000000000005,12,Risk Tier 35,1.0,0.5625,7001203.5,1167.8782705989643,5.586707088863886,0.0022029971346216553,70.94519839540764
95689,Sacramento County,38.45000000000002,-121.34000000000005,44,Risk Tier 44,1.0,2.6925,547450.25,1506.4601490132427,0.0,0.1841411806499495,59.8504204543417
95690,Sacramento County,38.45000000000002,-121.34000000000005,-1,Outlier/Anomalous,0.0,0.39749999999999996,245867.5,1311.5799115630518,0.8306794630580464,0.0,8.03666551933258
95691,Sacramento County,38.45000000000002,-121.34000000000005,2,Risk Tier 10,0.9702882629330023,0.225,4585191.5,925.1599692057291,0.13096510468317105,0.0,50.442621077510616
95692,Sacramento County,38.45000000000002,-121.34000000000005,2,Risk Tier 10,0.7985888133704119,0.4625,529506.0,981.9472609665718,0.5822805140979219,0.0016585983056441852,54.465120917003404
95693,Sacramento County,38.45000000000002,-121.34000000000005,37,Risk Tier 19,0.9152533436243971,0.4425,1758515.75,1514.2740841073737,0.2860873932176983,0.0007410177339079171,76.68557445990287
95694,Sacramento County,38.45000000000002,-121.34000000000005,-1,Outlier/Anomalous,0.0,0.4375,1253682.5,1001.2309583899932,3.0306015599869514,0.002021702252208394,97.94630075765511
95695,Sacramento County,38.45000000000002,-121.34000000000005,2,Risk Tier 10,0.42645504314497445,0.305,4099675.75,852.281203016116,0.1492138168687237,0.0,60.32496876144786
95696,Sacramento County,38.45000000000002,-121.34000000000005,4,Risk Tier 20,0.9907179561137693,0.8066666666666666,530.3333333333334,1223.8461538461538,0.0,0.0,-100.0
95697,Sacramento County,38.45000000000002,-121.34000000000005,26,Risk Tier 14,0.22428046382658376,0.1875,29667.25,848.7459528849472,0.0,0.0,127.77156251664803
95698,Sacramento County,38.45000000000002,-121.34000000000005,-1,Outlier/Anomalous,0.0,0.55,37336.25,1218.7239514699615,2.32110683567225,0.0,93.38017174082748
95699,Sacramento County,38.45000000000002,-121.34000000000005,38,Risk Tier 37,1.0,1.955,29493.75,1238.8844228429025,0.0,0.0,516.0886007563479
95701,Sacramento County,38.45000000000002,-121.34000000000005,44,Risk Tier 44,1.0,2.965,305174.75,1661.3621822037867,0.0,0.18581882507531505,75.67679755094629
95703,Sacramento County,38.45000000000002,-121.34000000000005,40,Risk Tier 42,1.0,2.6475,436856.0,1450.8475373512856,0.0,0.0865338635206665,16.88205179183856
95709,Sacramento County,38.45000000000002,-121.34000000000005,40,Risk Tier 42,1.0,2.59,1405101.0,1470.8159169793425,0.49422442824209056,0.05411459706940039,40.0840555967733
95712,Sacramento County,38.45000000000002,-121.34000000000005,12,Risk Tier 35,1.0,2.3925,5939.25,1546.711115168894,6.550723666577325,0.0,-13.734104046242773
95713,Sacramento County,38.45000000000002,-121.34000000000005,40,Risk Tier 42,1.0,2.6925,2040535.75,1416.8113214427942,0.9947752140587615,0.1058415053054857,29.653298781403812
95714,Sacramento County,38.45000000000002,-121.34000000000005,-1,Outlier/Anomalous,0.0,2.7975000000000003,120300.5,1495.4785790288613,0.0,0.058856366920970495,138.09349604118216
95715,Sacramento County,38.45000000000002,-121.34000000000005,40,Risk Tier 42,1.0,2.91,50138.25,1464.9288742648762,0.0,0.043055555555555555,85.37522001173396
95716,Sacramento County,38.45000000000002,-121.34000000000005,23,Risk Tier 32,0.6029188900383009,0.0,1769.75,3171.5,0.0,0.0,-100.0
95717,Sacramento County,38.45000000000002,-121.34000000000005,44,Risk Tier 44,1.0,2.9225000000000003,61223.75,1636.8799233560514,0.0,0.1666177286499986,36.11121127979517
95720,Sacramento County,38.45000000000002,-121.34000000000005,12,Risk Tier 35,1.0,2.63,221647.25,1355.7301826438143,4.531463242825544,0.024604287970468472,1.9700172120109514
95721,Sacramento County,38.45000000000002,-121.34000000000005,11,Risk Tier 39,1.0,2.545,71019.75,1325.9476135306252,26.075854402383946,0.0703227931488801,324.3907258595705
95722,Sacramento County,38.45000000000002,-121.34000000000005,40,Risk Tier 42,0.7852786406337408,2.7575000000000003,1764809.75,1651.724969944495,0.03053053712760613,0.11522290778773045,42.995964062561804
95724,Sacramento County,38.45000000000002,-121.34000000000005,42,Risk Tier 41,0.764346656188925,2.5575,208913.5,2722.2061317021385,0.0,0.1367808009200334,67.77029697920253
95726,Sacramento County,38.45000000000002,-121.34000000000005,40,Risk Tier 42,1.0,2.9475000000000002,2396923.25,1283.2515563364043,0.4781014110393472,0.09414314997479484,-0.5978903481210518
95728,Sacramento County,38.45000000000002,-121.34000000000005,-1,Outlier/Anomalous,0.0,2.58,871208.25,1712.223245895835,0.043089772899274056,0.06754573414988856,197.8187181411235
95730,Sacramento County,38.45000000000002,-121.34000000000005,4,Risk Tier 20,1.0,1.715,2729.5,1186.93893129771,0.0,0.0,-84.35869266684976
95735,Sacramento County,38.45000000000002,-121.34000000000005,11,Risk Tier 39,1.0,2.5949999999999998,206227.75,1432.8139674358101,18.93533850157118,0.06687049058038587,157.81438608437276
95736,Sacramento County,38.45000000000002,-121.34000000000005,40,Risk Tier 42,1.0,2.7199999999999998,139325.75,1699.5094673258905,0.0,0.04637016354208217,76.97282364144368
95742,Sacramento County,38.45000000000002,-121.34000000000005,2,Risk Tier 10,0.5415654615843167,0.3625,2176604.0,835.9088371126913,0.07214801555512745,0.00015527950310559007,90.98998063702875
95746,Sacramento County,38.45000000000002,-121.34000000000005,39,Risk Tier 38,1.0,1.2625,7278328.5,1725.028801523989,0.14538422506441837,0.009003047113675725,61.09952026418546
95747,Sacramento County,38.45000000000002,-121.34000000000005,2,Risk Tier 10,0.5415654615843167,0.26,11631849.75,926.9748594043269,0.07268109809049364,0.00048368504304666294,69.07794251811553
95757,Sacramento County,38.45000000000002,-121.34000000000005,2,Risk Tier 10,0.6289506298486474,0.19,7134702.75,941.4766470666655,0.027977578496111065,0.0,57.77076221067643
95758,Sacramento County,38.45000000000002,-121.34000000000005,2,Risk Tier 10,0.9702882629330023,0.1975,8684205.25,927.4358009761204,0.13509577419475616,0.0,48.70535276397979
95762,Sacramento County,38.45000000000002,-121.34000000000005,39,Risk Tier 38,0.75518838300603,1.1675,13118505.75,1467.9810797882255,0.10301518978229186,0.011851408888737609,78.1107152829292
95765,Sacramento County,38.45000000000002,-121.34000000000005,2,Risk Tier 10,0.5415654615843167,0.44,5607003.25,1030.9870928603646,0.14975077587307475,0.0007768541661327955,72.9849294596667
95776,Sacramento County,38.45000000000002,-121.34000000000005,2,Risk Tier 10,0.5415654615843167,0.2475,2563213.25,745.6237777055283,0.059888826979481266,0.0,89.142631943522
95811,Sacramento County,38.45000000000002,-121.34000000000005,2,Risk Tier 10,0.7985888133704119,0.3225,230429.75,986.5028494601377,0.09347309384317078,0.0,58.63840577712852
95814,Sacramento County,38.45000000000002,-121.34000000000005,2,Risk Tier 10,0.7985888133704119,0.28,162836.5,990.7742765643137,0.285607999684867,0.0,56.16054121850177
95815,Sacramento County,38.45000000000002,-121.34000000000005,2,Risk Tier 10,1.0,0.215,1421947.75,771.7042834943338,0.2899244007087554,0.0,50.96591223969719
95816,Sacramento County,38.45000000000002,-121.34000000000005,2,Risk Tier 10,0.7985888133704119,0.32,1618065.5,1057.0491454836067,0.37643677376838397,0.0,49.98550952329383
95817,Sacramento County,38.45000000000002,-121.34000000000005,2,Risk Tier 10,1.0,0.23,1258838.25,797.64828604638,0.04884371251288729,0.0,52.62877839296276
95818,Sacramento County,38.45000000000002,-121.34000000000005,2,Risk Tier 10,0.7502439474011148,0.3,3260330.0,1070.5485693555368,0.03571554627176009,0.0,45.289846026343845
95819,Sacramento County,38.45000000000002,-121.34000000000005,2,Risk Tier 10,0.7164520209946971,0.3025,3412557.75,1027.191204836589,0.02774660285920899,0.0,38.915488733858126
95820,Sacramento County,38.45000000000002,-121.34000000000005,2,Risk Tier 10,1.0,0.225,3305328.25,771.9232493378182,0.4852866859701658,0.0,49.83194976466227
95821,Sacramento County,38.45000000000002,-121.34000000000005,2,Risk Tier 10,0.9702882629330023,0.2525,3516376.75,936.1170331425802,0.10976371134514434,0.0,50.2823585737702
95822,Sacramento County,38.45000000000002,-121.34000000000005,2,Risk Tier 10,1.0,0.25,5208387.75,849.923836310704,0.30920437807948825,0.0,34.01765216696388
95823,Sacramento County,38.45000000000002,-121.34000000000005,2,Risk Tier 10,0.936515547129071,0.185,5315001.75,810.9704792458206,0.23477900263902013,0.0,44.921422321434726
95824,Sacramento County,38.45000000000002,-121.34000000000005,2,Risk Tier 10,0.8433216964259314,0.2225,1619851.75,725.5719429097954,0.2787481294361602,0.0,34.652127944044224
95825,Sacramento County,38.45000000000002,-121.34000000000005,2,Risk Tier 10,0.7975568696409746,0.25,922361.25,829.0782466989725,0.287057837036754,0.0,54.21508931702568
95826,Sacramento County,38.45000000000002,-121.34000000000005,2,Risk Tier 10,0.8783145433074098,0.23000000000000004,3830609.5,849.8103155585582,0.15712404737455196,0.0,52.932519829563006
95827,Sacramento County,38.45000000000002,-121.34000000000005,2,Risk Tier 10,0.4757876800934714,0.2375,1779136.0,828.5310773167976,0.18025374393874213,0.0,57.03693219171143
95828,Sacramento County,38.45000000000002,-121.34000000000005,2,Risk Tier 10,1.0,0.2125,5137173.25,826.166912805994,0.29104265893538384,0.0,36.69491296609941
95829,Sacramento County,38.45000000000002,-121.34000000000005,2,Risk Tier 10,0.9702882629330023,0.2525,4200764.25,934.7267752010655,0.26475366020815794,0.0,49.23609917037213
95830,Sacramento County,38.45000000000002,-121.34000000000005,-1,Outlier/Anomalous,0.0,0.6174999999999999,170804.75,1437.8374901625873,0.01860396477937921,0.0,41.054106937178226
95831,Sacramento County,38.45000000000002,-121.34000000000005,2,Risk Tier 10,0.9702882629330023,0.21,7116615.0,1020.3919979130307,0.12123620113214992,0.0,33.49381615381362
95832,Sacramento County,38.45000000000002,-121.34000000000005,2,Risk Tier 10,1.0,0.3225,820869.0,774.0708591735685,0.05888541356502319,0.0,44.94484832179844
95833,Sacramento County,38.45000000000002,-121.34000000000005,2,Risk Tier 10,1.0,0.2,3306141.75,845.0142039945451,0.20318664440196918,0.0,42.54323432704354
95834,Sacramento County,38.45000000000002,-121.34000000000005,2,Risk Tier 10,0.5034806370914837,0.21250000000000002,2730456.75,802.3108062705389,0.06157883206859233,0.0,64.89709658516313
95835,Sacramento County,38.45000000000002,-121.34000000000005,2,Risk Tier 10,0.9702882629330023,0.21,5298894.75,976.8431220017834,0.12614479206031542,0.0,46.98720710345715
95836,Sacramento County,38.45000000000002,-121.34000000000005,38,Risk Tier 37,0.7846062000976982,0.5,318.25,499.1546391752577,0.0,0.0,1980.0
95837,Sacramento County,38.45000000000002,-121.34000000000005,-1,Outlier/Anomalous,0.0,0.27249999999999996,88561.25,1874.428119626616,0.0,0.0,33.03308090872858
95838,Sacramento County,38.45000000000002,-121.34000000000005,2,Risk Tier 10,1.0,0.20500000000000002,2743518.0,757.1154381205951,0.24950335600067403,0.0,52.33293742088829
95841,Sacramento County,38.45000000000002,-121.34000000000005,2,Risk Tier 10,0.9981099913900732,0.2275,1339630.5,928.830097506513,0.34903088010448063,0.0,40.12217328401502
95842,Sacramento County,38.45000000000002,-121.34000000000005,2,Risk Tier 10,1.0,0.2075,2403371.5,767.9582427946559,0.17423406090970456,0.0,49.700888889118424
95843,Sacramento County,38.45000000000002,-121.34000000000005,2,Risk Tier 10,0.9702882629330023,0.27749999999999997,5038810.0,902.099802065764,0.1080168038285254,0.0,47.30980958308868
95864,Sacramento County,38.45000000000002,-121.34000000000005,-1,Outlier/Anomalous,0.0,0.33999999999999997,5232009.25,1290.97327239489,0.13113465152402312,0.0,50.31073091430175
95901,Butte County,39.67,-121.59999999999992,41,Risk Tier 15,1.0,0.455,3520047.75,990.5170334997995,0.24209964198911646,0.0032734086166693044,59.9379703385437
95910,Butte County,39.67,-121.59999999999992,40,Risk Tier 42,0.6556507984116934,2.8375,13466.25,1330.3613915740716,0.0,0.0,0.9418808411214954
95912,Butte County,39.67,-121.59999999999992,41,Risk Tier 15,0.9289526756976433,0.2275,538071.25,944.7064070800365,0.30101706852955123,0.0,28.306659881283956
95913,Butte County,39.67,-121.59999999999992,41,Risk Tier 15,1.0,0.125,35373.25,981.6620582636111,0.22385177009932933,0.0,75.89129055138687
95914,Butte County,39.67,-121.59999999999992,-1,Outlier/Anomalous,0.0,2.2125,129095.5,1626.6404199728013,1.3819186665296954,0.05448028673835126,58.07255915367843
95915,Butte County,39.67,-121.59999999999992,40,Risk Tier 42,0.6556507984116934,2.5700000000000003,4280.25,1964.0539499036609,0.0,0.0,-5.112699285321605
95916,Butte County,39.67,-121.59999999999992,11,Risk Tier 39,0.592622314785799,2.7875,341991.0,1519.9387062505211,33.153688929964865,0.15548432755268693,3.071065789369752
95917,Butte County,39.67,-121.59999999999992,41,Risk Tier 15,1.0,0.255,426002.25,948.260101726808,0.45039667866720795,0.0,56.26529722224694
95918,Butte County,39.67,-121.59999999999992,42,Risk Tier 41,0.835830680648576,2.0975,692523.25,1748.508977043694,0.6256178087365383,0.06748325969673709,144.72870322086072
95919,Butte County,39.67,-121.59999999999992,40,Risk Tier 42,1.0,2.735,166503.75,1286.3156877546978,0.35231160916792614,0.07361581061535903,26.357557593842845
95920,Butte County,39.67,-121.59999999999992,-1,Outlier/Anomalous,0.0,0.2525,34698.0,2390.5624531060357,0.0,0.0,1.6827820186598812
95922,Butte County,39.67,-121.59999999999992,-1,Outlier/Anomalous,0.0,2.9475000000000002,96582.0,1949.5439590299445,0.0,0.12981158651360813,55.42086001829826
95923,Butte County,39.67,-121.59999999999992,12,Risk Tier 35,0.9933904911403448,2.87,81240.25,1573.338036185628,4.826919164950288,0.05022127180257785,137.1382054992764
95924,Butte County,39.67,-121.59999999999992,40,Risk Tier 42,0.6556507984116934,2.025,14164.25,1140.3468497939339,0.0,0.0,36.11006407840181
95925,Butte County,39.67,-121.59999999999992,40,Risk Tier 42,1.0,2.875,50442.5,1446.1517319203745,0.0,0.0833976833976834,2.487054762278362
95926,Butte County,39.67,-121.59999999999992,41,Risk Tier 15,1.0,0.3425,4125033.25,1007.9039029793685,0.37015207073521283,0.0,52.45887625814878
95927,Butte County,39.67,-121.59999999999992,4,Risk Tier 20,0.5528524533844569,0.0,264.3333333333333,1496.2264150943395,0.0,0.0,-100.0
95928,Butte County,39.67,-121.59999999999992,12,Risk Tier 35,1.0,0.7,4473238.75,1113.5386148388038,4.311699199733076,0.003105519146863696,58.579519173625236
95930,Butte County,39.67,-121.59999999999992,-1,Outlier/Anomalous,0.0,2.7199999999999998,78903.25,1197.6358653893624,2.2248707230694786,0.03136582113148066,63.02153648344584
95932,Butte County,39.67,-121.59999999999992,41,Risk Tier 15,0.6113363105143386,0.31,899468.0,989.6599506539211,0.0020148586559554566,0.001112876577949754,5.138529276759971
95934,Butte County,39.67,-121.59999999999992,11,Risk Tier 39,1.0,2.2375,71264.0,1526.5299278181628,16.003389935822923,0.01726660813579163,146.30189773763155
95935,Butte County,39.67,-121.59999999999992,42,Risk Tier 41,0.7503754679840628,2.6774999999999998,114331.25,1367.7977504214637,0.0,0.10800721293620902,102.85418419519772
95936,Butte County,39.67,-121.59999999999992,45,Risk Tier 45,0.7268847271487409,2.825,112003.5,1602.9065645891296,0.0,0.2622778409262246,98.50201315427513
95937,Butte County,39.67,-121.59999999999992,41,Risk Tier 15,1.0,0.27749999999999997,85863.25,862.6674971505707,0.036713927743592834,0.0,87.79204210190575
95938,Butte County,39.67,-121.59999999999992,41,Risk Tier 15,1.0,0.39,677751.75,1321.4412443641718,0.4962682228828637,0.0,71.95581689722172
95939,Butte County,39.67,-121.59999999999992,12,Risk Tier 35,0.8188076251023828,1.5274999999999999,42659.5,1352.6000690870917,8.92885710883071,0.053613053613053616,38.33314279181433
95940,Butte County,39.67,-121.59999999999992,-1,Outlier/Anomalous,0.0,3.15,7229.25,2067.2379032258063,7.9681410588032415,0.30107526881720426,40.73107049608355
95941,Butte County,39.67,-121.59999999999992,40,Risk Tier 42,1.0,2.565,62127.25,1465.7081706595125,0.04402869470662253,0.04842601789473387,14.393007876109134
95942,Butte County,39.67,-121.59999999999992,-1,Outlier/Anomalous,0.0,2.8225000000000002,527923.0,1631.785112499363,0.22036452345697324,0.13662391415021322,73.58852278407905
95943,Butte County,39.67,-121.59999999999992,41,Risk Tier 15,0.9510286330263351,0.4,27438.5,1369.259390365293,0.0,0.0,38.86212333566924
95944,Butte County,39.67,-121.59999999999992,40,Risk Tier 42,1.0,2.8,8753.5,1245.158941178453,0.0,0.0625,23.71608527131783
95945,Butte County,39.67,-121.59999999999992,-1,Outlier/Anomalous,0.0,2.4175,4881696.0,1336.433574677303,0.511425513790364,0.07561181277179774,73.31385121656204
95946,Butte County,39.67,-121.59999999999992,42,Risk Tier 41,0.7878479962544276,2.255,3330267.25,1574.2058798479277,0.1429812809799644,0.0716434651897366,94.53741106525851
95947,Butte County,39.67,-121.59999999999992,11,Risk Tier 39,0.8299934095871093,2.05,472686.75,1484.3812339437266,25.68079266542947,0.01944636310504224,232.93391716610094
95948,Butte County,39.67,-121.59999999999992,41,Risk Tier 15,1.0,0.325,1235713.25,949.7155682745616,0.6446451844890181,0.0,59.05062525253146
95949,Butte County,39.67,-121.59999999999992,40,Risk Tier 42,0.8822675917309737,2.6325,5025020.5,1420.6557323204142,0.3991893836716568,0.085377363614313,46.986211610356335
95950,Butte County,39.67,-121.59999999999992,41,Risk Tier 15,1.0,0.2225,22018.75,970.6814428558469,0.0,0.0,81.80400474081468
95951,Butte County,39.67,-121.59999999999992,41,Risk Tier 15,1.0,0.2025,202605.0,828.2370211244622,0.3802437768882487,0.0,62.37948678735511
95953,Butte County,39.67,-121.59999999999992,41,Risk Tier 15,1.0,0.29000000000000004,1088718.75,882.087691089053,0.17659076641832405,0.0,57.40076741862617
95954,Butte County,39.67,-121.59999999999992,11,Risk Tier 39,1.0,2.65,1862915.25,1232.800262349633,29.739912593525997,0.048515738675485504,-27.967820836229855
95955,Butte County,39.67,-121.59999999999992,41,Risk Tier 15,0.7085041000374473,0.1625,116681.0,1005.1027733085664,0.0,0.0,16.639175449877456
95956,Butte County,39.67,-121.59999999999992,42,Risk Tier 41,0.9630126887939203,2.5325,188824.0,1731.409153891609,1.0665801823800984,0.013724262566907144,102.09738982920153
95957,Butte County,39.67,-121.59999999999992,41,Risk Tier 15,0.9419493478574789,0.335,65596.0,1166.2345899230504,0.0,0.0,42.17450112097237
95958,Butte County,39.67,-121.59999999999992,26,Risk Tier 14,0.26742559276731015,0.325,8167.0,1126.6617161716172,0.0,0.0,142.84486463257414
95959,Butte County,39.67,-121.59999999999992,-1,Outlier/Anomalous,0.0,2.79,5654491.5,1703.4044882794874,0.06820142509150237,0.15895516960773765,58.722044882089094
95960,Butte County,39.67,-121.59999999999992,40,Risk Tier 42,0.7588175281887428,2.8025,155783.25,1736.0794918894621,0.2275842601313996,0.11982524839932934,3.028860063651268
95961,Butte County,39.67,-121.59999999999992,41,Risk Tier 15,1.0,0.20500000000000002,2850285.5,877.325070626819,0.1662207322066912,0.0001359064963305246,61.69911477138811
95962,Butte County,39.67,-121.59999999999992,-1,Outlier/Anomalous,0.0,2.6825,230673.75,1638.5433512314653,3.1910451418312484,0.05836027332539698,71.7073058493963
95963,Butte County,39.67,-121.59999999999992,41,Risk Tier 15,1.0,0.325,1593837.25,898.7734142544073,0.5120471380701813,0.0,70.48131516380026
95965,Butte County,39.67,-121.59999999999992,12,Risk Tier 35,1.0,0.7675000000000001,2183076.5,1129.0550823865524,4.303249010600583,0.009318274611893766,57.333355750585646
95966,Butte County,39.67,-121.59999999999992,40,Risk Tier 42,0.6556507984116934,1.7575,4982868.25,1193.851743171841,0.7552400192316173,0.022172347654808203,48.999506020285246
95967,Butte County,39.67,-121.59999999999992,4,Risk Tier 20,1.0,0.6666666666666666,46.333333333333336,817.6470588235294,0.0,0.0,-100.0
95968,Butte County,39.67,-121.59999999999992,41,Risk Tier 15,1.0,0.2525,160535.5,1006.3986000012392,0.0,0.0,81.50742265575619
95969,Butte County,39.67,-121.59999999999992,11,Risk Tier 39,1.0,2.315,4481753.5,1136.8336731108639,67.7681905312678,0.01552101073699266,-64.27933733254069
95970,Butte County,39.67,-121.59999999999992,41,Risk Tier 15,0.9510286330263351,0.16749999999999998,52535.75,998.6308662575251,0.012144583211002959,0.0,33.81964362338806
95971,Butte County,39.67,-121.59999999999992,43,Risk Tier 34,0.9940968393216489,1.74,1419381.25,1359.869411216816,0.49581731726824757,0.026118225121061007,138.35052157082984
95972,Butte County,39.67,-121.59999999999992,40,Risk Tier 42,0.6556507984116934,2.7199999999999998,22809.25,1245.4655383242937,0.10798735221336266,0.0,10.057282373931825
95973,Butte County,39.67,-121.59999999999992,41,Risk Tier 15,1.0,0.5625,5204884.5,1027.8778691368323,0.240728387128957,0.003558817398252553,66.60526239116913
95974,Butte County,39.67,-121.59999999999992,26,Risk Tier 14,0.26742559276731015,0.2325,44216.5,1106.9448189059317,0.0,0.0,146.9879518072289
95975,Butte County,39.67,-121.59999999999992,44,Risk Tier 44,1.0,2.885,350566.5,1450.469882046255,0.0,0.19650176534751487,55.6315073915363
95977,Butte County,39.67,-121.59999999999992,42,Risk Tier 41,0.7239414784831023,2.2175,319239.0,1437.3224109055418,0.08908513086518968,0.08561099085534352,97.28918639651377
95978,Butte County,39.67,-121.59999999999992,40,Risk Tier 42,0.6556507984116934,2.3899999999999997,44458.5,1173.0423716930359,0.7771575441739405,0.0,64.58669587272308
95979,Butte County,39.67,-121.59999999999992,-1,Outlier/Anomalous,0.0,1.6375,97506.5,1203.4969438001167,0.05582946087876384,0.009410878976096366,189.3403604216253
95981,Butte County,39.67,-121.59999999999992,-1,Outlier/Anomalous,0.0,2.6975,139511.0,1386.5798578413921,0.006809080279931994,0.08916525727326839,168.1976607171651
95982,Butte County,39.67,-121.59999999999992,41,Risk Tier 15,1.0,0.355,448445.25,903.0740119867789,0.01475906221057729,0.0,47.374776471354416
95983,Butte County,39.67,-121.59999999999992,-1,Outlier/Anomalous,0.0,2.025,156091.75,1595.885030827575,0.1823969523999435,0.05346051279003894,166.3561019330995
95984,Butte County,39.67,-121.59999999999992,-1,Outlier/Anomalous,0.0,3.0475,32212.25,2027.517061178043,0.24803280673082742,0.1452034671627116,123.83145915187643
95986,Butte County,39.67,-121.59999999999992,45,Risk Tier 45,1.0,3.14,19721.75,1315.5052822564433,0.0,0.6052631578947368,113.63398399521351
95987,Butte County,39.67,-121.59999999999992,41,Risk Tier 15,0.9510286330263351,0.2175,632827.75,880.9877257624331,0.004021934962730759,0.0,35.260544942917164
95988,Butte County,39.67,-121.59999999999992,41,Risk Tier 15,0.8899632533334446,0.3175,939728.75,893.023823176195,0.1509709151643968,0.0,42.271175851553316
95991,Butte County,39.67,-121.59999999999992,41,Risk Tier 15,0.9436545305804875,0.295,3626462.0,878.4513280370167,0.26745742644609816,0.0,54.47863620177631
95993,Butte County,39.67,-121.59999999999992,41,Risk Tier 15,0.8770284219099207,0.29500000000000004,4870781.0,966.9127089980208,0.18555457862791006,0.0,46.118335764410574
96001,Lassen County,40.72000000000002,-120.63000000000008,12,Risk Tier 35,1.0,0.9349999999999999,6688392.5,1174.6719647302587,7.834884114601321,0.005936379632553502,57.84878694386414
96002,Lassen County,40.72000000000002,-120.63000000000008,41,Risk Tier 15,0.7046942960903018,0.515,4780831.0,1032.6213398975556,0.28901224749035426,0.0009851628488299125,79.1484992665045
96003,Lassen County,40.72000000000002,-120.63000000000008,12,Risk Tier 35,1.0,1.0875,7807179.75,1176.243426660721,5.459887068665355,0.005972914828571241,78.88441920026591
96006,Lassen County,40.72000000000002,-120.63000000000008,-1,Outlier/Anomalous,0.0,1.5225,76221.25,1233.6129785380986,1.3392379890149204,0.006578947368421052,191.32573543736606
96007,Lassen County,40.72000000000002,-120.63000000000008,43,Risk Tier 34,0.8525782182437421,0.91,3371745.5,1033.7998079486697,0.1855739682042026,0.004750213198294864,78.2656652452017
96008,Lassen County,40.72000000000002,-120.63000000000008,42,Risk Tier 41,0.9630126887939203,2.09,376410.75,1738.7829516452273,0.5599820620219763,0.014209556277137525,78.75892351173823
96009,Lassen County,40.72000000000002,-120.63000000000008,43,Risk Tier 34,1.0,1.65,52298.0,1037.3091632876938,0.0,0.0,107.4653991332308
96010,Lassen County,40.72000000000002,-120.63000000000008,45,Risk Tier 45,1.0,2.935,32874.5,1595.374068901725,5.395605908617061,0.3375,119.65350384515683
96011,Lassen County,40.72000000000002,-120.63000000000008,-1,Outlier/Anomalous,0.0,2.55,22053.25,1933.5724013871807,0.0,0.12560870502046972,88.50155384407512
96013,Lassen County,40.72000000000002,-120.63000000000008,43,Risk Tier 34,0.7783853837561513,1.8775,766281.25,1140.1627434981665,0.165104410932772,0.021431828545371637,76.21237342211124
96014,Lassen County,40.72000000000002,-120.63000000000008,43,Risk Tier 34,0.9687378051440775,2.0875,36608.75,1502.6215924509215,0.0,0.016129032258064516,168.6938100651028
96015,Lassen County,40.72000000000002,-120.63000000000008,-1,Outlier/Anomalous,0.0,1.56,20737.5,1080.074226422095,0.0,0.04083333333333333,190.3337384313359
96016,Lassen County,40.72000000000002,-120.63000000000008,-1,Outlier/Anomalous,0.0,2.3075,131426.75,1442.6709368697457,0.0,0.16777090541865963,129.38191659015126
96017,Lassen County,40.72000000000002,-120.63000000000008,43,Risk Tier 34,1.0,2.37,61474.75,1398.8003597886727,0.09317988813728074,0.017246506095747842,174.4179917420715
96019,Lassen County,40.72000000000002,-120.63000000000008,43,Risk Tier 34,1.0,1.3625,1718462.0,950.8219215396548,0.4888299546535564,0.00411666743439364,84.95356145445699
96020,Lassen County,40.72000000000002,-120.63000000000008,42,Risk Tier 41,0.9630126887939203,1.9975,1172922.75,1476.8333001852943,2.7535179760540966,0.009704586178829029,117.15502757530902
96021,Lassen County,40.72000000000002,-120.63000000000008,41,Risk Tier 15,0.6000966378966194,0.49250000000000005,1317193.0,987.5703758543202,0.20302852458740953,0.0013467766209370048,47.34789398695328
96022,Lassen County,40.72000000000002,-120.63000000000008,43,Risk Tier 34,1.0,1.4425,3354801.75,1179.2417477119975,0.3116559732763725,0.004563080841726631,82.48871546571667
96023,Lassen County,40.72000000000002,-120.63000000000008,43,Risk Tier 34,0.8525782182437421,0.915,119062.5,982.402451404664,1.339478235816691,0.0116774056854099,86.28393219022655
96024,Lassen County,40.72000000000002,-120.63000000000008,45,Risk Tier 45,1.0,2.9924999999999997,215593.25,1617.3382150023413,0.0,0.2908143491125642,221.10744122789976
96025,Lassen County,40.72000000000002,-120.63000000000008,42,Risk Tier 41,0.8191346109243741,2.585,475760.5,1187.0795701041582,0.21460324922394158,0.10459474658912002,97.75823147067364
96027,Lassen County,40.72000000000002,-120.63000000000008,43,Risk Tier 34,1.0,1.535,423706.0,1181.0342837729002,0.5679992575141073,0.04209400142453101,125.51287403277027
96028,Lassen County,40.72000000000002,-120.63000000000008,43,Risk Tier 34,1.0,1.51,365346.25,1485.80468111452,0.0,0.04076240355709335,87.85195612113232
96029,Lassen County,40.72000000000002,-120.63000000000008,43,Risk Tier 34,1.0,1.0625,13463.5,1264.7808605368307,0.0,0.08391608391608392,110.70333041191938
96032,Lassen County,40.72000000000002,-120.63000000000008,43,Risk Tier 34,1.0,1.685,423048.75,1308.4390469113368,0.2129685700983384,0.051504402367603785,147.9859266453694
96033,Lassen County,40.72000000000002,-120.63000000000008,11,Risk Tier 39,1.0,2.485,67620.75,1623.2009409147076,16.549336650082918,0.011904761904761904,26.522358965406884
96034,Lassen County,40.72000000000002,-120.63000000000008,-1,Outlier/Anomalous,0.0,1.9125,49166.5,1468.990389090939,0.0,0.044532409698169226,202.59290574546037
96035,Lassen County,40.72000000000002,-120.63000000000008,41,Risk Tier 15,0.7046942960903018,0.27249999999999996,246620.25,936.6049830180207,1.1201829391419178,0.0,68.88254572364943
96037,Lassen County,40.72000000000002,-120.63000000000008,-1,Outlier/Anomalous,0.0,1.1625,61189.75,1338.6446771647443,0.00975905520113882,0.01694915254237288,215.54867904438674
96038,Lassen County,40.72000000000002,-120.63000000000008,41,Risk Tier 15,0.7046942960903018,0.4,74983.0,995.0776720333178,0.0,0.0,48.67892976588629
96039,Lassen County,40.72000000000002,-120.63000000000008,11,Risk Tier 39,0.4679249874155755,2.6925,100390.75,1307.0208874786604,10.8556277603192,0.17889775297855512,30.03862401931201
96040,Lassen County,40.72000000000002,-120.63000000000008,43,Risk Tier 34,1.0,1.96,69345.75,1487.078403877182,0.053954747631019144,0.0,169.47177310532643
96041,Lassen County,40.72000000000002,-120.63000000000008,43,Risk Tier 34,1.0,2.15,350329.25,1260.1810277385478,0.548174475924434,0.02368726219585571,154.50447830638595
96044,Lassen County,40.72000000000002,-120.63000000000008,42,Risk Tier 41,0.7696544717467741,1.605,159336.5,1313.7115509617968,3.278702640642939,0.028782937309105968,127.33938581172997
96046,Lassen County,40.72000000000002,-120.63000000000008,-1,Outlier/Anomalous,0.0,2.68,54645.75,2033.051993353102,0.0,0.20975609756097563,112.66508446181767
96047,Lassen County,40.72000000000002,-120.63000000000008,11,Risk Tier 39,1.0,2.2125,214312.0,1640.747584733051,21.87520882385451,0.026564657273371126,61.798866766645546
96048,Lassen County,40.72000000000002,-120.63000000000008,42,Risk Tier 41,0.7246124666225721,2.315,176620.75,2080.6624048214685,0.6619012928635492,0.061177656865641666,222.6727825947702
96050,Lassen County,40.72000000000002,-120.63000000000008,42,Risk Tier 41,0.9630126887939203,2.59,77391.5,1809.6101376782105,0.0,0.045791245791245785,96.5041519053778
96051,Lassen County,40.72000000000002,-120.63000000000008,42,Risk Tier 41,0.721113882648198,2.5175,471123.75,1804.1553474503035,2.2910960390558,0.041601550503258186,88.67095308793867
96052,Lassen County,40.72000000000002,-120.63000000000008,-1,Outlier/Anomalous,0.0,2.5325,285174.75,1417.5902320714151,0.1375478667275256,0.2329224422962693,188.83788967265872
96054,Lassen County,40.72000000000002,-120.63000000000008,38,Risk Tier 37,1.0,1.58,29772.0,1140.1208862154062,0.025781769793745843,0.0,317.09081836327346
96055,Lassen County,40.72000000000002,-120.63000000000008,41,Risk Tier 15,0.7046942960903018,0.3175,394273.0,1007.2168014944499,0.10432316645566657,0.0,68.17582620387824
96056,Lassen County,40.72000000000002,-120.63000000000008,-1,Outlier/Anomalous,0.0,1.38,242909.0,1353.9329476142811,0.0285900660653576,0.0041841004184100415,151.7649467938624
96057,Lassen County,40.72000000000002,-120.63000000000008,-1,Outlier/Anomalous,0.0,1.8175,448626.25,1392.042396386407,0.16374684644575888,0.013314323158569341,68.40930970043604
96058,Lassen County,40.72000000000002,-120.63000000000008,-1,Outlier/Anomalous,0.0,1.52,49050.0,1086.7890474868968,2.7057792480312046,0.00819672131147541,268.362660846633
96059,Lassen County,40.72000000000002,-120.63000000000008,42,Risk Tier 41,0.9630126887939203,2.3024999999999998,149692.25,1551.1047111349885,0.0010942897108220495,0.006090133982947625,106.79673740862088
96061,Lassen County,40.72000000000002,-120.63000000000008,43,Risk Tier 34,0.7723086874606163,2.65,115478.75,1290.8840467325776,1.5818035796236807,0.01193451619910199,203.79184566750425
96062,Lassen County,40.72000000000002,-120.63000000000008,43,Risk Tier 34,0.767276529539318,1.8275000000000001,351001.0,1718.485877579942,0.01486759196899574,0.009326906286508592,131.78112867474704
96063,Lassen County,40.72000000000002,-120.63000000000008,42,Risk Tier 41,0.9630126887939203,2.565,77516.75,1134.927633059452,0.0,0.009266123054114159,102.29690692594941
96064,Lassen County,40.72000000000002,-120.63000000000008,43,Risk Tier 34,0.8525782182437421,0.9275,705936.5,1175.2158200994531,0.3083014826884568,0.007839635423081661,100.02296983568364
96065,Lassen County,40.72000000000002,-120.63000000000008,42,Risk Tier 41,0.7997478416270213,2.5075,129307.75,1577.2183939010756,0.00370563044723906,0.07000700070007002,168.005657708628
96067,Lassen County,40.72000000000002,-120.63000000000008,42,Risk Tier 41,0.7199275070407035,1.91,1903166.0,1405.5230080559195,0.044861078762511025,0.0182267577514849,104.54661919736668
96068,Lassen County,40.72000000000002,-120.63000000000008,40,Risk Tier 42,0.6556507984116934,2.0,3528.75,1764.375,0.0,0.0,-2.697215777262181
96069,Lassen County,40.72000000000002,-120.63000000000008,42,Risk Tier 41,0.9630126887939203,2.205,290070.25,1884.1955742568211,1.1186525422540805,0.0056980519480519486,77.07321859973926
96070,Lassen County,40.72000000000002,-120.63000000000008,4,Risk Tier 20,1.0,1.5,377.25,823.547619047619,0.0,0.0,-100.0
96071,Lassen County,40.72000000000002,-120.63000000000008,42,Risk Tier 41,0.8909082007369798,2.6875,95107.5,1259.117156997789,0.0,0.08412048428626467,97.67606256074932
96073,Lassen County,40.72000000000002,-120.63000000000008,43,Risk Tier 34,1.0,1.395,1506427.0,1498.4040598652005,0.35067249546773194,0.006905269124093097,105.93937117283846
96074,Lassen County,40.72000000000002,-120.63000000000008,43,Risk Tier 34,0.9940968393216489,1.83,12130.0,1243.9681616832781,0.0,0.0,133.63821138211384
96075,Lassen County,40.72000000000002,-120.63000000000008,-1,Outlier/Anomalous,0.0,2.6774999999999998,37698.75,1611.8755048242174,0.0,0.1317711066307963,65.17966935373684
96076,Lassen County,40.72000000000002,-120.63000000000008,42,Risk Tier 41,0.7763130690382536,2.835,23423.75,1591.904504953376,0.0,0.08888888888888888,72.6878011062868
96078,Lassen County,40.72000000000002,-120.63000000000008,41,Risk Tier 15,0.7046942960903018,0.5075000000000001,5681.5,732.1199928443248,0.0,0.0,82.65673175745118
96080,Lassen County,40.72000000000002,-120.63000000000008,41,Risk Tier 15,0.38212457593473304,0.8525,4166251.25,1092.6663558281455,0.22140252856089537,0.0008835974711084504,68.21963688310574
96084,Lassen County,40.72000000000002,-120.63000000000008,42,Risk Tier 41,0.9630126887939203,2.0875,109021.0,1630.757876983519,0.0,0.05778398816373499,117.93601029530552
96085,Lassen County,40.72000000000002,-120.63000000000008,-1,Outlier/Anomalous,0.0,2.9074999999999998,12031.75,1317.1913847231767,0.0472781217750258,0.12937062937062938,205.64102564102564
96086,Lassen County,40.72000000000002,-120.63000000000008,43,Risk Tier 34,0.9124660152858377,2.5375,62730.5,1681.8710055143504,0.0,0.0,160.80926468536347
96087,Lassen County,40.72000000000002,-120.63000000000008,11,Risk Tier 39,1.0,2.1775,235215.75,1427.2481551644246,34.837504430083136,0.014931730548552829,-15.751481919600552
96088,Lassen County,40.72000000000002,-120.63000000000008,42,Risk Tier 41,0.9630126887939203,2.3449999999999998,1701164.75,1460.5954019391543,0.17769330180413767,0.007316984869306299,79.91240176148804
96089,Lassen County,40.72000000000002,-120.63000000000008,40,Risk Tier 42,0.6556507984116934,1.6325,23759.5,1026.7186275312815,0.2402134887850828,0.024691358024691357,7.281009921630699
96090,Lassen County,40.72000000000002,-120.63000000000008,-1,Outlier/Anomalous,0.0,0.2475,62601.25,838.8807033245132,2.9422691512933503,0.0,76.20583009804567
96091,Lassen County,40.72000000000002,-120.63000000000008,45,Risk Tier 45,1.0,2.92,402905.75,1458.583786187566,4.576197966344396,0.3396735948039641,143.37767309041922
96092,Lassen County,40.72000000000002,-120.63000000000008,26,Risk Tier 14,0.26742559276731015,0.305,28549.75,1394.243266627865,0.0,0.0,165.65535511542828
96093,Lassen County,40.72000000000002,-120.63000000000008,38,Risk Tier 37,1.0,2.14,657065.5,1238.4118773880264,0.15448882157548507,0.054042733675798454,282.3577255724107
96094,Lassen County,40.72000000000002,-120.63000000000008,43,Risk Tier 34,1.0,1.6925,1535349.25,1261.148930540008,0.207025372993605,0.021764392677939517,110.42721783101771
96096,Lassen County,40.72000000000002,-120.63000000000008,42,Risk Tier 41,0.9630126887939203,2.38,267152.0,1769.1534205060389,0.05331071301210379,0.018374557268480817,117.91211930746815
96097,Lassen County,40.72000000000002,-120.63000000000008,43,Risk Tier 34,0.838403745862708,0.9025000000000001,1540236.75,1061.8850458907443,0.17428030562350935,0.025697269683048776,95.97837290295934
96101,Shasta County,40.76,-122.03999999999999,43,Risk Tier 34,0.8525782182437421,0.94,537396.25,984.8962177209291,0.06820139236121486,0.0015286341554559043,77.55779293052055
96103,Shasta County,40.76,-122.03999999999999,42,Risk Tier 41,0.8744995846520434,2.5925,1029545.5,1648.2967146698404,0.0,0.07147161082599875,128.1249670945256
96104,Shasta County,40.76,-122.03999999999999,41,Risk Tier 15,0.7046942960903018,0.835,83017.75,1092.3123807536101,0.5005582013198988,0.0,39.55880898209516
96105,Shasta County,40.76,-122.03999999999999,-1,Outlier/Anomalous,0.0,2.335,101958.0,1725.756289549125,2.883882788814989,0.0732142857142857,195.32550616117192
96106,Shasta County,40.76,-122.03999999999999,42,Risk Tier 41,1.0,2.5475000000000003,390205.5,2597.992515821673,0.0,0.09029717769556383,124.05556523529691
96107,Shasta County,40.76,-122.03999999999999,11,Risk Tier 39,1.0,1.81,113185.25,1248.500824350729,21.433767699513037,0.008533775025205243,116.97355504655383
96108,Shasta County,40.76,-122.03999999999999,38,Risk Tier 37,1.0,1.8175,23371.5,1309.428939452125,0.0763365147166789,0.0,685.272536687631
96109,Shasta County,40.76,-122.03999999999999,-1,Outlier/Anomalous,0.0,1.8875,110601.0,1535.1385162855559,3.027830463387376,0.06037414965986394,205.18972178637108
96110,Shasta County,40.76,-122.03999999999999,-1,Outlier/Anomalous,0.0,1.0325000000000002,19262.0,1129.5257727581522,0.0,0.0,202.88763339610796
96111,Shasta County,40.76,-122.03999999999999,42,Risk Tier 41,0.8744995846520434,2.865,74633.25,2468.8197335793866,0.0,0.023268398268398268,112.41986374324242
96112,Shasta County,40.76,-122.03999999999999,38,Risk Tier 37,1.0,1.8425,16077.75,1011.2017121418676,0.0,0.0,265.7928298143687
96113,Shasta County,40.76,-122.03999999999999,43,Risk Tier 34,1.0,1.4075,89334.25,1152.1414597210214,0.22884552675227937,0.0,83.30584707646177
96114,Shasta County,40.76,-122.03999999999999,42,Risk Tier 41,0.8997040163343635,1.98,842175.0,1675.193153457288,1.7995075652102237,0.10002769029251993,110.10315433923424
96115,Shasta County,40.76,-122.03999999999999,40,Risk Tier 42,0.6556507984116934,1.585,24933.5,1238.6666144336725,0.0,0.0,17.32298107768841
96116,Shasta County,40.76,-122.03999999999999,-1,Outlier/Anomalous,0.0,1.6975,15743.5,1085.3219961293826,0.0,0.0,169.73913043478262
96117,Shasta County,40.76,-122.03999999999999,43,Risk Tier 34,1.0,1.8175,39459.75,1309.3359347680707,0.0,0.04054054054054054,137.16898378020522
96118,Shasta County,40.76,-122.03999999999999,43,Risk Tier 34,1.0,1.3475000000000001,357643.0,1168.6323341800387,0.03083894872586592,0.010742124215932274,113.39162851209687
96119,Shasta County,40.76,-122.03999999999999,38,Risk Tier 37,1.0,1.905,4513.5,1270.0164650537633,0.0,0.0,522.9104477611941
96120,Shasta County,40.76,-122.03999999999999,42,Risk Tier 41,0.9630126887939203,2.5375,395155.75,1848.3782126290942,0.517648885018251,0.07830662683990897,111.19322200815202
96121,Shasta County,40.76,-122.03999999999999,-1,Outlier/Anomalous,0.0,2.2075,85713.75,1869.0134574006165,0.38056571657705873,0.15882360435977944,145.77433628318585
96122,Shasta County,40.76,-122.03999999999999,42,Risk Tier 41,1.0,2.305,859749.25,1356.3676328141569,0.3226711438958861,0.06874060555137429,105.7349633519683
96123,Shasta County,40.76,-122.03999999999999,42,Risk Tier 41,0.8234192332652575,2.125,6319.25,1914.2374240666163,0.0,0.0,46.81684622918707
96124,Shasta County,40.76,-122.03999999999999,42,Risk Tier 41,0.9630126887939203,2.4125,131304.75,1470.8893634551127,0.0,0.018867924528301886,109.46871687316913
96125,Shasta County,40.76,-122.03999999999999,42,Risk Tier 41,0.8744995846520434,2.8025,248030.0,1491.0603611793122,0.022489402469913513,0.04713748607277742,144.63299080016273
96126,Shasta County,40.76,-122.03999999999999,42,Risk Tier 41,0.8744995846520434,2.0775,143556.0,2223.270526817162,0.0,0.033917167086177764,138.39941346957946
96128,Shasta County,40.76,-122.03999999999999,43,Risk Tier 34,1.0,1.07,74104.75,1351.403163265847,0.12233310571541536,0.014495798319327732,120.92882487998331
96129,Shasta County,40.76,-122.03999999999999,-1,Outlier/Anomalous,0.0,1.58,48229.0,1480.193857133328,0.0,0.023306233062330622,231.88937433022835
96130,Shasta County,40.76,-122.03999999999999,43,Risk Tier 34,1.0,1.4125,2659801.0,1186.3136204509465,0.25047235940602747,0.014900809254998041,103.45788742496968
96132,Shasta County,40.76,-122.03999999999999,43,Risk Tier 34,1.0,1.5675,3600.0,1022.2291666666666,0.0,0.0,65.1105651105651
96133,Shasta County,40.76,-122.03999999999999,43,Risk Tier 34,1.0,1.5,20631.25,1116.6877198414663,0.0,0.0,85.7630979498861
96134,Shasta County,40.76,-122.03999999999999,41,Risk Tier 15,0.4357967720356011,0.73,177428.5,1053.4281045998473,0.007831648890453357,0.0026041666666666665,75.99764548408686
96135,Shasta County,40.76,-122.03999999999999,-1,Outlier/Anomalous,0.0,1.7850000000000001,6627.75,2013.475,0.0,0.0,174.24859908303617
96136,Shasta County,40.76,-122.03999999999999,11,Risk Tier 39,1.0,1.4825,6706.5,1734.831617647059,15.759678984037393,0.0,364.9036490364904
96137,Shasta County,40.76,-122.03999999999999,42,Risk Tier 41,0.9630126887939203,2.3375,2322331.5,1569.9837502430569,0.5746425665039179,0.041476819084913914,86.0352406268148
96140,Shasta County,40.76,-122.03999999999999,42,Risk Tier 41,0.8744995846520434,2.2525,1407941.0,2228.745962125226,0.814789151860414,0.053289438989552546,135.96379370160784
96141,Shasta County,40.76,-122.03999999999999,42,Risk Tier 41,0.8744995846520434,2.175,1022979.25,2142.24404268109,0.01573598788958372,0.06640708031178039,161.65685346069912
96142,Shasta County,40.76,-122.03999999999999,42,Risk Tier 41,0.8744995846520434,2.1925,1459893.0,1889.4185791572686,0.5511839069749946,0.050786000368784875,134.7620423828822
96143,Shasta County,40.76,-122.03999999999999,42,Risk Tier 41,0.8909082007369798,2.525,1011416.0,1761.2106812826012,0.04141091757635694,0.07854145773894017,61.55891031113093
96145,Shasta County,40.76,-122.03999999999999,42,Risk Tier 41,1.0,2.5325,3044596.0,2618.4690365950273,0.0012906713184465087,0.08295723252204013,89.13465039672795
96146,Shasta County,40.76,-122.03999999999999,-1,Outlier/Anomalous,0.0,2.88,1125395.5,2929.9400134792586,0.012935365167053934,0.20352460596955568,41.91688725894267
96148,Shasta County,40.76,-122.03999999999999,42,Risk Tier 41,0.8404446642339884,2.2225,603297.25,2012.3618970117152,0.5285444238440646,0.06601929368848335,111.76157398192747
96150,Shasta County,40.76,-122.03999999999999,42,Risk Tier 41,0.8805955967148257,2.125,10939634.75,1512.575488433766,0.19168588817249385,0.02619733184532517,74.8564745970765
96151,Shasta County,40.76,-122.03999999999999,42,Risk Tier 41,0.9266791476041234,1.91,28874.25,1462.5843433532132,0.0,0.044466403162055336,118.77027653329213
96155,Shasta County,40.76,-122.03999999999999,12,Risk Tier 35,1.0,2.0325,28059.5,1435.7192403247254,8.098721347930208,0.0,-20.708012614017836
96158,Shasta County,40.76,-122.03999999999999,40,Risk Tier 42,0.6556507984116934,2.005,10095.75,2407.459388185654,0.0,0.0,9.656213911344052
96160,Shasta County,40.76,-122.03999999999999,44,Risk Tier 44,1.0,2.3475,16427.25,1851.520835209914,0.0,0.24545454545454548,-23.46813725490196
96161,Shasta County,40.76,-122.03999999999999,-1,Outlier/Anomalous,0.0,2.4625,13769973.75,2226.6166056975435,0.05556723117994792,0.10790475439700173,97.60372396103276
96162,Shasta County,40.76,-122.03999999999999,-1,Outlier/Anomalous,0.0,2.3025,100884.25,4934.502611109918,0.0,0.0,27.13228230773577
